,Criterion,Max Depth,Min Sample Leaf,Max Features,Boot Size,T Acc,V Acc,V Pred,V Rec,V F1
0,entropy,8,8,sqrt,622,0.8264669163545568,0.8454545454545455,0.8478468899521531,0.8454545454545453,0.8440722743784498
0,gini,9,6,0.33,730,0.8801498127340824,0.8454545454545455,0.8460451127970274,0.8454545454545453,0.8456714807210831
0,gini,12,12,0.33,790,0.8264669163545568,0.8393939393939394,0.8429366459027476,0.8393939393939395,0.8405877436166654
0,entropy,8,6,0.33,593,0.8514357053682896,0.8303030303030303,0.8328514739229025,0.8303030303030304,0.8300601604949431
0,entropy,8,6,0.33,593,0.8514357053682896,0.8303030303030303,0.8328514739229025,0.8303030303030304,0.8300601604949431
0,gini,5,11,0.33,753,0.8227215980024969,0.8303030303030303,0.8384798246426476,0.8303030303030304,0.8304638031861261
0,gini,5,4,0.33,744,0.8514357053682896,0.8272727272727273,0.833033993,0.8272727272727273,0.8288937983451108
0,entropy,10,6,log2,658,0.8302122347066168,0.8272727272727273,0.8265762837775096,0.8272727272727273,0.8229612836123651
0,gini,15,9,0.33,721,0.8614232209737828,0.8272727272727273,0.8254122001694816,0.8272727272727272,0.8257955869422023
0,gini,10,4,log2,781,0.8439450686641697,0.8272727272727273,0.82581574,0.8272727272727273,0.8250478854140182
0,gini,10,4,log2,781,0.8439450686641697,0.8272727272727273,0.82581574,0.8272727272727273,0.8250478854140182
0,gini,13,11,sqrt,568,0.8177278401997503,0.8242424242424242,0.8230427618358652,0.8242424242424242,0.8232401761390266
0,entropy,11,2,0.33,729,0.9101123595505618,0.8242424242424242,0.8221023527861407,0.8242424242424242,0.8215752113977889
0,entropy,11,7,0.33,757,0.8227215980024969,0.8212121212121212,0.8195140413482309,0.8212121212121212,0.8198144857777653
0,gini,10,9,0.33,546,0.8302122347066168,0.8212121212121212,0.8193365597902803,0.8212121212121213,0.8194163506110409
0,gini,3,8,sqrt,571,0.784019975,0.8212121212121212,0.8236262721190069,0.8212121212121212,0.8221215383335488
0,gini,13,12,0.33,748,0.8127340823970037,0.8212121212121212,0.8200380727003446,0.8212121212121212,0.820043453
0,gini,9,5,0.33,674,0.8689138576779026,0.8212121212121212,0.8231506693896075,0.8212121212121213,0.8218571448528283
0,gini,7,2,0.33,707,0.8863920099875156,0.8212121212121212,0.824984127,0.8212121212121212,0.821166639
0,gini,10,9,0.33,546,0.8302122347066168,0.8212121212121212,0.8193365597902803,0.8212121212121213,0.8194163506110409
0,entropy,11,10,log2,633,0.8339575530586767,0.8212121212121212,0.8237336859925811,0.8212121212121213,0.8172377073718854
0,entropy,11,10,log2,633,0.8339575530586767,0.8212121212121212,0.8237336859925811,0.8212121212121213,0.8172377073718854
0,entropy,7,3,0.33,643,0.8639200998751561,0.8181818181818182,0.8184017350684017,0.8181818181818182,0.8182572958611815
0,gini,13,10,log2,674,0.8227215980024969,0.8181818181818182,0.8232989599124839,0.8181818181818182,0.819701668
0,entropy,15,6,0.33,752,0.8776529338327091,0.8181818181818182,0.8200759000907992,0.8181818181818182,0.8189257959604216
0,gini,12,10,log2,674,0.8227215980024969,0.8181818181818182,0.8232989599124839,0.8181818181818182,0.819701668
0,entropy,13,13,0.33,626,0.8227215980024969,0.8151515151515152,0.817926732,0.8151515151515153,0.8160539203936495
0,entropy,8,11,0.33,651,0.8339575530586767,0.8151515151515152,0.8142105331515034,0.8151515151515151,0.8098740659475308
0,entropy,13,12,0.33,725,0.8689138576779026,0.8151515151515152,0.8156323547627896,0.8151515151515151,0.8114388732451226
0,gini,4,7,0.33,790,0.8039950062421972,0.8151515151515152,0.813448035,0.8151515151515151,0.8140701182082851
0,entropy,15,1,0.33,761,0.9263420724094882,0.8151515151515152,0.8128887576413812,0.8151515151515151,0.8130043800840262
0,gini,15,7,log2,723,0.836454432,0.8121212121212121,0.8151505066473034,0.812121212,0.8126884649805239
0,gini,15,7,log2,723,0.836454432,0.8121212121212121,0.8151505066473034,0.812121212,0.8126884649805239
0,entropy,12,8,log2,597,0.81897628,0.8121212121212121,0.8142574559653767,0.8121212121212121,0.8123882071519711
0,gini,13,6,0.33,777,0.8589263420724095,0.8121212121212121,0.810193587,0.8121212121212121,0.8086741725065059
0,entropy,12,4,sqrt,575,0.8426966292134831,0.8121212121212121,0.817970522,0.8121212121212121,0.8136089266524049
0,gini,6,13,0.33,680,0.8214731585518102,0.8121212121212121,0.8173511417966369,0.8121212121212121,0.8074955200834415
0,gini,15,7,0.33,799,0.8439450686641697,0.8121212121212121,0.8172235315092458,0.8121212121212121,0.8131688572865045
0,entropy,8,12,0.33,527,0.8177278401997503,0.8121212121212121,0.8104895615419666,0.8121212121212121,0.810625392
0,gini,9,6,0.33,463,0.832709114,0.8121212121212121,0.8111455108359132,0.8121212121212121,0.8110961365678347
0,gini,9,6,0.33,463,0.832709114,0.8121212121212121,0.8111455108359132,0.8121212121212121,0.8110961365678347
0,entropy,14,5,log2,726,0.8526841448189763,0.8121212121212121,0.8114235437764848,0.8121212121212121,0.8086185111402674
0,entropy,14,5,log2,726,0.8526841448189763,0.8121212121212121,0.8114235437764848,0.8121212121212121,0.8086185111402674
0,entropy,12,6,sqrt,771,0.8626716604244694,0.8121212121212121,0.8105474605744437,0.8121212121212121,0.8105417864464411
0,entropy,15,10,sqrt,761,0.8451935081148564,0.8121212121212121,0.814045836,0.8121212121212121,0.8127628068116731
0,gini,10,10,0.33,696,0.8164794007490637,0.8121212121212121,0.8152219786101761,0.8121212121212121,0.8100944081336238
0,gini,7,4,0.33,739,0.8489388264669163,0.8121212121212121,0.8094298245614034,0.8121212121212121,0.8090215381213692
0,gini,9,9,0.33,528,0.846441948,0.8121212121212121,0.8111938955151512,0.8121212121212121,0.8115166550056201
0,entropy,8,9,0.33,752,0.850187266,0.8121212121212121,0.8180894262523467,0.8121212121212121,0.8133447730634432
0,entropy,8,9,0.33,752,0.850187266,0.8121212121212121,0.8180894262523467,0.8121212121212121,0.8133447730634432
0,entropy,10,14,log2,749,0.8114856429463171,0.8121212121212121,0.8187137834453221,0.8121212121212121,0.8139524298500506
0,entropy,10,14,log2,749,0.8114856429463171,0.8121212121212121,0.8187137834453221,0.8121212121212121,0.8139524298500506
0,gini,7,8,sqrt,655,0.8314606741573034,0.8090909090909091,0.8086663578215036,0.8090909090909091,0.8070486682872003
0,gini,11,5,sqrt,526,0.8314606741573034,0.8090909090909091,0.811774183,0.8090909090909091,0.8081242210996121
0,entropy,12,5,0.33,409,0.8139825218476904,0.8090909090909091,0.8144318503525151,0.8090909090909091,0.8107940572729305
0,entropy,12,5,0.33,409,0.8139825218476904,0.8090909090909091,0.8144318503525151,0.8090909090909091,0.8107940572729305
0,entropy,13,9,0.33,592,0.8214731585518102,0.8090909090909091,0.812382298,0.8090909090909091,0.8101804426754674
0,gini,4,7,0.33,700,0.815230961,0.8090909090909091,0.8103301565690947,0.8090909090909091,0.809396086
0,gini,14,6,0.33,756,0.8514357053682896,0.8090909090909091,0.808946609,0.8090909090909091,0.8089721915409989
0,entropy,9,3,0.33,650,0.8689138576779026,0.8090909090909091,0.8078415274155639,0.8090909090909091,0.8078897899402158
0,entropy,9,3,0.33,650,0.8689138576779026,0.8090909090909091,0.8078415274155639,0.8090909090909091,0.8078897899402158
0,gini,12,9,0.33,539,0.8164794007490637,0.8090909090909091,0.8078550759585242,0.8090909090909091,0.8080796384989587
0,gini,6,11,sqrt,726,0.8077403245942572,0.8090909090909091,0.8065325125048095,0.8090909090909091,0.804701577
0,gini,6,11,sqrt,726,0.8077403245942572,0.8090909090909091,0.8065325125048095,0.8090909090909091,0.804701577
0,entropy,10,1,0.33,676,0.9338327091136079,0.8090909090909091,0.8075210548894759,0.8090909090909091,0.8080773364802093
0,entropy,10,1,0.33,676,0.9338327091136079,0.8090909090909091,0.8075210548894759,0.8090909090909091,0.8080773364802093
0,gini,10,1,0.33,544,0.9101123595505618,0.8090909090909091,0.8088314558902794,0.8090909090909091,0.8083393917146918
0,gini,9,8,sqrt,667,0.8352059925093633,0.8090909090909091,0.8111598152774624,0.8090909090909091,0.8090601238815983
0,entropy,11,10,0.33,598,0.8476903870162297,0.8090909090909091,0.8105962185962187,0.8090909090909091,0.8054135885047873
0,entropy,13,5,sqrt,495,0.8027465667915106,0.7909090909090909,0.7902442480977302,0.790909091,0.7869383088793546
0,entropy,5,1,log2,603,0.8177278401997503,0.7909090909090909,0.7944351892092006,0.7909090909090909,0.792139685
0,entropy,14,8,0.33,467,0.8064918851435705,0.7909090909090909,0.7927914814986864,0.7909090909090909,0.7877876860482026
0,entropy,14,8,0.33,467,0.8064918851435705,0.7909090909090909,0.7927914814986864,0.7909090909090909,0.7877876860482026
0,entropy,6,14,0.33,776,0.8114856429463171,0.7909090909090909,0.7882139983909896,0.790909091,0.7877822904162753
0,gini,11,2,0.33,609,0.8926342072409488,0.7909090909090909,0.7966698564593302,0.790909091,0.7911874321837996
0,gini,9,9,sqrt,408,0.8264669163545568,0.7909090909090909,0.7954123815285339,0.7909090909090909,0.7922461019806152
0,entropy,12,10,0.33,707,0.8514357053682896,0.7909090909090909,0.7908110540786245,0.7909090909090909,0.790781717
0,entropy,7,2,sqrt,409,0.836454432,0.7909090909090909,0.7899600399600399,0.7909090909090909,0.7856492856492857
0,gini,5,2,sqrt,726,0.832709114,0.7909090909090909,0.7892769640717492,0.790909091,0.7875834574459049
0,gini,5,2,sqrt,726,0.832709114,0.7909090909090909,0.7892769640717492,0.790909091,0.7875834574459049
0,gini,6,7,sqrt,775,0.8102372034956304,0.7909090909090909,0.7900148145475248,0.7909090909090909,0.7903889877324413
0,gini,3,14,sqrt,787,0.7652933832709113,0.7909090909090909,0.7897078436275735,0.790909091,0.7853047573544468
0,gini,9,3,0.33,772,0.885143571,0.7909090909090909,0.788611997,0.790909091,0.7891988665907518
0,entropy,14,13,log2,743,0.762796504,0.7909090909090909,0.7885558978906889,0.790909091,0.7875239792886851
0,entropy,14,14,0.33,592,0.8239700374531835,0.7909090909090909,0.7923699821805852,0.7909090909090909,0.7915427549450404
0,gini,9,10,log2,545,0.7765293383270911,0.7909090909090909,0.7925760346812979,0.790909091,0.7915098239653643
0,gini,13,12,0.33,713,0.8214731585518102,0.7909090909090909,0.7908177879714579,0.7909090909090909,0.7886472630250804
0,entropy,5,7,0.33,748,0.8114856429463171,0.7909090909090909,0.7988105352591335,0.7909090909090909,0.7843204850069839
0,entropy,8,4,sqrt,655,0.8526841448189763,0.7909090909090909,0.788614105,0.7909090909090909,0.7887251080548224
0,gini,8,2,0.33,766,0.8801498127340824,0.7909090909090909,0.7914877751163737,0.790909091,0.7908489730021304
0,gini,13,13,log2,439,0.7640449438202247,0.7909090909090909,0.7918803418803418,0.7909090909090909,0.7831362827358251
0,entropy,7,1,log2,501,0.8401997503121099,0.7909090909090909,0.7876247623303255,0.790909091,0.7878363510245986
0,entropy,7,1,log2,501,0.8401997503121099,0.7909090909090909,0.7876247623303255,0.790909091,0.7878363510245986
0,gini,9,6,log2,638,0.836454432,0.7909090909090909,0.788730722,0.790909091,0.7892698174882179
0,entropy,3,11,sqrt,633,0.7965043695380774,0.7909090909090909,0.7894419862340216,0.790909091,0.7899755632157343
0,gini,7,9,0.33,582,0.8439450686641697,0.7909090909090909,0.7899412631859327,0.790909091,0.7881056167085988
0,entropy,13,6,0.33,684,0.8813982521847691,0.7909090909090909,0.7874153871867141,0.7909090909090909,0.7877667598949064
0,entropy,13,6,0.33,684,0.8813982521847691,0.7909090909090909,0.7874153871867141,0.7909090909090909,0.7877667598949064
0,gini,4,1,log2,711,0.7940074906367042,0.7909090909090909,0.7890840287894187,0.7909090909090909,0.7895341366171552
0,gini,4,1,log2,711,0.7940074906367042,0.7909090909090909,0.7890840287894187,0.7909090909090909,0.7895341366171552
0,gini,11,3,0.33,442,0.8476903870162297,0.7909090909090909,0.7898902911272345,0.7909090909090909,0.7897364584906467
0,gini,9,13,0.33,562,0.8202247191011236,0.7909090909090909,0.7902590954229485,0.790909091,0.7904160654160653
0,entropy,9,14,log2,769,0.7802746566791511,0.7909090909090909,0.7885420417887951,0.790909091,0.788295854
0,entropy,13,11,0.33,746,0.8414481897627965,0.7909090909090909,0.789046452,0.7909090909090909,0.7883145298179004
0,gini,11,3,0.33,452,0.8564294631710362,0.7909090909090909,0.7892520215633424,0.7909090909090909,0.7899566232899566
0,entropy,14,8,0.33,632,0.8227215980024969,0.7909090909090909,0.7915714446088278,0.790909091,0.7911637057747115
0,entropy,14,8,0.33,632,0.8227215980024969,0.7909090909090909,0.7915714446088278,0.790909091,0.7911637057747115
0,entropy,6,8,sqrt,530,0.8139825218476904,0.7909090909090909,0.7996075893140429,0.790909091,0.7935876824800895
0,entropy,6,8,sqrt,530,0.8139825218476904,0.7909090909090909,0.7996075893140429,0.790909091,0.7935876824800895
0,entropy,14,9,log2,523,0.7890137328339576,0.7909090909090909,0.7943488156866678,0.790909091,0.7872585815379168
0,entropy,14,9,log2,523,0.7890137328339576,0.7909090909090909,0.7943488156866678,0.790909091,0.7872585815379168
0,gini,6,14,0.33,513,0.8002496878901373,0.7909090909090909,0.7926169348098252,0.7909090909090909,0.7907133644683798
0,entropy,13,12,0.33,552,0.8214731585518102,0.7909090909090909,0.7889235218427765,0.790909091,0.7887213373997515
0,entropy,13,12,0.33,552,0.8214731585518102,0.7909090909090909,0.7889235218427765,0.790909091,0.7887213373997515
0,entropy,4,5,0.33,631,0.8052434456928839,0.7909090909090909,0.7899433291953049,0.790909091,0.7894613038867829
0,gini,6,12,0.33,756,0.8264669163545568,0.7909090909090909,0.791484935,0.7909090909090909,0.7908909897692339
0,entropy,6,5,0.33,486,0.832709114,0.7909090909090909,0.7896939908038686,0.790909091,0.7896337419305498
0,entropy,6,8,log2,633,0.8302122347066168,0.7909090909090909,0.7903523685701903,0.7909090909090909,0.7874489469400919
0,gini,4,8,0.33,747,0.8052434456928839,0.7909090909090909,0.7891060299693177,0.7909090909090909,0.7886072393878872
0,entropy,15,8,0.33,718,0.8489388264669163,0.7909090909090909,0.7909851730686185,0.7909090909090909,0.7895747655255144
0,entropy,6,3,sqrt,580,0.8352059925093633,0.7909090909090909,0.798180158,0.7909090909090909,0.792958893
0,entropy,6,3,sqrt,580,0.8352059925093633,0.7909090909090909,0.798180158,0.7909090909090909,0.792958893
0,gini,13,3,sqrt,791,0.8888888888888888,0.7909090909090909,0.795015213,0.7909090909090909,0.7922090867594423
0,entropy,14,10,0.33,537,0.8352059925093633,0.7909090909090909,0.7895244831720519,0.790909091,0.7900075004188647
0,entropy,11,3,0.33,745,0.8863920099875156,0.7909090909090909,0.7914581247914582,0.7909090909090909,0.7911494873178629
0,entropy,6,12,sqrt,513,0.7902621722846442,0.7909090909090909,0.7898858978619696,0.7909090909090909,0.7896612600684101
0,gini,13,11,0.33,665,0.8227215980024969,0.7909090909090909,0.7926116308299028,0.7909090909090909,0.7915423642820903
0,gini,13,7,0.33,777,0.8526841448189763,0.7909090909090909,0.7899150016725968,0.790909091,0.788906942
0,entropy,12,5,0.33,642,0.8589263420724095,0.7878787878787878,0.7848721200303621,0.787878788,0.7853386353504361
0,gini,8,14,0.33,798,0.8252184769038702,0.7878787878787878,0.7939075492203097,0.787878788,0.7897289924687185
0,entropy,5,7,0.33,486,0.8014981273408239,0.7878787878787878,0.7854271540661052,0.787878788,0.7812927812927812
0,gini,3,9,log2,757,0.7752808988764045,0.7878787878787878,0.7881361294404773,0.787878788,0.7876513346771731
0,gini,3,9,log2,757,0.7752808988764045,0.7878787878787878,0.7881361294404773,0.787878788,0.7876513346771731
0,entropy,13,4,0.33,641,0.850187266,0.7878787878787878,0.7857242146232973,0.787878788,0.7856055664274842
0,entropy,13,3,sqrt,669,0.885143571,0.7878787878787878,0.7883731211317418,0.7878787878787877,0.7877126237146087
0,entropy,13,3,sqrt,669,0.885143571,0.7878787878787878,0.7883731211317418,0.7878787878787877,0.7877126237146087
0,gini,4,1,0.33,717,0.8002496878901373,0.7878787878787878,0.7869062300745165,0.787878788,0.786190943
0,entropy,12,7,0.33,758,0.8489388264669163,0.7878787878787878,0.7896642693067718,0.787878788,0.7886002886002886
0,entropy,5,9,log2,742,0.8077403245942572,0.7878787878787878,0.7923545802856147,0.787878788,0.7890426074124258
0,entropy,8,1,log2,501,0.8714107365792759,0.7878787878787878,0.7849426807760141,0.787878788,0.7840192051143857
0,gini,12,8,0.33,622,0.8252184769038702,0.7878787878787878,0.7882425875308341,0.7878787878787877,0.7879839187952133
0,gini,14,8,0.33,695,0.8339575530586767,0.7878787878787878,0.7911465924718167,0.787878788,0.7858715133505153
0,entropy,5,3,log2,741,0.832709114,0.7878787878787878,0.7891788009969828,0.7878787878787877,0.7825723787557523
0,entropy,11,5,0.33,522,0.8114856429463171,0.7878787878787878,0.7889329805996473,0.7878787878787877,0.7883626746012068
0,entropy,11,5,0.33,522,0.8114856429463171,0.7878787878787878,0.7889329805996473,0.7878787878787877,0.7883626746012068
0,gini,13,10,sqrt,687,0.797752809,0.7878787878787878,0.7872363351335313,0.787878788,0.7874836072179526
0,gini,13,10,sqrt,687,0.797752809,0.7878787878787878,0.7872363351335313,0.787878788,0.7874836072179526
0,gini,9,6,0.33,642,0.8564294631710362,0.7878787878787878,0.7901999756703474,0.787878788,0.7885647015208349
0,entropy,11,7,0.33,402,0.8127340823970037,0.7878787878787878,0.7854845611274449,0.7878787878787877,0.784095154
0,entropy,14,7,log2,565,0.8289637952559301,0.7878787878787878,0.7858009365362305,0.787878788,0.7857813100286094
0,entropy,14,7,log2,565,0.8289637952559301,0.7878787878787878,0.7858009365362305,0.787878788,0.7857813100286094
0,entropy,6,9,log2,746,0.8039950062421972,0.7878787878787878,0.7849810561061163,0.7878787878787877,0.7838814735953257
0,gini,7,3,0.33,689,0.8551810237203495,0.7878787878787878,0.7858882839282114,0.787878788,0.7860689703610059
0,entropy,9,13,0.33,755,0.836454432,0.7878787878787878,0.7844122445892358,0.787878788,0.782732861
0,entropy,11,8,sqrt,470,0.7927590511860175,0.7878787878787878,0.7986383963912053,0.787878788,0.7882563900447436
0,gini,6,8,log2,484,0.8002496878901373,0.7878787878787878,0.7851636774757181,0.787878788,0.7820530452685187
0,entropy,6,10,sqrt,578,0.8014981273408239,0.7878787878787878,0.7926365480578065,0.7878787878787877,0.7887416819011994
0,entropy,6,8,log2,676,0.7815230961298377,0.7878787878787878,0.7903053839187383,0.7878787878787877,0.7888719769998308
0,gini,12,6,0.33,612,0.8252184769038702,0.7878787878787878,0.7857921929833881,0.787878788,0.7855765025635001
0,entropy,6,12,sqrt,491,0.8052434456928839,0.7878787878787878,0.7861728963005558,0.7878787878787877,0.7844784613245189
0,entropy,11,14,0.33,652,0.8264669163545568,0.7878787878787878,0.7915042750536271,0.787878788,0.7890022368671823
0,entropy,12,3,log2,538,0.8564294631710362,0.7878787878787878,0.7887811627316578,0.7878787878787877,0.7865658171546578
0,entropy,12,3,log2,538,0.8564294631710362,0.7878787878787878,0.7887811627316578,0.7878787878787877,0.7865658171546578
0,gini,3,6,log2,620,0.7553058676654182,0.7878787878787878,0.7869796832595353,0.787878788,0.7867832646765799
0,gini,14,10,sqrt,457,0.7790262172284644,0.7878787878787878,0.7864698937062248,0.787878788,0.7839727923920315
0,entropy,6,8,log2,606,0.7952559300873908,0.7878787878787878,0.7851919528873497,0.7878787878787877,0.7852825825097547
0,entropy,13,2,0.33,670,0.8863920099875156,0.7878787878787878,0.7839285714285714,0.787878788,0.7845887693713781
0,gini,10,5,sqrt,467,0.8114856429463171,0.7878787878787878,0.7991153192046049,0.7878787878787877,0.7909502765879896
0,gini,10,5,sqrt,467,0.8114856429463171,0.7878787878787878,0.7991153192046049,0.7878787878787877,0.7909502765879896
0,gini,5,6,sqrt,650,0.7777777777777778,0.7878787878787878,0.7900575072283709,0.787878788,0.7871697007202784
0,gini,5,6,sqrt,650,0.7777777777777778,0.7878787878787878,0.7900575072283709,0.787878788,0.7871697007202784
0,entropy,9,9,0.33,516,0.8239700374531835,0.7878787878787878,0.7844231791600214,0.787878788,0.7841898954703833
0,entropy,12,1,0.33,570,0.8838951310861424,0.7878787878787878,0.787811988,0.7878787878787877,0.7876086588871978
0,entropy,8,9,log2,485,0.8002496878901373,0.7878787878787878,0.7856811333904806,0.787878788,0.7860022340382707
0,entropy,8,9,log2,485,0.8002496878901373,0.7878787878787878,0.7856811333904806,0.787878788,0.7860022340382707
0,gini,9,1,sqrt,501,0.8751560549313359,0.7878787878787878,0.7900094910964476,0.787878788,0.788608061
0,gini,4,1,0.33,743,0.797752809,0.7878787878787878,0.7914357949556424,0.787878788,0.7886455395946772
0,gini,11,4,sqrt,469,0.836454432,0.7878787878787878,0.7929517263652971,0.787878788,0.789464001
0,entropy,8,11,0.33,577,0.8127340823970037,0.7878787878787878,0.7876231605688546,0.787878788,0.7842316086152873
0,entropy,8,11,0.33,577,0.8127340823970037,0.7878787878787878,0.7876231605688546,0.787878788,0.7842316086152873
0,gini,14,12,0.33,718,0.8264669163545568,0.7878787878787878,0.797131867,0.787878788,0.7903643175490022
0,entropy,11,4,log2,787,0.8589263420724095,0.7878787878787878,0.7905797101449276,0.7878787878787877,0.7883597883597884
0,entropy,10,4,0.33,759,0.8714107365792759,0.7878787878787878,0.7975103370613535,0.787878788,0.7904121958131038
0,gini,8,2,sqrt,623,0.8626716604244694,0.7848484848484848,0.790410081,0.7848484848484848,0.7864394074611852
0,gini,8,2,sqrt,623,0.8626716604244694,0.7848484848484848,0.790410081,0.7848484848484848,0.7864394074611852
0,gini,11,7,log2,498,0.7790262172284644,0.7848484848484848,0.7881741167097863,0.7848484848484848,0.7842393547714631
0,gini,11,7,0.33,693,0.836454432,0.7848484848484848,0.7842160387524296,0.7848484848484848,0.7838634608247319
0,entropy,11,13,log2,672,0.787765293,0.7848484848484848,0.7846759585578621,0.7848484848484848,0.7835942412023599
0,gini,6,6,0.33,443,0.8214731585518102,0.7848484848484848,0.7874290984175175,0.7848484848484848,0.7758701924704581
0,gini,7,11,sqrt,788,0.8039950062421972,0.7848484848484848,0.7858080808080808,0.7848484848484848,0.784189723
0,entropy,14,1,0.33,731,0.9213483146067416,0.7848484848484848,0.7843482905982907,0.7848484848484848,0.7813570557219046
0,entropy,14,2,0.33,452,0.8664169787765293,0.7848484848484848,0.7907931056626422,0.7848484848484848,0.7866380408633781
0,gini,8,5,0.33,642,0.8389513108614233,0.7848484848484848,0.7902190425719837,0.7848484848484848,0.7865080149179815
0,entropy,15,7,log2,760,0.8214731585518102,0.7848484848484848,0.7818894961752104,0.7848484848484848,0.781943547
0,entropy,14,9,sqrt,523,0.8302122347066168,0.7848484848484848,0.7867608581894295,0.7848484848484848,0.7832557537752699
0,gini,9,9,sqrt,652,0.8277153558052435,0.7848484848484848,0.7860507379621456,0.7848484848484848,0.7829148327120681
0,entropy,15,4,log2,656,0.8389513108614233,0.7848484848484848,0.788375593,0.7848484848484848,0.7828691510509692
0,entropy,15,4,log2,656,0.8389513108614233,0.7848484848484848,0.788375593,0.7848484848484848,0.7828691510509692
0,gini,8,14,0.33,524,0.7752808988764045,0.7848484848484848,0.7860398860398861,0.7848484848484848,0.7758014031369415
0,gini,6,13,sqrt,771,0.7802746566791511,0.7848484848484848,0.7837740600827487,0.7848484848484848,0.7835724790378339
0,gini,6,13,sqrt,771,0.7802746566791511,0.7848484848484848,0.7837740600827487,0.7848484848484848,0.7835724790378339
0,entropy,6,13,sqrt,800,0.787765293,0.7848484848484848,0.7820455113778445,0.7848484848484848,0.7785515841416463
0,gini,7,1,sqrt,774,0.8514357053682896,0.7848484848484848,0.7898033173207649,0.7848484848484848,0.7866339662764688
0,entropy,10,1,0.33,774,0.9138576779026217,0.7848484848484848,0.7888072212064424,0.7848484848484848,0.7852563957675976
0,entropy,13,2,0.33,655,0.898876404,0.7848484848484848,0.7841445902476281,0.7848484848484848,0.7826002114268938
0,gini,12,9,0.33,775,0.81897628,0.7848484848484848,0.7852815923117215,0.7848484848484848,0.7836823871122854
0,entropy,11,9,0.33,618,0.8302122347066168,0.7848484848484848,0.7828893867728818,0.7848484848484848,0.7833467766954149
0,entropy,15,5,0.33,619,0.8414481897627965,0.7848484848484848,0.7842274725391608,0.7848484848484848,0.7830894595600477
0,entropy,6,7,0.33,657,0.8277153558052435,0.7848484848484848,0.7832864531349243,0.7848484848484848,0.7832405685476425
0,entropy,8,5,0.33,707,0.8664169787765293,0.7848484848484848,0.7857935627081022,0.7848484848484848,0.7846903299494613
0,entropy,6,10,sqrt,619,0.7815230961298377,0.7848484848484848,0.7945369791164184,0.7848484848484848,0.7849668265040086
0,entropy,10,3,0.33,602,0.8614232209737828,0.7848484848484848,0.7930061640587956,0.7848484848484848,0.7864302443929416
0,gini,14,6,log2,799,0.8252184769038702,0.7848484848484848,0.7848814138058325,0.7848484848484848,0.7818930826462963
0,entropy,15,3,log2,694,0.8626716604244694,0.7848484848484848,0.7854597562930895,0.7848484848484848,0.7851114667628428
0,entropy,7,5,0.33,620,0.8401997503121099,0.7848484848484848,0.7866097766540244,0.7848484848484848,0.7855134308361965
0,entropy,7,4,0.33,535,0.8377028714107366,0.7848484848484848,0.7822964423253255,0.7848484848484848,0.781423379
0,entropy,13,5,log2,626,0.8439450686641697,0.7848484848484848,0.7839015486074309,0.7848484848484848,0.7837741440444262
0,entropy,6,5,0.33,537,0.8476903870162297,0.7848484848484848,0.7843181682939445,0.7848484848484848,0.7825795285453224
0,gini,9,13,0.33,524,0.7852684144818977,0.7848484848484848,0.7855475040257649,0.7848484848484848,0.7765763615387676
0,gini,5,5,sqrt,563,0.8202247191011236,0.7848484848484848,0.78131997,0.7848484848484848,0.7809110714993067
0,gini,5,5,sqrt,563,0.8202247191011236,0.7848484848484848,0.78131997,0.7848484848484848,0.7809110714993067
0,entropy,13,1,sqrt,764,0.9325842696629213,0.7848484848484848,0.7872030651340997,0.7848484848484848,0.7851682118275037
0,gini,13,12,sqrt,445,0.8027465667915106,0.7848484848484848,0.782261209,0.7848484848484848,0.7799313962873285
0,gini,13,12,sqrt,445,0.8027465667915106,0.7848484848484848,0.782261209,0.7848484848484848,0.7799313962873285
0,entropy,15,9,log2,629,0.8177278401997503,0.7848484848484848,0.7844867858965752,0.7848484848484848,0.7841329379964038
0,gini,14,7,sqrt,732,0.8377028714107366,0.7848484848484848,0.7901105651105652,0.7848484848484848,0.7862847701049344
0,gini,14,7,sqrt,732,0.8377028714107366,0.7848484848484848,0.7901105651105652,0.7848484848484848,0.7862847701049344
0,entropy,15,5,0.33,490,0.8314606741573034,0.7848484848484848,0.7838965467470139,0.7848484848484848,0.7843001998599721
0,entropy,8,3,0.33,544,0.8601747815230961,0.7848484848484848,0.7831459199658801,0.7848484848484848,0.7810587148458435
0,entropy,15,2,0.33,797,0.9088639200998752,0.7848484848484848,0.7823884335154827,0.7848484848484848,0.7817823682403527
0,entropy,8,2,log2,664,0.8551810237203495,0.7848484848484848,0.7846379585326954,0.7848484848484848,0.7824094604582409
0,gini,11,3,0.33,710,0.8876404494382022,0.7848484848484848,0.786970249,0.7848484848484848,0.7845364888547426
0,gini,8,9,log2,720,0.7790262172284644,0.7848484848484848,0.7905050505050505,0.7848484848484848,0.7865989083380388
0,gini,7,8,0.33,674,0.8539325842696629,0.7848484848484848,0.7843555374523219,0.7848484848484848,0.7840864351426203
0,gini,6,12,log2,732,0.8202247191011236,0.7848484848484848,0.7847382270211415,0.7848484848484848,0.7839328945466472
0,entropy,13,1,0.33,653,0.916354557,0.7848484848484848,0.796098237,0.7848484848484848,0.7877954987082308
0,gini,5,3,0.33,687,0.846441948,0.7848484848484848,0.7902421652421653,0.7848484848484848,0.7857947336156138
0,entropy,7,3,sqrt,403,0.8089887640449438,0.7818181818181819,0.7814585208092196,0.7818181818181819,0.7730522546808238
0,gini,11,6,0.33,631,0.8514357053682896,0.7818181818181819,0.778751686,0.7818181818181819,0.7781852106458104
0,gini,11,6,0.33,631,0.8514357053682896,0.7818181818181819,0.778751686,0.7818181818181819,0.7781852106458104
0,entropy,11,4,log2,596,0.8476903870162297,0.7818181818181819,0.7845372050816697,0.7818181818181819,0.7823114201432787
0,entropy,6,13,0.33,481,0.8039950062421972,0.7818181818181819,0.779185599,0.7818181818181817,0.7774656516395188
0,entropy,15,9,0.33,687,0.836454432,0.7818181818181819,0.7830156569094622,0.7818181818181817,0.782113072
0,entropy,6,2,0.33,611,0.8389513108614233,0.7818181818181819,0.7862715039254726,0.7818181818181819,0.7832590973978735
0,entropy,14,12,log2,794,0.7802746566791511,0.7818181818181819,0.7828135974153673,0.7818181818181817,0.7821058726888322
0,entropy,10,13,0.33,654,0.8127340823970037,0.7818181818181819,0.7788501142593885,0.7818181818181817,0.778422579
0,entropy,10,13,0.33,654,0.8127340823970037,0.7818181818181819,0.7788501142593885,0.7818181818181817,0.778422579
0,gini,14,7,sqrt,741,0.8414481897627965,0.7818181818181819,0.7801193689351584,0.7818181818181817,0.7806740318422561
0,gini,3,9,log2,766,0.762796504,0.7818181818181819,0.793209877,0.7818181818181817,0.773021844
0,gini,3,9,log2,766,0.762796504,0.7818181818181819,0.793209877,0.7818181818181817,0.773021844
0,entropy,12,12,0.33,797,0.8451935081148564,0.7818181818181819,0.779734459,0.7818181818181819,0.7774933458750537
0,gini,9,5,0.33,632,0.8302122347066168,0.7818181818181819,0.7876050420168067,0.7818181818181817,0.7814708496628308
0,entropy,8,8,0.33,455,0.832709114,0.7818181818181819,0.7837762928850562,0.7818181818181817,0.7826056048015207
0,entropy,15,6,log2,513,0.8576779026217228,0.7818181818181819,0.7847369651977759,0.7818181818181819,0.7827229226010849
0,gini,14,14,log2,457,0.8014981273408239,0.7818181818181819,0.7843975900592453,0.7818181818181817,0.7829192131293344
0,entropy,13,12,log2,557,0.8077403245942572,0.7818181818181819,0.7801963396453834,0.7818181818181819,0.7782996344926142
0,entropy,13,12,log2,557,0.8077403245942572,0.7818181818181819,0.7801963396453834,0.7818181818181819,0.7782996344926142
0,gini,15,9,sqrt,478,0.7765293383270911,0.7818181818181819,0.778144009,0.7818181818181819,0.7790245883771734
0,entropy,13,13,0.33,467,0.7902621722846442,0.7818181818181819,0.7839988790808462,0.7818181818181819,0.7736895736528898
0,gini,8,8,log2,607,0.8002496878901373,0.7818181818181819,0.7834038888386714,0.7818181818181819,0.7822874407371384
0,entropy,6,6,sqrt,514,0.7752808988764045,0.7818181818181819,0.7798181350812929,0.7818181818181817,0.7805299458336842
0,entropy,3,2,0.33,739,0.7677902621722846,0.7818181818181819,0.7791982571208811,0.7818181818181819,0.7774145969104934
0,entropy,3,2,0.33,739,0.7677902621722846,0.7818181818181819,0.7791982571208811,0.7818181818181819,0.7774145969104934
0,entropy,12,2,sqrt,714,0.8651685393258427,0.7818181818181819,0.7779671332927571,0.7818181818181817,0.7782526115859448
0,gini,5,9,log2,487,0.7503121098626716,0.7818181818181819,0.7923545271126824,0.7818181818181819,0.7847961625265129
0,gini,15,1,log2,563,0.8764044943820225,0.7818181818181819,0.7880531074218305,0.7818181818181819,0.7836518162660756
0,gini,15,1,log2,563,0.8764044943820225,0.7818181818181819,0.7880531074218305,0.7818181818181819,0.7836518162660756
0,entropy,14,1,0.33,651,0.8901373283395755,0.7818181818181819,0.7826834862385321,0.7818181818181817,0.7822205767411247
0,entropy,14,1,0.33,651,0.8901373283395755,0.7818181818181819,0.7826834862385321,0.7818181818181817,0.7822205767411247
0,gini,15,1,0.33,725,0.8913857677902621,0.7818181818181819,0.7779377237620713,0.7818181818181817,0.7786567345161938
0,entropy,9,8,sqrt,674,0.832709114,0.7818181818181819,0.7816816816816816,0.7818181818181819,0.7815139204161091
0,gini,6,9,sqrt,527,0.7952559300873908,0.7818181818181819,0.7837905958499904,0.7818181818181817,0.7810759736616765
0,entropy,8,2,0.33,787,0.8951310861423221,0.7818181818181819,0.781853959,0.7818181818181817,0.7816295168884692
0,entropy,14,10,sqrt,506,0.7940074906367042,0.7818181818181819,0.7814840871545529,0.7818181818181817,0.776586219
0,entropy,12,6,0.33,599,0.8589263420724095,0.7818181818181819,0.7881156803470167,0.7818181818181819,0.7834343792787878
0,gini,14,10,0.33,752,0.8339575530586767,0.7818181818181819,0.7782110979694332,0.7818181818181819,0.7783663299419663
0,gini,7,6,log2,641,0.7927590511860175,0.7818181818181819,0.7807888662491259,0.7818181818181817,0.7812096915091273
0,gini,15,6,0.33,484,0.836454432,0.7818181818181819,0.7783285400357718,0.7818181818181819,0.7790380985755302
0,entropy,4,14,log2,704,0.7815230961298377,0.7818181818181819,0.7818181818181817,0.7818181818181817,0.7818181818181817
0,entropy,12,6,0.33,511,0.832709114,0.7818181818181819,0.7803144053144053,0.7818181818181819,0.7798835973556663
0,entropy,10,6,sqrt,633,0.8277153558052435,0.7818181818181819,0.7818011463844797,0.7818181818181819,0.77948061
0,entropy,14,11,log2,792,0.8064918851435705,0.7818181818181819,0.7832361669754899,0.7818181818181819,0.7821879905261401
0,gini,11,11,0.33,713,0.8277153558052435,0.7818181818181819,0.7836799273192027,0.7818181818181817,0.7794782381891996
0,gini,10,4,0.33,778,0.8801498127340824,0.7818181818181819,0.7801727696659277,0.7818181818181819,0.7787190088491568
0,gini,9,1,0.33,628,0.9051186017478152,0.7818181818181819,0.7804870768366343,0.7818181818181819,0.7809530878255458
0,entropy,15,9,log2,739,0.8289637952559301,0.7818181818181819,0.7870809090714938,0.7818181818181819,0.7825102786389265
0,gini,4,6,sqrt,743,0.7690387016229713,0.7818181818181819,0.7809878549821662,0.7818181818181819,0.7811996598974996
0,gini,15,6,log2,632,0.8314606741573034,0.7818181818181819,0.7809739835721895,0.7818181818181819,0.7801734178333614
0,gini,7,7,log2,490,0.7802746566791511,0.7818181818181819,0.7798180688032174,0.7818181818181819,0.780117884
0,entropy,15,1,0.33,649,0.9051186017478152,0.7818181818181819,0.788075154,0.7818181818181819,0.7838725303796404
0,entropy,4,5,0.33,789,0.787765293,0.7818181818181819,0.7789174244036938,0.7818181818181819,0.7788811623087311
0,gini,14,1,0.33,456,0.8863920099875156,0.7818181818181819,0.7866954474097332,0.7818181818181819,0.7815783034996889
0,gini,7,1,0.33,709,0.8888888888888888,0.7818181818181819,0.7791736239543415,0.7818181818181819,0.7766977891831234
0,entropy,15,12,0.33,535,0.8039950062421972,0.7818181818181819,0.7825132825132824,0.7818181818181819,0.7815114498706396
0,entropy,10,6,log2,761,0.8339575530586767,0.7818181818181819,0.7823693282026616,0.7818181818181819,0.7820523609514435
0,entropy,10,6,log2,761,0.8339575530586767,0.7818181818181819,0.7823693282026616,0.7818181818181819,0.7820523609514435
0,entropy,14,2,0.33,485,0.867665418,0.7818181818181819,0.781412002,0.7818181818181817,0.7811053013880036
0,gini,8,13,0.33,517,0.8064918851435705,0.7818181818181819,0.7795460095208605,0.7818181818181817,0.7800392437122294
0,gini,8,13,0.33,517,0.8064918851435705,0.7818181818181819,0.7795460095208605,0.7818181818181817,0.7800392437122294
0,gini,15,8,sqrt,554,0.81897628,0.7818181818181819,0.783781484,0.7818181818181819,0.7824902560663846
0,entropy,4,4,sqrt,633,0.7815230961298377,0.7818181818181819,0.7822202916068596,0.7818181818181819,0.776145906
0,entropy,4,4,sqrt,633,0.7815230961298377,0.7818181818181819,0.7822202916068596,0.7818181818181819,0.776145906
0,entropy,15,11,sqrt,667,0.7965043695380774,0.7818181818181819,0.7831382343795452,0.7818181818181819,0.7823132114798782
0,entropy,8,12,0.33,616,0.8252184769038702,0.7818181818181819,0.7886466241706384,0.7818181818181819,0.7842524014161264
0,entropy,4,7,log2,603,0.7740324594257179,0.7818181818181819,0.784977285,0.7818181818181819,0.7827871889022741
0,entropy,7,5,0.33,789,0.8789013732833958,0.7818181818181819,0.7857641886127643,0.7818181818181817,0.7827194158633376
0,entropy,11,7,0.33,606,0.81897628,0.7818181818181819,0.7919287516244936,0.7818181818181819,0.784733153
0,gini,9,10,sqrt,754,0.8264669163545568,0.7787878787878788,0.7796872956915433,0.7787878787878788,0.7767442129714838
0,gini,11,4,sqrt,661,0.8539325842696629,0.7787878787878788,0.7800820634064024,0.7787878787878788,0.7786255320253589
0,gini,13,10,sqrt,644,0.7852684144818977,0.7787878787878788,0.7824439586101503,0.7787878787878788,0.7795526661469546
0,entropy,11,9,0.33,413,0.7990012484394506,0.7787878787878788,0.7774595191704553,0.7787878787878788,0.7771070869662419
0,entropy,7,7,log2,433,0.784019975,0.7787878787878788,0.7873031507694647,0.7787878787878787,0.7796127404036705
0,gini,8,9,sqrt,772,0.8289637952559301,0.7787878787878788,0.7857852759651264,0.7787878787878788,0.7812261791366573
0,entropy,7,11,0.33,446,0.8102372034956304,0.7787878787878788,0.7780893042575285,0.7787878787878788,0.7782366969345366
0,entropy,7,11,0.33,446,0.8102372034956304,0.7787878787878788,0.7780893042575285,0.7787878787878788,0.7782366969345366
0,entropy,14,1,0.33,752,0.9151061173533084,0.7787878787878788,0.7896669154094896,0.7787878787878788,0.7813009743229249
0,entropy,10,1,0.33,456,0.8726591760299626,0.7787878787878788,0.7780604592131072,0.7787878787878788,0.7782226042894881
0,gini,2,3,0.33,714,0.7465667915106118,0.7787878787878788,0.7856958716348171,0.7787878787878788,0.769435816
0,gini,11,9,sqrt,651,0.8177278401997503,0.7787878787878788,0.7819422293106504,0.7787878787878788,0.7793283644634212
0,gini,13,9,sqrt,731,0.8027465667915106,0.7787878787878788,0.7793302499557712,0.7787878787878787,0.7778054517780545
0,entropy,2,13,0.33,713,0.7465667915106118,0.7787878787878788,0.7856958716348171,0.7787878787878788,0.769435816
0,entropy,6,11,log2,690,0.7915106117353309,0.7787878787878788,0.7786909399114327,0.7787878787878788,0.7739103077939227
0,entropy,15,4,0.33,716,0.8826466916354557,0.7787878787878788,0.7769846119799722,0.7787878787878788,0.7773714013531258
0,gini,7,11,0.33,554,0.7890137328339576,0.7787878787878788,0.7777764827764827,0.7787878787878788,0.7740942401172975
0,gini,7,11,0.33,554,0.7890137328339576,0.7787878787878788,0.7777764827764827,0.7787878787878788,0.7740942401172975
0,entropy,10,8,0.33,577,0.8214731585518102,0.7787878787878788,0.7868653641679958,0.7787878787878788,0.7778573550632375
0,gini,12,12,sqrt,579,0.7890137328339576,0.7787878787878788,0.7786019423119908,0.7787878787878788,0.778617869
0,gini,12,12,sqrt,579,0.7890137328339576,0.7787878787878788,0.7786019423119908,0.7787878787878788,0.778617869
0,entropy,11,10,0.33,532,0.815230961,0.7787878787878788,0.7809788710829846,0.7787878787878788,0.7762111811153641
0,gini,15,4,log2,778,0.8514357053682896,0.7787878787878788,0.7822014424498898,0.7787878787878788,0.7792317105312699
0,gini,3,6,sqrt,674,0.7565543071161048,0.7787878787878788,0.7842732594125241,0.7787878787878788,0.7804571974303274
0,gini,12,10,sqrt,447,0.8052434456928839,0.7787878787878788,0.7936197783461211,0.7787878787878788,0.7696437021424772
0,gini,3,2,sqrt,674,0.7615480649188514,0.7787878787878788,0.7842732594125241,0.7787878787878788,0.7804571974303274
0,gini,3,2,sqrt,674,0.7615480649188514,0.7787878787878788,0.7842732594125241,0.7787878787878788,0.7804571974303274
0,gini,13,7,0.33,512,0.8077403245942572,0.7787878787878788,0.7835918998598425,0.7787878787878788,0.7790276457959385
0,gini,13,7,0.33,512,0.8077403245942572,0.7787878787878788,0.7835918998598425,0.7787878787878788,0.7790276457959385
0,gini,6,2,0.33,711,0.8576779026217228,0.7787878787878788,0.7882849574537719,0.7787878787878788,0.7809555279251348
0,gini,10,11,sqrt,409,0.7752808988764045,0.7787878787878788,0.7776709411469737,0.7787878787878788,0.7765828461923538
0,entropy,13,10,sqrt,691,0.815230961,0.7787878787878788,0.7788688729363251,0.7787878787878788,0.7786242759903607
0,gini,6,13,sqrt,462,0.7727840199750312,0.7787878787878788,0.7819749880083641,0.7787878787878787,0.7685171106846654
0,gini,6,13,sqrt,462,0.7727840199750312,0.7787878787878788,0.7819749880083641,0.7787878787878787,0.7685171106846654
0,entropy,4,4,0.33,639,0.7690387016229713,0.7787878787878788,0.7849190099190099,0.7787878787878787,0.7806608700672505
0,gini,6,8,0.33,478,0.8002496878901373,0.7787878787878788,0.7783267522086558,0.7787878787878788,0.7773926908147629
0,gini,6,8,0.33,478,0.8002496878901373,0.7787878787878788,0.7783267522086558,0.7787878787878788,0.7773926908147629
0,entropy,11,7,0.33,408,0.7915106117353309,0.7787878787878788,0.7807780669622776,0.7787878787878788,0.7794739833291234
0,entropy,5,6,0.33,447,0.8002496878901373,0.7787878787878788,0.7768260873943825,0.7787878787878788,0.7771408223245363
0,gini,14,5,log2,487,0.8377028714107366,0.7787878787878788,0.776226285,0.7787878787878788,0.7758967424281825
0,entropy,12,5,0.33,774,0.850187266,0.7787878787878788,0.7777325820804082,0.7787878787878788,0.7779365951988272
0,entropy,7,14,log2,564,0.7415730337078652,0.7787878787878788,0.7749884968832337,0.7787878787878788,0.7736279972982101
0,entropy,14,6,log2,766,0.8426966292134831,0.7787878787878788,0.7786973056939311,0.7787878787878788,0.7762804158520967
0,gini,15,10,sqrt,699,0.8252184769038702,0.7787878787878788,0.7818935787868129,0.7787878787878788,0.7797449601881093
0,entropy,10,3,0.33,570,0.850187266,0.7787878787878788,0.78142933,0.7787878787878788,0.7781834643002771
0,gini,5,5,sqrt,678,0.8177278401997503,0.7787878787878788,0.7839710311319655,0.7787878787878787,0.776359787
0,gini,13,13,0.33,419,0.8164794007490637,0.7787878787878788,0.7831955536873569,0.7787878787878787,0.7776946449080234
0,entropy,3,12,0.33,561,0.7578027465667915,0.7787878787878788,0.7822799835183737,0.7787878787878788,0.7711068007591418
0,gini,11,1,0.33,574,0.9063670411985019,0.7787878787878788,0.7881946943949649,0.7787878787878788,0.7811020064276347
0,gini,11,1,0.33,574,0.9063670411985019,0.7787878787878788,0.7881946943949649,0.7787878787878788,0.7811020064276347
0,entropy,9,13,sqrt,530,0.762796504,0.7787878787878788,0.7769733140422795,0.7787878787878788,0.7775081891614851
0,entropy,15,5,0.33,523,0.8439450686641697,0.7787878787878788,0.7813663877760929,0.7787878787878788,0.7795251211953133
0,gini,10,9,0.33,638,0.8202247191011236,0.7787878787878788,0.7757376982337036,0.7787878787878788,0.7751418951418952
0,entropy,11,8,log2,660,0.8014981273408239,0.7787878787878788,0.7792698334036917,0.7787878787878788,0.776650866
0,gini,6,4,0.33,768,0.8314606741573034,0.7787878787878788,0.7786424202708607,0.7787878787878788,0.7786827923814226
0,entropy,15,4,0.33,729,0.8439450686641697,0.7787878787878788,0.7812221594830291,0.7787878787878788,0.7797400360191058
0,entropy,15,4,0.33,729,0.8439450686641697,0.7787878787878788,0.7812221594830291,0.7787878787878788,0.7797400360191058
0,entropy,15,14,0.33,513,0.8027465667915106,0.7787878787878788,0.7763464793375103,0.7787878787878788,0.7752275015230082
0,gini,12,8,0.33,760,0.8177278401997503,0.7757575757575758,0.7835899868632317,0.7757575757575758,0.7782311766617885
0,gini,8,8,sqrt,735,0.8052434456928839,0.7757575757575758,0.784944685,0.7757575757575758,0.7783748528162776
0,entropy,13,3,0.33,719,0.8838951310861424,0.7757575757575758,0.7773548715872503,0.7757575757575758,0.7758331516829043
0,gini,11,4,0.33,668,0.8377028714107366,0.7757575757575758,0.7790157579886757,0.7757575757575759,0.7733855843971081
0,gini,11,4,0.33,668,0.8377028714107366,0.7757575757575758,0.7790157579886757,0.7757575757575759,0.7733855843971081
0,gini,12,3,log2,752,0.8439450686641697,0.7757575757575758,0.7762274275432169,0.7757575757575758,0.7756783819867933
0,entropy,6,6,sqrt,767,0.8202247191011236,0.7757575757575758,0.7797900266435255,0.7757575757575758,0.7769903338403624
0,entropy,13,9,0.33,737,0.8476903870162297,0.7757575757575758,0.7736528286528287,0.7757575757575758,0.772680209
0,gini,14,9,0.33,570,0.8089887640449438,0.7757575757575758,0.7807369690486574,0.7757575757575758,0.7767959165017988
0,gini,9,13,0.33,466,0.7915106117353309,0.7757575757575758,0.7734848484848484,0.7757575757575758,0.7695439240893786
0,entropy,14,13,sqrt,550,0.7815230961298377,0.7757575757575758,0.7803740834939296,0.7757575757575758,0.7774363250796025
0,gini,6,12,sqrt,603,0.8227215980024969,0.7757575757575758,0.7759887761565896,0.7757575757575758,0.7750373374337104
0,gini,7,14,0.33,460,0.7902621722846442,0.7757575757575758,0.7720734490910574,0.7757575757575758,0.7718182206831687
0,entropy,10,14,0.33,464,0.8039950062421972,0.7757575757575758,0.7762893447829541,0.7757575757575758,0.7686539780521263
0,gini,6,8,log2,657,0.8064918851435705,0.7757575757575758,0.7759830669435189,0.7757575757575758,0.7752967975398785
0,gini,14,3,log2,578,0.8377028714107366,0.7757575757575758,0.7756928139804232,0.7757575757575758,0.7739234292714768
0,entropy,10,14,0.33,737,0.8252184769038702,0.7757575757575758,0.7774247782596421,0.7757575757575758,0.7764487190759942
0,gini,9,10,0.33,674,0.8239700374531835,0.7757575757575758,0.7772904483430799,0.7757575757575758,0.7764034512887724
0,entropy,15,14,0.33,694,0.8089887640449438,0.7757575757575758,0.7789400100079712,0.7757575757575758,0.7768403147940282
0,gini,6,1,0.33,644,0.8426966292134831,0.7757575757575758,0.7794127970369159,0.7757575757575758,0.7764463135008332
0,gini,6,1,0.33,644,0.8426966292134831,0.7757575757575758,0.7794127970369159,0.7757575757575758,0.7764463135008332
0,gini,15,12,log2,720,0.7715355805243446,0.7757575757575758,0.7819301889866406,0.7757575757575758,0.7767978515551331
0,gini,15,12,log2,720,0.7715355805243446,0.7757575757575758,0.7819301889866406,0.7757575757575758,0.7767978515551331
0,entropy,7,1,0.33,491,0.8551810237203495,0.7757575757575758,0.7727080167610628,0.7757575757575759,0.7715965493181817
0,entropy,7,1,0.33,491,0.8551810237203495,0.7757575757575758,0.7727080167610628,0.7757575757575759,0.7715965493181817
0,gini,6,14,0.33,646,0.7790262172284644,0.7757575757575758,0.7829525541496016,0.7757575757575758,0.7771385119024604
0,entropy,11,14,log2,698,0.7790262172284644,0.7757575757575758,0.7809793347635267,0.7757575757575758,0.7775621994805303
0,entropy,11,14,log2,698,0.7790262172284644,0.7757575757575758,0.7809793347635267,0.7757575757575758,0.7775621994805303
0,gini,4,10,sqrt,707,0.7602996254681648,0.7757575757575758,0.7882057109156347,0.7757575757575758,0.77699907
0,entropy,12,1,0.33,640,0.898876404,0.7757575757575758,0.7789653665958634,0.7757575757575758,0.7770425856959249
0,entropy,12,12,sqrt,445,0.7990012484394506,0.7757575757575758,0.7724245253657017,0.7757575757575758,0.768785548
0,entropy,14,8,0.33,494,0.7927590511860175,0.7757575757575758,0.7733308202341825,0.7757575757575758,0.7735690235690237
0,entropy,6,5,log2,588,0.8127340823970037,0.7757575757575758,0.7748317279285123,0.7757575757575759,0.7747841095612249
0,entropy,6,5,log2,588,0.8127340823970037,0.7757575757575758,0.7748317279285123,0.7757575757575759,0.7747841095612249
0,gini,8,2,0.33,458,0.836454432,0.7757575757575758,0.7719285159285159,0.7757575757575758,0.7697669670113197
0,gini,4,14,sqrt,472,0.7740324594257179,0.7757575757575758,0.7759309469408479,0.7757575757575758,0.7740352087434742
0,entropy,10,4,sqrt,679,0.8589263420724095,0.7757575757575758,0.7803176316398118,0.7757575757575758,0.7772770886012293
0,gini,12,7,0.33,786,0.832709114,0.7757575757575758,0.7742252456538171,0.7757575757575758,0.7738209897460999
0,gini,12,7,0.33,786,0.832709114,0.7757575757575758,0.7742252456538171,0.7757575757575758,0.7738209897460999
0,gini,8,3,0.33,692,0.846441948,0.7757575757575758,0.7750862663906143,0.7757575757575758,0.7751421188630491
0,gini,7,2,0.33,544,0.8526841448189763,0.7757575757575758,0.7828948647500934,0.7757575757575758,0.7766717367556906
0,entropy,13,5,0.33,762,0.8564294631710362,0.7757575757575758,0.783514319,0.7757575757575758,0.7781329846578386
0,gini,13,7,0.33,438,0.8102372034956304,0.7757575757575758,0.7747988803576087,0.7757575757575758,0.774603938
0,entropy,15,6,0.33,644,0.8564294631710362,0.7757575757575758,0.782310382,0.7757575757575758,0.7770017673929822
0,gini,11,6,0.33,437,0.8202247191011236,0.7757575757575758,0.774337631,0.7757575757575758,0.7729337481999834
0,gini,11,6,0.33,437,0.8202247191011236,0.7757575757575758,0.774337631,0.7757575757575758,0.7729337481999834
0,gini,4,12,log2,711,0.7852684144818977,0.7757575757575758,0.773367616,0.7757575757575758,0.7724488856070559
0,gini,4,12,log2,711,0.7852684144818977,0.7757575757575758,0.773367616,0.7757575757575758,0.7724488856070559
0,gini,5,3,0.33,760,0.8264669163545568,0.7757575757575758,0.7923947728109294,0.7757575757575758,0.7780026223848197
0,entropy,5,1,log2,597,0.8039950062421972,0.7757575757575758,0.7831618030389725,0.7757575757575758,0.7775855350323435
0,gini,6,10,sqrt,572,0.7952559300873908,0.7757575757575758,0.781547619,0.7757575757575758,0.7772866511996946
0,entropy,6,7,sqrt,675,0.8214731585518102,0.7757575757575758,0.7759634530276731,0.7757575757575758,0.7758503650526213
0,gini,3,6,log2,560,0.7490636704119851,0.7757575757575758,0.7741832057621533,0.7757575757575759,0.774756718
0,entropy,6,13,0.33,483,0.7952559300873908,0.7757575757575758,0.7750505900275119,0.7757575757575759,0.7742804954112091
0,entropy,6,13,0.33,483,0.7952559300873908,0.7757575757575758,0.7750505900275119,0.7757575757575759,0.7742804954112091
0,gini,10,10,log2,649,0.7890137328339576,0.7757575757575758,0.7760053286369075,0.7757575757575758,0.7756457234056414
0,entropy,14,4,log2,687,0.8352059925093633,0.7757575757575758,0.7799201916848976,0.7757575757575758,0.7772179285964752
0,gini,11,1,0.33,407,0.867665418,0.7757575757575758,0.7734471446236152,0.7757575757575758,0.7736655786488821
0,entropy,9,7,0.33,741,0.8414481897627965,0.7757575757575758,0.773076054,0.7757575757575758,0.7738180263186102
0,gini,8,2,sqrt,401,0.8202247191011236,0.7757575757575758,0.7745718703869393,0.7757575757575758,0.7750686798133636
0,gini,8,2,sqrt,401,0.8202247191011236,0.7757575757575758,0.7745718703869393,0.7757575757575758,0.7750686798133636
0,gini,14,5,log2,586,0.8264669163545568,0.7757575757575758,0.7775039390009657,0.7757575757575758,0.775996764
0,gini,14,7,0.33,761,0.8426966292134831,0.7757575757575758,0.7736038647342994,0.7757575757575758,0.7712371946414501
0,gini,8,4,sqrt,545,0.8264669163545568,0.7757575757575758,0.7751509448757155,0.7757575757575758,0.774975211
0,gini,8,1,0.33,787,0.8951310861423221,0.7757575757575758,0.7770180436847104,0.7757575757575758,0.7759667678306635
0,gini,13,13,0.33,635,0.7927590511860175,0.7757575757575758,0.7721920626657742,0.7757575757575758,0.7727365959149695
0,gini,7,1,log2,751,0.8451935081148564,0.7757575757575758,0.7760549023636784,0.7757575757575758,0.7751649380545388
0,gini,7,1,log2,751,0.8451935081148564,0.7757575757575758,0.7760549023636784,0.7757575757575758,0.7751649380545388
0,gini,7,12,sqrt,563,0.8114856429463171,0.7727272727272727,0.7765128205128206,0.7727272727272726,0.7635566417481311
0,entropy,4,11,0.33,598,0.7852684144818977,0.7727272727272727,0.7830512129929322,0.7727272727272728,0.7626386843914196
0,gini,13,3,sqrt,697,0.8626716604244694,0.7727272727272727,0.7786899935433095,0.7727272727272728,0.7747459816845087
0,gini,13,3,sqrt,697,0.8626716604244694,0.7727272727272727,0.7786899935433095,0.7727272727272728,0.7747459816845087
0,gini,3,8,log2,602,0.7490636704119851,0.7727272727272727,0.7849323304423467,0.7727272727272728,0.7762430095809698
0,gini,11,11,log2,420,0.8027465667915106,0.7727272727272727,0.7701197438039543,0.7727272727272728,0.7679176755447942
0,gini,10,9,0.33,541,0.8339575530586767,0.7727272727272727,0.7712751640780745,0.7727272727272728,0.7716779702057691
0,gini,3,6,sqrt,581,0.7540574282147315,0.7727272727272727,0.8025735997512795,0.7727272727272728,0.765953462
0,gini,12,5,0.33,461,0.8214731585518102,0.7727272727272727,0.7769651678864634,0.7727272727272728,0.7740663572321753
0,gini,12,5,0.33,461,0.8214731585518102,0.7727272727272727,0.7769651678864634,0.7727272727272728,0.7740663572321753
0,gini,15,1,sqrt,649,0.9001248439450686,0.7727272727272727,0.771514971,0.7727272727272728,0.7709173210586049
0,entropy,14,9,0.33,537,0.8252184769038702,0.7727272727272727,0.7731754705525198,0.7727272727272726,0.7715854938411092
0,gini,4,10,log2,692,0.7415730337078652,0.7727272727272727,0.7822801713277904,0.7727272727272728,0.764120326
0,entropy,6,4,0.33,544,0.8264669163545568,0.7727272727272727,0.7772658080158968,0.7727272727272728,0.7735158752713792
0,gini,10,2,0.33,492,0.8739076154806492,0.7727272727272727,0.7737803886919493,0.7727272727272728,0.7710219940277542
0,entropy,5,6,0.33,690,0.8014981273408239,0.7727272727272727,0.7721842840919456,0.7727272727272728,0.7723784900391673
0,gini,15,7,0.33,775,0.8239700374531835,0.7727272727272727,0.7706638456638456,0.7727272727272728,0.7705503004197309
0,gini,8,8,sqrt,673,0.8127340823970037,0.7727272727272727,0.7782911151520278,0.7727272727272728,0.7748901620435454
0,entropy,7,10,log2,769,0.8039950062421972,0.7727272727272727,0.7704907303500131,0.7727272727272726,0.7676069341079518
0,entropy,7,10,log2,769,0.8039950062421972,0.7727272727272727,0.7704907303500131,0.7727272727272726,0.7676069341079518
0,entropy,8,5,log2,550,0.81897628,0.7727272727272727,0.7864010989010989,0.7727272727272728,0.7746496496496497
0,entropy,8,5,log2,550,0.81897628,0.7727272727272727,0.7864010989010989,0.7727272727272728,0.7746496496496497
0,gini,8,9,sqrt,628,0.7952559300873908,0.7727272727272727,0.7786616978760598,0.7727272727272726,0.7742003384837887
0,entropy,9,2,sqrt,606,0.8352059925093633,0.7727272727272727,0.7721459785289572,0.7727272727272728,0.769814798
0,entropy,9,2,sqrt,606,0.8352059925093633,0.7727272727272727,0.7721459785289572,0.7727272727272728,0.769814798
0,gini,7,6,log2,723,0.8252184769038702,0.7727272727272727,0.7721320735339426,0.7727272727272728,0.7681304412166231
0,gini,13,6,sqrt,604,0.8239700374531835,0.7727272727272727,0.7735163683276891,0.7727272727272728,0.772320295
0,entropy,15,7,log2,739,0.8089887640449438,0.7727272727272727,0.775373846,0.7727272727272728,0.7716424072234688
0,gini,4,12,log2,679,0.762796504,0.7727272727272727,0.776571081,0.7727272727272728,0.7721004074294093
0,gini,4,12,log2,679,0.762796504,0.7727272727272727,0.776571081,0.7727272727272728,0.7721004074294093
0,entropy,15,12,sqrt,524,0.784019975,0.7727272727272727,0.7776859504132232,0.7727272727272728,0.7739576213260424
0,entropy,15,12,sqrt,524,0.784019975,0.7727272727272727,0.7776859504132232,0.7727272727272728,0.7739576213260424
0,entropy,12,14,log2,772,0.7752808988764045,0.7727272727272727,0.7722696495423769,0.7727272727272728,0.7715404110970292
0,entropy,11,4,0.33,785,0.8751560549313359,0.7727272727272727,0.7760503315365046,0.7727272727272726,0.7724647297481555
0,entropy,7,12,log2,795,0.8127340823970037,0.7727272727272727,0.7729711900712849,0.7727272727272728,0.7726525646265214
0,entropy,9,8,sqrt,441,0.7865168539325843,0.7727272727272727,0.7737237237237237,0.7727272727272728,0.766425587
0,gini,7,5,0.33,558,0.8339575530586767,0.7727272727272727,0.7753656736750142,0.7727272727272726,0.7735888405800644
0,entropy,15,4,log2,550,0.8252184769038702,0.7727272727272727,0.7721619392093407,0.7727272727272728,0.7717611931577267
0,entropy,15,4,log2,550,0.8252184769038702,0.7727272727272727,0.7721619392093407,0.7727272727272728,0.7717611931577267
0,entropy,4,11,0.33,431,0.7827715355805244,0.7727272727272727,0.7685691915727896,0.7727272727272728,0.76371202
0,entropy,3,11,0.33,708,0.762796504,0.7727272727272727,0.7739014968614196,0.7727272727272726,0.7681004190390288
0,gini,7,4,sqrt,458,0.8027465667915106,0.7727272727272727,0.7732069767110198,0.7727272727272728,0.7708544594137815
0,gini,15,7,log2,443,0.7790262172284644,0.7727272727272727,0.7800047130906093,0.7727272727272726,0.7734263784032195
0,entropy,14,2,log2,672,0.8913857677902621,0.7727272727272727,0.7742252429194245,0.7727272727272728,0.7730672149488861
0,entropy,13,9,0.33,499,0.8039950062421972,0.7727272727272727,0.7790892531876138,0.7727272727272728,0.7746546451544871
0,entropy,13,9,0.33,499,0.8039950062421972,0.7727272727272727,0.7790892531876138,0.7727272727272728,0.7746546451544871
0,entropy,14,4,sqrt,559,0.8289637952559301,0.7727272727272727,0.7766158315177923,0.7727272727272728,0.773830256
0,gini,12,1,sqrt,763,0.9088639200998752,0.7727272727272727,0.7715872584267399,0.7727272727272728,0.771505522
0,entropy,13,1,sqrt,575,0.8976279650436954,0.7727272727272727,0.7706942464224018,0.7727272727272728,0.771207139
0,gini,6,2,0.33,667,0.8377028714107366,0.7727272727272727,0.7791950113378685,0.7727272727272728,0.7745902256771823
0,entropy,7,13,log2,425,0.7790262172284644,0.7727272727272727,0.7772014988928633,0.7727272727272728,0.771005833
0,entropy,14,6,log2,794,0.8476903870162297,0.7727272727272727,0.7703188507091902,0.7727272727272728,0.770144928
0,entropy,14,6,log2,794,0.8476903870162297,0.7727272727272727,0.7703188507091902,0.7727272727272728,0.770144928
0,gini,8,7,sqrt,693,0.8202247191011236,0.7727272727272727,0.7809178743961352,0.7727272727272728,0.7738654781071812
0,gini,8,12,0.33,764,0.8414481897627965,0.7727272727272727,0.7725127344888877,0.7727272727272728,0.7710410853379281
0,entropy,15,5,0.33,501,0.8177278401997503,0.7727272727272727,0.7756941718995289,0.7727272727272728,0.7715589111273552
0,entropy,15,4,sqrt,505,0.8239700374531835,0.7727272727272727,0.7720984418232124,0.7727272727272728,0.7716034682178061
0,gini,3,7,0.33,430,0.7727840199750312,0.7727272727272727,0.777866383,0.7727272727272728,0.7742303922601859
0,entropy,12,5,0.33,533,0.8389513108614233,0.7727272727272727,0.7704232397075798,0.7727272727272728,0.7686525641401083
0,entropy,12,5,0.33,533,0.8389513108614233,0.7727272727272727,0.7704232397075798,0.7727272727272728,0.7686525641401083
0,entropy,10,6,0.33,458,0.815230961,0.7727272727272727,0.7736692977130136,0.7727272727272728,0.7718184922392451
0,gini,15,2,log2,526,0.846441948,0.7727272727272727,0.7700175827536121,0.7727272727272728,0.7690531373897392
0,entropy,9,8,log2,633,0.832709114,0.7727272727272727,0.76864916,0.7727272727272726,0.7682102628285357
0,gini,4,3,log2,742,0.7952559300873908,0.7727272727272727,0.769524964,0.7727272727272728,0.7697759756583286
0,gini,6,4,0.33,791,0.846441948,0.7727272727272727,0.7835482633519532,0.7727272727272728,0.7732761967402261
0,gini,6,4,0.33,791,0.846441948,0.7727272727272727,0.7835482633519532,0.7727272727272728,0.7732761967402261
0,gini,3,1,0.33,718,0.766541823,0.7727272727272727,0.7713064713064712,0.7727272727272728,0.7716129250556184
0,gini,4,8,sqrt,480,0.7790262172284644,0.7727272727272727,0.7890411350264346,0.7727272727272728,0.773177069
0,gini,4,8,sqrt,480,0.7790262172284644,0.7727272727272727,0.7890411350264346,0.7727272727272728,0.773177069
0,entropy,11,10,log2,535,0.787765293,0.7727272727272727,0.7747909731829469,0.7727272727272728,0.773087505
0,entropy,9,7,0.33,406,0.7927590511860175,0.7727272727272727,0.7719298245614036,0.7727272727272728,0.7721985583224115
0,entropy,9,7,0.33,406,0.7927590511860175,0.7727272727272727,0.7719298245614036,0.7727272727272728,0.7721985583224115
0,gini,8,1,0.33,658,0.8801498127340824,0.7727272727272727,0.7734988776655444,0.7727272727272728,0.7730716538055988
0,gini,5,11,log2,746,0.784019975,0.7727272727272727,0.7690091527772034,0.7727272727272728,0.7685529765788762
0,gini,5,11,log2,746,0.784019975,0.7727272727272727,0.7690091527772034,0.7727272727272728,0.7685529765788762
0,entropy,14,10,log2,533,0.8077403245942572,0.7727272727272727,0.7737978637582437,0.7727272727272726,0.7671546667980188
0,entropy,12,9,0.33,484,0.8027465667915106,0.7727272727272727,0.7708068436329306,0.7727272727272728,0.7714465071914219
0,entropy,6,10,log2,548,0.8027465667915106,0.7727272727272727,0.7712170726876609,0.7727272727272728,0.7708676897369152
0,entropy,14,10,log2,565,0.8064918851435705,0.7727272727272727,0.771378888,0.7727272727272728,0.7713278226799091
0,entropy,15,3,0.33,505,0.8751560549313359,0.7727272727272727,0.7705079344930831,0.7727272727272728,0.7709104390107376
0,gini,14,10,log2,453,0.7852684144818977,0.7727272727272727,0.7747907282706397,0.7727272727272728,0.7734510768355604
0,gini,14,10,log2,453,0.7852684144818977,0.7727272727272727,0.7747907282706397,0.7727272727272728,0.7734510768355604
0,gini,7,3,sqrt,725,0.8401997503121099,0.7727272727272727,0.771499752,0.7727272727272728,0.7719788808551667
0,gini,12,11,0.33,715,0.8339575530586767,0.7727272727272727,0.7872652646108024,0.7727272727272728,0.7755777472665439
0,gini,14,10,0.33,600,0.8114856429463171,0.7727272727272727,0.7719234449760766,0.7727272727272728,0.7700382129546636
0,gini,13,7,0.33,700,0.8227215980024969,0.7727272727272727,0.7705690072639225,0.7727272727272728,0.7707715234031024
0,gini,9,7,log2,794,0.8164794007490637,0.7727272727272727,0.7838879629846978,0.7727272727272728,0.7731061209624183
0,entropy,8,13,log2,416,0.7927590511860175,0.7696969696969697,0.7666327,0.7696969696969697,0.7665932199823966
0,entropy,8,13,log2,416,0.7927590511860175,0.7696969696969697,0.7666327,0.7696969696969697,0.7665932199823966
0,gini,12,8,log2,765,0.8252184769038702,0.7696969696969697,0.77336227,0.7696969696969697,0.7711488384799111
0,entropy,9,7,log2,589,0.8002496878901373,0.7696969696969697,0.777441335,0.7696969696969697,0.769952929
0,entropy,11,2,0.33,688,0.9001248439450686,0.7696969696969697,0.7705881155881156,0.7696969696969697,0.7680922963197635
0,gini,9,5,0.33,698,0.850187266,0.7696969696969697,0.7731192369490243,0.7696969696969697,0.7685448704391874
0,gini,5,7,0.33,456,0.7865168539325843,0.7696969696969697,0.7682665968690348,0.7696969696969697,0.768849687
0,entropy,4,12,log2,560,0.784019975,0.7696969696969697,0.7698795542832241,0.7696969696969697,0.7697770489873631
0,gini,4,7,log2,778,0.7827715355805244,0.7696969696969697,0.7791040944679759,0.7696969696969697,0.7723795612213692
0,entropy,9,10,0.33,424,0.7890137328339576,0.7696969696969697,0.7725718743259039,0.7696969696969695,0.770947542
0,entropy,13,9,0.33,584,0.8277153558052435,0.7696969696969697,0.7687777793035891,0.7696969696969697,0.7672267483570842
0,entropy,8,11,0.33,696,0.8252184769038702,0.7696969696969697,0.7795334094861741,0.7696969696969697,0.7709961685823755
0,entropy,8,11,0.33,696,0.8252184769038702,0.7696969696969697,0.7795334094861741,0.7696969696969697,0.7709961685823755
0,gini,4,2,log2,674,0.7802746566791511,0.7696969696969697,0.777408229,0.7696969696969697,0.7720703678535416
0,gini,10,13,log2,578,0.787765293,0.7696969696969697,0.7871319136973787,0.7696969696969697,0.7736030521512444
0,entropy,2,10,0.33,649,0.7440699126092385,0.7696969696969697,0.7770002194609041,0.7696969696969697,0.7605469266252222
0,gini,3,4,log2,565,0.7602996254681648,0.7696969696969697,0.7667070431776315,0.7696969696969697,0.7672636180213884
0,gini,15,6,sqrt,652,0.8114856429463171,0.7696969696969697,0.7677334139947569,0.7696969696969697,0.7679080629301868
0,gini,12,14,sqrt,774,0.8264669163545568,0.7696969696969697,0.7663049500920788,0.7696969696969697,0.7673054811497719
0,entropy,15,7,sqrt,664,0.81897628,0.7696969696969697,0.7694131740746614,0.7696969696969697,0.7689221634213341
0,gini,10,9,0.33,675,0.8239700374531835,0.7696969696969697,0.7667670586662899,0.7696969696969697,0.7668496558312069
0,entropy,14,10,log2,757,0.7890137328339576,0.7696969696969697,0.7710457516339869,0.7696969696969697,0.7679192431689658
0,gini,6,11,sqrt,789,0.8177278401997503,0.7696969696969697,0.7792737884160758,0.7696969696969697,0.7714945305339261
0,entropy,5,3,sqrt,436,0.7965043695380774,0.7696969696969697,0.7672263213601797,0.7696969696969697,0.7661871537480943
0,entropy,5,3,sqrt,436,0.7965043695380774,0.7696969696969697,0.7672263213601797,0.7696969696969697,0.7661871537480943
0,entropy,14,5,log2,498,0.8239700374531835,0.7696969696969697,0.7641531356946377,0.7696969696969697,0.7643420100348614
0,entropy,11,3,log2,632,0.8377028714107366,0.7696969696969697,0.7853857016907364,0.7696969696969697,0.7729457027676788
0,gini,13,5,sqrt,503,0.850187266,0.7696969696969697,0.7664115899110165,0.7696969696969697,0.7668931945247736
0,entropy,6,10,0.33,411,0.7727840199750312,0.7696969696969697,0.7795535821227522,0.7696969696969697,0.7582414407442339
0,entropy,8,1,0.33,691,0.8926342072409488,0.7696969696969697,0.7804331989205938,0.7696969696969697,0.7720851475568457
0,gini,14,4,log2,461,0.7940074906367042,0.7696969696969697,0.7696487420625351,0.7696969696969697,0.7692714089868998
0,gini,12,7,0.33,646,0.8014981273408239,0.7696969696969697,0.7669633854099874,0.7696969696969697,0.7678091957610479
0,gini,15,9,0.33,675,0.8239700374531835,0.7696969696969697,0.7667670586662899,0.7696969696969697,0.7668496558312069
0,gini,15,9,0.33,675,0.8239700374531835,0.7696969696969697,0.7667670586662899,0.7696969696969697,0.7668496558312069
0,gini,2,2,0.33,789,0.7578027465667915,0.7696969696969697,0.7726114073940161,0.7696969696969697,0.7708217000355537
0,gini,2,2,0.33,789,0.7578027465667915,0.7696969696969697,0.7726114073940161,0.7696969696969697,0.7708217000355537
0,gini,3,14,0.33,769,0.7677902621722846,0.7696969696969697,0.7882843808416328,0.7696969696969697,0.7738193788962645
0,gini,8,4,0.33,757,0.8614232209737828,0.7696969696969697,0.7709067900992114,0.7696969696969697,0.7695934045879476
0,gini,8,4,0.33,757,0.8614232209737828,0.7696969696969697,0.7709067900992114,0.7696969696969697,0.7695934045879476
0,gini,13,12,0.33,719,0.81897628,0.7696969696969697,0.7724141947195515,0.7696969696969697,0.7707782679163696
0,gini,13,12,0.33,719,0.81897628,0.7696969696969697,0.7724141947195515,0.7696969696969697,0.7707782679163696
0,gini,5,12,0.33,779,0.8139825218476904,0.7696969696969697,0.7720230660024782,0.7696969696969697,0.7706727045821452
0,entropy,11,4,0.33,542,0.8614232209737828,0.7696969696969697,0.772101225,0.7696969696969697,0.769130197
0,gini,6,2,sqrt,707,0.7827715355805244,0.7696969696969697,0.772051261,0.7696969696969697,0.770432568
0,entropy,13,10,sqrt,623,0.8264669163545568,0.7696969696969697,0.7841183257615558,0.7696969696969697,0.7734486495212026
0,entropy,13,10,sqrt,623,0.8264669163545568,0.7696969696969697,0.7841183257615558,0.7696969696969697,0.7734486495212026
0,gini,15,11,log2,514,0.7565543071161048,0.7696969696969697,0.7694218077109293,0.7696969696969697,0.7672804761055786
0,gini,15,11,log2,514,0.7565543071161048,0.7696969696969697,0.7694218077109293,0.7696969696969697,0.7672804761055786
0,gini,8,9,log2,602,0.8077403245942572,0.7696969696969697,0.770630912,0.7696969696969697,0.7701232508571958
0,gini,9,8,sqrt,720,0.836454432,0.7696969696969697,0.7707538134268921,0.7696969696969697,0.7693818826940136
0,gini,7,9,sqrt,427,0.7602996254681648,0.7696969696969697,0.7730158730158729,0.7696969696969697,0.7706100438153017
0,gini,15,1,0.33,594,0.9013732833957553,0.7696969696969697,0.777057994,0.7696969696969697,0.7718501567929485
0,gini,14,11,log2,753,0.7915106117353309,0.7696969696969697,0.7824466034389698,0.7696969696969697,0.7729152505304503
0,entropy,4,1,0.33,668,0.8114856429463171,0.7696969696969697,0.7713227513227513,0.7696969696969697,0.7636825396825397
0,entropy,15,13,log2,786,0.8027465667915106,0.7696969696969697,0.7685636487406399,0.7696969696969697,0.7682961115015005
0,entropy,15,13,log2,786,0.8027465667915106,0.7696969696969697,0.7685636487406399,0.7696969696969697,0.7682961115015005
0,gini,7,11,sqrt,777,0.787765293,0.7696969696969697,0.7712244897959183,0.7696969696969699,0.766835942
0,gini,6,3,log2,759,0.832709114,0.7696969696969697,0.7681216931216932,0.7696969696969697,0.7631909888145216
0,entropy,11,12,log2,745,0.8089887640449438,0.7696969696969697,0.76601565,0.7696969696969697,0.7663049567671506
0,gini,9,5,log2,789,0.8177278401997503,0.7696969696969697,0.7672635273332756,0.7696969696969697,0.7672731355509481
0,entropy,12,7,0.33,653,0.8514357053682896,0.7696969696969697,0.7695362647169878,0.7696969696969697,0.7631256356216983
0,gini,8,7,log2,747,0.7952559300873908,0.7696969696969697,0.7737286878424214,0.7696969696969697,0.7712345379577977
0,gini,15,1,sqrt,611,0.8863920099875156,0.7696969696969697,0.7759126414793559,0.7696969696969697,0.7715321392498907
0,entropy,3,14,sqrt,409,0.7240948813982522,0.7696969696969697,0.7698575342759556,0.7696969696969697,0.76146695
0,entropy,3,14,sqrt,409,0.7240948813982522,0.7696969696969697,0.7698575342759556,0.7696969696969697,0.76146695
0,entropy,4,11,0.33,751,0.7952559300873908,0.7696969696969697,0.7680924287118976,0.7696969696969697,0.768701625
0,entropy,4,11,0.33,751,0.7952559300873908,0.7696969696969697,0.7680924287118976,0.7696969696969697,0.768701625
0,entropy,8,4,0.33,668,0.836454432,0.7696969696969697,0.7773918509281507,0.7696969696969697,0.7720179246041315
0,gini,2,12,0.33,744,0.7578027465667915,0.7696969696969697,0.7726114073940161,0.7696969696969697,0.7708217000355537
0,gini,10,6,log2,563,0.81897628,0.7696969696969697,0.7658514993622537,0.7696969696969697,0.7617150504250506
0,gini,10,6,log2,563,0.81897628,0.7696969696969697,0.7658514993622537,0.7696969696969697,0.7617150504250506
0,gini,4,11,0.33,476,0.7890137328339576,0.7696969696969697,0.7711233605991447,0.7696969696969697,0.768194151
0,entropy,15,11,0.33,588,0.8401997503121099,0.7696969696969697,0.7725688169192831,0.7696969696969697,0.770858204
0,entropy,11,14,sqrt,617,0.7927590511860175,0.7696969696969697,0.769696149,0.7696969696969697,0.7694922419989009
0,entropy,11,14,sqrt,617,0.7927590511860175,0.7696969696969697,0.769696149,0.7696969696969697,0.7694922419989009
0,gini,12,11,sqrt,617,0.8077403245942572,0.7696969696969697,0.7654024216524217,0.7696969696969697,0.7660208431347391
0,gini,3,4,0.33,649,0.7677902621722846,0.7696969696969697,0.7914652598863126,0.7696969696969697,0.7515661036293683
0,entropy,9,7,0.33,595,0.8489388264669163,0.7696969696969697,0.766579051,0.7696969696969697,0.7674861825805223
0,gini,5,4,0.33,733,0.832709114,0.7696969696969697,0.7941317941317941,0.7696969696969697,0.7733268481299977
0,gini,13,4,sqrt,548,0.8451935081148564,0.7696969696969697,0.7674777859297303,0.7696969696969697,0.7664931459309386
0,entropy,14,1,sqrt,791,0.9300873907615481,0.7696969696969697,0.7676618555121659,0.7696969696969697,0.7679368605153237
0,gini,15,7,sqrt,420,0.762796504,0.7696969696969697,0.7727095489916967,0.7696969696969697,0.7697283980194255
0,entropy,5,12,log2,771,0.8139825218476904,0.7696969696969697,0.7697786807030504,0.7696969696969697,0.7665860345105627
0,entropy,5,12,log2,771,0.8139825218476904,0.7696969696969697,0.7697786807030504,0.7696969696969697,0.7665860345105627
0,gini,15,9,0.33,723,0.832709114,0.7696969696969697,0.7778353720693171,0.7696969696969697,0.7715543633040585
0,entropy,7,9,sqrt,532,0.7715355805243446,0.7696969696969697,0.7689236111111111,0.7696969696969697,0.7668287440762468
0,entropy,7,9,sqrt,532,0.7715355805243446,0.7696969696969697,0.7689236111111111,0.7696969696969697,0.7668287440762468
0,gini,12,3,sqrt,603,0.8564294631710362,0.7696969696969697,0.7675574869008295,0.7696969696969697,0.766203248
0,gini,12,3,sqrt,603,0.8564294631710362,0.7696969696969697,0.7675574869008295,0.7696969696969697,0.766203248
0,gini,11,1,0.33,427,0.8651685393258427,0.7696969696969697,0.7801662956993374,0.7696969696969697,0.7723280916403921
0,gini,9,13,0.33,784,0.8277153558052435,0.7696969696969697,0.7683436355311356,0.7696969696969697,0.7664674065168843
0,entropy,2,11,0.33,723,0.7440699126092385,0.7696969696969697,0.7770002194609041,0.7696969696969697,0.7605469266252222
0,gini,3,7,log2,660,0.7478152309612984,0.7696969696969697,0.7982683982683983,0.7696969696969697,0.771696505
0,entropy,7,13,log2,523,0.7565543071161048,0.7696969696969697,0.7785953576499214,0.7696969696969697,0.7723474089027365
0,entropy,6,2,sqrt,684,0.8052434456928839,0.7696969696969697,0.7688596867286109,0.7696969696969697,0.7691442389299216
0,gini,7,14,sqrt,631,0.7915106117353309,0.7696969696969697,0.7657008030508115,0.7696969696969697,0.7660708358741695
0,entropy,13,11,0.33,619,0.8052434456928839,0.7696969696969697,0.7714870889628171,0.7696969696969697,0.7700948806799772
0,entropy,6,12,sqrt,495,0.7553058676654182,0.7696969696969697,0.777968254,0.7696969696969699,0.7720741735585873
0,entropy,6,11,sqrt,697,0.7915106117353309,0.7696969696969697,0.7646694945210322,0.7696969696969697,0.7644499213869885
0,entropy,10,3,log2,578,0.8514357053682896,0.7696969696969697,0.7779309281576673,0.7696969696969697,0.7712219614437892
0,entropy,11,10,0.33,623,0.8302122347066168,0.7696969696969697,0.7688663264764047,0.7696969696969697,0.7692074221311246
0,entropy,11,10,0.33,623,0.8302122347066168,0.7696969696969697,0.7688663264764047,0.7696969696969697,0.7692074221311246
0,gini,6,5,sqrt,709,0.8202247191011236,0.7696969696969697,0.7687182614385232,0.7696969696969697,0.7679242012426858
0,gini,6,5,sqrt,709,0.8202247191011236,0.7696969696969697,0.7687182614385232,0.7696969696969697,0.7679242012426858
0,entropy,5,2,log2,684,0.7965043695380774,0.7696969696969697,0.7764642784861365,0.7696969696969697,0.7718491234941726
0,entropy,15,13,0.33,766,0.8064918851435705,0.7696969696969697,0.7682150788533767,0.7696969696969697,0.7663413799007018
0,gini,12,5,sqrt,695,0.8514357053682896,0.7696969696969697,0.7673664447857996,0.7696969696969697,0.7667672965838103
0,gini,12,5,sqrt,695,0.8514357053682896,0.7696969696969697,0.7673664447857996,0.7696969696969697,0.7667672965838103
0,entropy,11,6,0.33,691,0.846441948,0.7696969696969697,0.7691081357399042,0.7696969696969697,0.7692683016644573
0,entropy,3,3,log2,749,0.7503121098626716,0.7666666666666667,0.7715416441806081,0.7666666666666666,0.7683748538533127
0,entropy,3,3,log2,749,0.7503121098626716,0.7666666666666667,0.7715416441806081,0.7666666666666666,0.7683748538533127
0,gini,13,14,log2,550,0.7802746566791511,0.7666666666666667,0.7676446071416018,0.7666666666666666,0.7668163676875093
0,entropy,14,14,0.33,740,0.8177278401997503,0.7666666666666667,0.7668940870695257,0.7666666666666666,0.766655745
0,gini,5,4,sqrt,733,0.7990012484394506,0.7666666666666667,0.7643926642497781,0.7666666666666666,0.7624300546860218
0,gini,5,4,sqrt,733,0.7990012484394506,0.7666666666666667,0.7643926642497781,0.7666666666666666,0.7624300546860218
0,entropy,10,3,0.33,635,0.867665418,0.7666666666666667,0.764698583,0.7666666666666667,0.7650296809952045
0,entropy,12,7,log2,795,0.8264669163545568,0.7666666666666667,0.7667931224500131,0.7666666666666666,0.766588897
0,entropy,12,3,log2,755,0.8514357053682896,0.7666666666666667,0.7674603174603174,0.7666666666666666,0.7662959218065386
0,entropy,11,1,sqrt,611,0.8913857677902621,0.7666666666666667,0.7650951703583283,0.7666666666666666,0.7656665438984179
0,gini,5,14,0.33,477,0.7802746566791511,0.7666666666666667,0.7703422613699518,0.7666666666666666,0.763513651
0,gini,5,14,0.33,477,0.7802746566791511,0.7666666666666667,0.7703422613699518,0.7666666666666666,0.763513651
0,entropy,7,6,log2,739,0.8064918851435705,0.7666666666666667,0.7669855738961431,0.7666666666666667,0.7652051608652367
0,gini,6,1,sqrt,493,0.8102372034956304,0.7666666666666667,0.7698255767221284,0.7666666666666667,0.7678681613922702
0,entropy,9,7,0.33,553,0.8164794007490637,0.7666666666666667,0.7709732437906407,0.7666666666666667,0.7683560753736193
0,gini,11,9,0.33,787,0.8302122347066168,0.7666666666666667,0.7666376492592292,0.7666666666666667,0.766577191
0,entropy,14,5,log2,441,0.8239700374531835,0.7666666666666667,0.7665963793952967,0.7666666666666666,0.7652775800166597
0,entropy,14,5,log2,441,0.8239700374531835,0.7666666666666667,0.7665963793952967,0.7666666666666666,0.7652775800166597
0,entropy,13,13,0.33,476,0.7777777777777778,0.7666666666666667,0.7687830687830689,0.7666666666666666,0.7624885302958392
0,entropy,7,6,sqrt,501,0.8102372034956304,0.7666666666666667,0.7720360222590373,0.7666666666666666,0.7680820641346958
0,entropy,15,6,sqrt,666,0.8314606741573034,0.7666666666666667,0.7656786115119448,0.7666666666666666,0.7661304340203423
0,gini,12,13,0.33,742,0.8352059925093633,0.7666666666666667,0.7686809616634179,0.7666666666666666,0.7675567933595456
0,gini,12,13,0.33,742,0.8352059925093633,0.7666666666666667,0.7686809616634179,0.7666666666666666,0.7675567933595456
0,gini,7,3,sqrt,403,0.7940074906367042,0.7666666666666667,0.76834549,0.7666666666666666,0.7673762353667346
0,gini,7,3,sqrt,403,0.7940074906367042,0.7666666666666667,0.76834549,0.7666666666666666,0.7673762353667346
0,gini,9,13,0.33,717,0.8127340823970037,0.7666666666666667,0.7685140403441265,0.7666666666666666,0.7660023808155628
0,gini,9,13,0.33,717,0.8127340823970037,0.7666666666666667,0.7685140403441265,0.7666666666666666,0.7660023808155628
0,entropy,13,4,0.33,639,0.832709114,0.7666666666666667,0.7800544730777289,0.7666666666666666,0.7692738092984216
0,entropy,10,1,log2,769,0.9151061173533084,0.7666666666666667,0.7686873102976944,0.7666666666666666,0.7672551424664101
0,gini,11,10,log2,709,0.8139825218476904,0.7666666666666667,0.7649169317780135,0.7666666666666666,0.7630772862693994
0,gini,13,1,sqrt,720,0.9126092384519351,0.7666666666666667,0.7755714921482612,0.7666666666666666,0.7692383743001452
0,gini,13,1,sqrt,720,0.9126092384519351,0.7666666666666667,0.7755714921482612,0.7666666666666666,0.7692383743001452
0,gini,10,7,sqrt,779,0.8014981273408239,0.7666666666666667,0.7748829761024884,0.7666666666666666,0.7692756412538898
0,entropy,11,9,sqrt,563,0.8314606741573034,0.7666666666666667,0.7650990561629754,0.7666666666666666,0.7614975392850839
0,entropy,6,8,0.33,602,0.7940074906367042,0.7666666666666667,0.7811706811706811,0.7666666666666666,0.7696464646464647
0,entropy,8,6,sqrt,467,0.7965043695380774,0.7666666666666667,0.7698608590441621,0.7666666666666666,0.7674164208456243
0,entropy,8,6,sqrt,467,0.7965043695380774,0.7666666666666667,0.7698608590441621,0.7666666666666666,0.7674164208456243
0,entropy,13,2,sqrt,490,0.8476903870162297,0.7666666666666667,0.7654135338345864,0.7666666666666666,0.762551207
0,entropy,5,10,sqrt,402,0.7990012484394506,0.7666666666666667,0.7645694078980533,0.7666666666666666,0.7648079532203349
0,gini,12,10,sqrt,651,0.8114856429463171,0.7666666666666667,0.7702898550724638,0.7666666666666666,0.7676190476190476
0,entropy,4,6,0.33,472,0.7815230961298377,0.7666666666666667,0.8038416003265972,0.7666666666666666,0.7451591568527053
0,gini,5,5,0.33,407,0.7790262172284644,0.7666666666666667,0.7706893940660174,0.7666666666666666,0.7671364583129288
0,gini,5,5,0.33,407,0.7790262172284644,0.7666666666666667,0.7706893940660174,0.7666666666666666,0.7671364583129288
0,entropy,9,5,sqrt,404,0.8302122347066168,0.7666666666666667,0.7656872611091305,0.7666666666666667,0.7660439857191955
0,entropy,14,8,sqrt,457,0.766541823,0.7666666666666667,0.7657657657657658,0.7666666666666666,0.766186503
0,gini,11,4,log2,446,0.8089887640449438,0.7666666666666667,0.7651294108190662,0.7666666666666666,0.7655388555975771
0,gini,11,4,log2,446,0.8089887640449438,0.7666666666666667,0.7651294108190662,0.7666666666666666,0.7655388555975771
0,entropy,4,7,log2,755,0.7290886392009988,0.7666666666666667,0.7682148040638607,0.7666666666666666,0.7666829703874266
0,entropy,4,7,log2,755,0.7290886392009988,0.7666666666666667,0.7682148040638607,0.7666666666666666,0.7666829703874266
0,gini,9,1,log2,401,0.8214731585518102,0.7666666666666667,0.7680499299873608,0.7666666666666666,0.7672882876502557
0,gini,9,1,log2,401,0.8214731585518102,0.7666666666666667,0.7680499299873608,0.7666666666666666,0.7672882876502557
0,entropy,9,2,0.33,426,0.8551810237203495,0.7666666666666667,0.7657787740484941,0.7666666666666666,0.7622026025291211
0,entropy,8,7,log2,550,0.8052434456928839,0.7666666666666667,0.78941992,0.7666666666666667,0.7676528134695465
0,entropy,8,7,log2,550,0.8052434456928839,0.7666666666666667,0.78941992,0.7666666666666667,0.7676528134695465
0,gini,5,11,log2,554,0.7965043695380774,0.7666666666666667,0.7635246176636059,0.7666666666666666,0.7612915009373583
0,gini,5,11,log2,554,0.7965043695380774,0.7666666666666667,0.7635246176636059,0.7666666666666666,0.7612915009373583
0,gini,11,4,0.33,719,0.8564294631710362,0.7666666666666667,0.7640189955763725,0.7666666666666666,0.763582381
0,gini,6,6,sqrt,504,0.7902621722846442,0.7666666666666667,0.7779669619785898,0.7666666666666667,0.7694492335762172
0,gini,9,7,0.33,539,0.8302122347066168,0.7666666666666667,0.7704422869471413,0.7666666666666667,0.7680420260180761
0,gini,13,11,0.33,736,0.8089887640449438,0.7666666666666667,0.7635221712538227,0.7666666666666666,0.7629039372910927
0,entropy,6,6,log2,797,0.7752808988764045,0.7666666666666667,0.768303187,0.7666666666666666,0.7546400600793907
0,entropy,6,6,log2,797,0.7752808988764045,0.7666666666666667,0.768303187,0.7666666666666666,0.7546400600793907
0,gini,10,7,sqrt,719,0.8252184769038702,0.7666666666666667,0.7651224415204677,0.7666666666666666,0.761437908
0,entropy,10,5,log2,713,0.8476903870162297,0.7666666666666667,0.76563147,0.7666666666666666,0.765891473
0,gini,14,6,0.33,582,0.8239700374531835,0.7666666666666667,0.7699603444076297,0.7666666666666666,0.7668299106220196
0,gini,7,5,sqrt,596,0.8177278401997503,0.7666666666666667,0.7763711010451715,0.7666666666666667,0.7690256549651636
0,gini,3,10,0.33,721,0.7528089887640449,0.7666666666666667,0.8040768080281758,0.7666666666666666,0.7437990762317606
0,entropy,9,11,0.33,550,0.8027465667915106,0.7666666666666667,0.7675765991555465,0.7666666666666667,0.76688552
0,gini,13,10,0.33,474,0.7952559300873908,0.7666666666666667,0.7650589831924001,0.7666666666666666,0.7643352995465672
0,gini,11,2,sqrt,521,0.8664169787765293,0.7666666666666667,0.7685688405797101,0.7666666666666667,0.7617705397223092
0,entropy,5,8,sqrt,416,0.7640449438202247,0.7666666666666667,0.768266394,0.7666666666666666,0.767165388
0,gini,7,5,0.33,647,0.8264669163545568,0.7666666666666667,0.7792615108375016,0.7666666666666666,0.769783386
0,entropy,12,14,log2,442,0.7890137328339576,0.7666666666666667,0.7701319987442597,0.7666666666666666,0.7633061546136947
0,entropy,12,14,log2,442,0.7890137328339576,0.7666666666666667,0.7701319987442597,0.7666666666666666,0.7633061546136947
0,entropy,10,5,0.33,554,0.8551810237203495,0.7666666666666667,0.763028938,0.7666666666666667,0.7636985529837865
0,entropy,10,5,0.33,554,0.8551810237203495,0.7666666666666667,0.763028938,0.7666666666666667,0.7636985529837865
0,gini,10,14,0.33,691,0.7852684144818977,0.7666666666666667,0.762053206,0.7666666666666666,0.7625853514012978
0,entropy,11,8,0.33,433,0.8102372034956304,0.7666666666666667,0.7736194328700184,0.7666666666666666,0.7686379712241781
0,entropy,12,11,0.33,661,0.81897628,0.7666666666666667,0.7644723834476569,0.7666666666666666,0.7644099857827898
0,entropy,12,5,0.33,579,0.8352059925093633,0.7666666666666667,0.7742768124228337,0.7666666666666666,0.7660258450087433
0,entropy,5,11,0.33,745,0.8102372034956304,0.7636363636363637,0.7735934943471231,0.7636363636363637,0.7667922368961765
0,gini,11,8,sqrt,664,0.8064918851435705,0.7636363636363637,0.7642376142376142,0.7636363636363637,0.7638968409610611
0,gini,5,6,log2,497,0.7777777777777778,0.7636363636363637,0.7641432921119562,0.7636363636363637,0.7632156769668569
0,gini,5,6,log2,497,0.7777777777777778,0.7636363636363637,0.7641432921119562,0.7636363636363637,0.7632156769668569
0,gini,5,10,0.33,741,0.8164794007490637,0.7636363636363637,0.7728290326381525,0.7636363636363637,0.7524075404685684
0,gini,8,2,sqrt,751,0.8801498127340824,0.7636363636363637,0.7605634481733321,0.7636363636363637,0.7604892306888308
0,entropy,12,10,log2,583,0.7790262172284644,0.7636363636363637,0.7644040639789577,0.7636363636363637,0.7607926324131541
0,entropy,6,3,0.33,513,0.8277153558052435,0.7636363636363637,0.7621288426274383,0.7636363636363637,0.7606913455037189
0,gini,10,10,0.33,683,0.8277153558052435,0.7636363636363637,0.7698076873583544,0.7636363636363637,0.7658137376447236
0,entropy,13,1,0.33,716,0.9126092384519351,0.7636363636363637,0.7651715818790635,0.7636363636363637,0.7633675244752544
0,entropy,11,2,sqrt,480,0.8439450686641697,0.7636363636363637,0.7613195241362422,0.7636363636363637,0.7611605213487819
0,gini,15,5,sqrt,775,0.8601747815230961,0.7636363636363637,0.7607205994024696,0.7636363636363637,0.7615901287723134
0,entropy,13,7,log2,703,0.8089887640449438,0.7636363636363637,0.7695830803481076,0.7636363636363637,0.7653638340288135
0,entropy,13,7,log2,703,0.8089887640449438,0.7636363636363637,0.7695830803481076,0.7636363636363637,0.7653638340288135
0,gini,10,11,sqrt,560,0.8089887640449438,0.7636363636363637,0.7574893830432362,0.7636363636363637,0.7580934586354892
0,entropy,8,14,0.33,539,0.7915106117353309,0.7636363636363637,0.7628610700322632,0.7636363636363637,0.7582571406169777
0,gini,13,4,0.33,436,0.8127340823970037,0.7636363636363637,0.7694432268329113,0.7636363636363637,0.7648046570589201
0,gini,13,1,0.33,661,0.898876404,0.7636363636363637,0.7629397443700547,0.7636363636363637,0.7617216117216117
0,gini,6,2,log2,747,0.8239700374531835,0.7636363636363637,0.762721803,0.7636363636363637,0.7631051781251482
0,gini,6,2,log2,747,0.8239700374531835,0.7636363636363637,0.762721803,0.7636363636363637,0.7631051781251482
0,gini,6,8,0.33,459,0.7965043695380774,0.7636363636363637,0.762650885,0.7636363636363637,0.7618027634452588
0,gini,8,6,0.33,784,0.836454432,0.7636363636363637,0.7600195911884223,0.7636363636363637,0.7604650251709075
0,gini,4,2,log2,689,0.7565543071161048,0.7636363636363637,0.7622839358535239,0.7636363636363637,0.7628240536161437
0,gini,3,8,log2,658,0.7553058676654182,0.7636363636363637,0.7631465394110518,0.7636363636363637,0.7633146373015546
0,gini,3,8,log2,658,0.7553058676654182,0.7636363636363637,0.7631465394110518,0.7636363636363637,0.7633146373015546
0,entropy,15,1,0.33,446,0.8838951310861424,0.7636363636363637,0.7625609318996416,0.7636363636363637,0.7604199734794013
0,entropy,15,1,0.33,446,0.8838951310861424,0.7636363636363637,0.7625609318996416,0.7636363636363637,0.7604199734794013
0,entropy,10,2,0.33,490,0.8589263420724095,0.7636363636363637,0.7653932007497687,0.7636363636363637,0.7601924159246254
0,entropy,7,1,0.33,415,0.8389513108614233,0.7636363636363637,0.7600045871559633,0.7636363636363637,0.7596980006835324
0,gini,7,8,log2,690,0.7802746566791511,0.7636363636363637,0.767539828,0.7636363636363637,0.7640901771336553
0,gini,6,1,0.33,548,0.8401997503121099,0.7636363636363637,0.7668557606676419,0.7636363636363637,0.7645253036404883
0,entropy,15,5,0.33,580,0.81897628,0.7636363636363637,0.7743732057416267,0.7636363636363637,0.7665943293862338
0,entropy,13,1,0.33,716,0.9126092384519351,0.7636363636363637,0.7651715818790635,0.7636363636363637,0.7633675244752544
0,entropy,3,4,0.33,542,0.7765293383270911,0.7636363636363637,0.774294829,0.7636363636363637,0.7666253328835634
0,entropy,6,3,log2,561,0.8027465667915106,0.7636363636363637,0.7656294721020779,0.7636363636363637,0.757126402
0,entropy,2,10,0.33,744,0.7428214731585518,0.7636363636363637,0.7600714802961993,0.7636363636363637,0.7575484890515929
0,gini,8,13,0.33,585,0.8002496878901373,0.7636363636363637,0.7825360377599183,0.7636363636363637,0.7683008897563269
0,entropy,10,10,0.33,657,0.8239700374531835,0.7636363636363637,0.7616209641751436,0.7636363636363637,0.7565845047326528
0,gini,4,8,log2,771,0.7652933832709113,0.7636363636363637,0.7638190866451735,0.7636363636363637,0.7633834688919899
0,entropy,13,8,0.33,584,0.8214731585518102,0.7636363636363637,0.7627929615056795,0.7636363636363637,0.7622688995928432
0,gini,8,9,sqrt,519,0.7790262172284644,0.7636363636363637,0.7633846153846154,0.7636363636363637,0.752864034
0,entropy,9,6,log2,723,0.8389513108614233,0.7636363636363637,0.7687264003053477,0.7636363636363637,0.7651275515581104
0,gini,11,4,log2,652,0.8302122347066168,0.7636363636363637,0.7619901006997782,0.7636363636363637,0.7610692908858047
0,entropy,9,5,0.33,580,0.81897628,0.7636363636363637,0.7743732057416267,0.7636363636363637,0.7665943293862338
0,entropy,9,3,sqrt,493,0.8551810237203495,0.7636363636363637,0.7617175971470732,0.7636363636363637,0.7598569246738821
0,gini,7,2,0.33,674,0.8414481897627965,0.7636363636363637,0.7626633986928105,0.7636363636363637,0.7626148439305894
0,entropy,12,13,sqrt,495,0.7578027465667915,0.7636363636363637,0.7618264449335616,0.7636363636363637,0.7606447426989265
0,entropy,12,13,sqrt,495,0.7578027465667915,0.7636363636363637,0.7618264449335616,0.7636363636363637,0.7606447426989265
0,entropy,7,7,0.33,560,0.8052434456928839,0.7636363636363637,0.7595370391659451,0.7636363636363637,0.7592245940521803
0,entropy,14,4,log2,565,0.8227215980024969,0.7636363636363637,0.7605477784540474,0.7636363636363637,0.7605073938407272
0,gini,3,13,0.33,621,0.7615480649188514,0.7636363636363637,0.772044818,0.7636363636363637,0.7661625446703496
0,entropy,11,5,0.33,674,0.8614232209737828,0.7636363636363637,0.765772605,0.7636363636363637,0.7644003315732287
0,gini,12,11,0.33,603,0.8252184769038702,0.7636363636363637,0.7630316597377679,0.7636363636363637,0.7628330084470435
0,gini,9,5,sqrt,545,0.8127340823970037,0.7636363636363637,0.7635157273918742,0.7636363636363637,0.7635443662840923
0,gini,9,5,sqrt,545,0.8127340823970037,0.7636363636363637,0.7635157273918742,0.7636363636363637,0.7635443662840923
0,gini,10,5,sqrt,668,0.8164794007490637,0.7636363636363637,0.7651079127603082,0.7636363636363637,0.7632520866982165
0,entropy,9,11,0.33,436,0.8064918851435705,0.7636363636363637,0.7708684232192131,0.7636363636363637,0.7602780731812991
0,entropy,10,11,0.33,436,0.8064918851435705,0.7636363636363637,0.7708684232192131,0.7636363636363637,0.7602780731812991
0,gini,15,11,log2,606,0.8027465667915106,0.7636363636363637,0.7684682964094729,0.7636363636363637,0.7591400800457405
0,entropy,14,7,0.33,564,0.8114856429463171,0.7636363636363637,0.7617442165127999,0.7636363636363637,0.7596462133775567
0,entropy,13,14,0.33,786,0.8127340823970037,0.7636363636363637,0.765096098,0.7636363636363637,0.764236089
0,gini,7,1,0.33,724,0.850187266,0.7636363636363637,0.783136216,0.7636363636363637,0.7671185095749022
0,entropy,3,8,sqrt,597,0.7378277153558053,0.7636363636363637,0.7863370547581074,0.7636363636363637,0.7460105480738127
0,entropy,3,8,sqrt,597,0.7378277153558053,0.7636363636363637,0.7863370547581074,0.7636363636363637,0.7460105480738127
0,entropy,6,4,log2,707,0.815230961,0.7636363636363637,0.7653938768489853,0.7636363636363637,0.7639824797843665
0,entropy,14,14,0.33,477,0.8014981273408239,0.7636363636363637,0.7633790840820504,0.7636363636363637,0.7633055708225877
0,entropy,14,8,sqrt,547,0.8127340823970037,0.7636363636363637,0.7609609061015711,0.7636363636363637,0.7596956202170436
0,gini,15,7,sqrt,529,0.7752808988764045,0.7636363636363637,0.7726551844450787,0.7636363636363637,0.7654023095495184
0,entropy,3,7,sqrt,756,0.7602996254681648,0.7636363636363637,0.7604898021078171,0.7636363636363637,0.7609164047520212
0,entropy,15,3,0.33,484,0.8564294631710362,0.7636363636363637,0.7605137395459977,0.7636363636363637,0.7597506470175862
0,entropy,8,12,sqrt,518,0.8027465667915106,0.7636363636363637,0.7684406082522305,0.7636363636363637,0.7636793707381943
0,gini,14,13,0.33,585,0.8002496878901373,0.7636363636363637,0.7825360377599183,0.7636363636363637,0.7683008897563269
0,gini,12,1,sqrt,624,0.8951310861423221,0.7606060606060606,0.7644909536141501,0.7606060606060606,0.7619520641117744
0,entropy,13,1,sqrt,726,0.920099875,0.7606060606060606,0.7579617097576493,0.7606060606060606,0.7587871380984166
0,entropy,13,3,log2,778,0.8726591760299626,0.7606060606060606,0.7612407030506881,0.7606060606060606,0.7607775124920998
0,entropy,13,3,log2,778,0.8726591760299626,0.7606060606060606,0.7612407030506881,0.7606060606060606,0.7607775124920998
0,gini,9,9,log2,483,0.7565543071161048,0.7606060606060606,0.7664365351497396,0.7606060606060606,0.7603849666803913
0,entropy,10,13,0.33,432,0.7802746566791511,0.7606060606060606,0.7746214577607593,0.7606060606060606,0.7642701525054466
0,entropy,10,13,0.33,432,0.7802746566791511,0.7606060606060606,0.7746214577607593,0.7606060606060606,0.7642701525054466
0,entropy,15,6,log2,493,0.8077403245942572,0.7606060606060606,0.7741461017542443,0.7606060606060606,0.7632428667125373
0,entropy,13,12,sqrt,558,0.8089887640449438,0.7606060606060606,0.7584695854906592,0.7606060606060607,0.7586185764050607
0,gini,12,5,log2,678,0.8239700374531835,0.7606060606060606,0.760998844,0.7606060606060606,0.7585765693320159
0,gini,12,5,log2,678,0.8239700374531835,0.7606060606060606,0.760998844,0.7606060606060606,0.7585765693320159
0,entropy,5,1,0.33,570,0.8064918851435705,0.7606060606060606,0.7789000674260974,0.7606060606060606,0.764800042
0,entropy,6,2,sqrt,766,0.8526841448189763,0.7606060606060606,0.7568559342752893,0.7606060606060606,0.7559526170761431
0,entropy,13,7,sqrt,555,0.8102372034956304,0.7606060606060606,0.7570697993058242,0.7606060606060606,0.7577170325187946
0,entropy,13,1,sqrt,686,0.8926342072409488,0.7606060606060606,0.7541234840704201,0.7606060606060606,0.7531978007927375
0,entropy,2,10,0.33,773,0.7365792759051186,0.7606060606060606,0.7565297688234534,0.7606060606060606,0.7548951056670411
0,entropy,13,8,log2,461,0.7952559300873908,0.7606060606060606,0.7604592210680617,0.7606060606060606,0.7593073593073593
0,entropy,10,10,0.33,569,0.8177278401997503,0.7606060606060606,0.7577630348522759,0.7606060606060606,0.758058076
0,entropy,6,11,0.33,521,0.766541823,0.7606060606060606,0.760662191,0.7606060606060606,0.7587331924708302
0,entropy,6,11,0.33,521,0.766541823,0.7606060606060606,0.760662191,0.7606060606060606,0.7587331924708302
0,gini,6,5,log2,663,0.8002496878901373,0.7606060606060606,0.7591503267973856,0.7606060606060606,0.7589584383851004
0,gini,6,5,log2,663,0.8002496878901373,0.7606060606060606,0.7591503267973856,0.7606060606060606,0.7589584383851004
0,entropy,11,6,0.33,455,0.8302122347066168,0.7606060606060606,0.7601643936404591,0.7606060606060606,0.7573107655910735
0,gini,6,11,0.33,753,0.8214731585518102,0.7606060606060606,0.7769198172189137,0.7606060606060606,0.7637004799063002
0,entropy,10,8,log2,528,0.7927590511860175,0.7606060606060606,0.7585640416181052,0.7606060606060606,0.7572682396147474
0,entropy,10,8,log2,528,0.7927590511860175,0.7606060606060606,0.7585640416181052,0.7606060606060606,0.7572682396147474
0,entropy,7,11,0.33,411,0.7752808988764045,0.7606060606060606,0.7573854121409792,0.7606060606060606,0.7568237064940919
0,entropy,9,2,sqrt,730,0.8726591760299626,0.7606060606060606,0.7632224097741339,0.7606060606060606,0.7615481587857736
0,gini,12,1,log2,427,0.8539325842696629,0.7606060606060606,0.7577985480898102,0.7606060606060606,0.7586998608032299
0,entropy,8,5,0.33,416,0.8127340823970037,0.7606060606060606,0.7633948599386794,0.7606060606060606,0.7616385324333788
0,entropy,8,5,0.33,416,0.8127340823970037,0.7606060606060606,0.7633948599386794,0.7606060606060606,0.7616385324333788
0,gini,4,8,sqrt,534,0.7490636704119851,0.7606060606060606,0.7589893123381716,0.7606060606060606,0.7524465777639554
0,gini,4,8,sqrt,534,0.7490636704119851,0.7606060606060606,0.7589893123381716,0.7606060606060606,0.7524465777639554
0,entropy,10,9,sqrt,782,0.836454432,0.7606060606060606,0.7589183276371371,0.7606060606060606,0.7589525935416144
0,gini,12,13,log2,782,0.7802746566791511,0.7606060606060606,0.7660606060606061,0.7606060606060606,0.7623062927410754
0,gini,10,4,sqrt,534,0.815230961,0.7606060606060606,0.7613890110953377,0.7606060606060606,0.7601818733390345
0,gini,10,4,sqrt,534,0.815230961,0.7606060606060606,0.7613890110953377,0.7606060606060606,0.7601818733390345
0,gini,11,5,sqrt,558,0.8252184769038702,0.7606060606060606,0.7578423538252902,0.7606060606060606,0.7578998436274955
0,gini,15,8,0.33,432,0.7990012484394506,0.7606060606060606,0.7739710144927536,0.7606060606060606,0.763490938
0,entropy,15,4,0.33,458,0.8426966292134831,0.7606060606060606,0.763025837,0.7606060606060606,0.7596134762774555
0,entropy,14,5,0.33,495,0.7940074906367042,0.7606060606060606,0.7579723980839446,0.7606060606060606,0.7576792822972789
0,gini,14,6,sqrt,686,0.8214731585518102,0.7606060606060606,0.7590993583977933,0.7606060606060606,0.7591188447366939
0,entropy,6,14,log2,711,0.7940074906367042,0.7606060606060606,0.7729847225226895,0.7606060606060606,0.7634190165145922
0,gini,11,9,log2,552,0.7990012484394506,0.7606060606060606,0.767551405,0.7606060606060606,0.7623493167140092
0,entropy,15,7,sqrt,607,0.8339575530586767,0.7606060606060606,0.7611500209475582,0.7606060606060606,0.7595786907074794
0,entropy,6,12,0.33,531,0.7827715355805244,0.7606060606060606,0.7635392271662763,0.7606060606060606,0.7600907737332244
0,gini,14,3,sqrt,767,0.8439450686641697,0.7606060606060606,0.7584139017065846,0.7606060606060606,0.7576523581896355
0,gini,5,11,sqrt,783,0.8089887640449438,0.7606060606060606,0.758133699,0.7606060606060606,0.7587933033228764
0,gini,6,9,sqrt,569,0.7927590511860175,0.7606060606060606,0.7570098327503842,0.7606060606060606,0.7552673966482137
0,gini,11,14,log2,786,0.7915106117353309,0.7606060606060606,0.760540415,0.7606060606060606,0.7602899034457044
0,entropy,5,14,sqrt,767,0.7777777777777778,0.7606060606060606,0.7783175130031114,0.7606060606060606,0.7498270659328968
0,gini,11,6,log2,412,0.8002496878901373,0.7606060606060606,0.761055916,0.7606060606060606,0.7526028901063345
0,gini,11,6,log2,412,0.8002496878901373,0.7606060606060606,0.761055916,0.7606060606060606,0.7526028901063345
0,gini,14,14,log2,614,0.7715355805243446,0.7606060606060606,0.7576966596544911,0.7606060606060606,0.7520721736857933
0,gini,4,6,sqrt,560,0.7790262172284644,0.7606060606060606,0.770822335,0.7606060606060606,0.7624552798700591
0,entropy,15,2,log2,404,0.8039950062421972,0.7606060606060606,0.7594971094593737,0.7606060606060606,0.7582639258077855
0,entropy,15,2,log2,404,0.8039950062421972,0.7606060606060606,0.7594971094593737,0.7606060606060606,0.7582639258077855
0,entropy,7,13,sqrt,680,0.797752809,0.7606060606060606,0.7670687134502924,0.7606060606060606,0.7619856680536293
0,entropy,8,4,log2,563,0.8202247191011236,0.7606060606060606,0.763241631,0.7606060606060606,0.7597454745229376
0,entropy,6,9,log2,744,0.8089887640449438,0.7606060606060606,0.7639341996824057,0.7606060606060606,0.7618170282959015
0,entropy,4,13,0.33,794,0.787765293,0.7606060606060606,0.7700351970907202,0.7606060606060606,0.7603515845812104
0,entropy,7,5,log2,716,0.8277153558052435,0.7606060606060606,0.7583502024291499,0.7606060606060606,0.7591989519559613
0,entropy,7,5,log2,716,0.8277153558052435,0.7606060606060606,0.7583502024291499,0.7606060606060606,0.7591989519559613
0,entropy,14,13,sqrt,750,0.7927590511860175,0.7606060606060606,0.7671007247219315,0.7606060606060606,0.7614057117099714
0,entropy,9,1,log2,548,0.8838951310861424,0.7606060606060606,0.757119347,0.7606060606060606,0.7577431379193493
0,entropy,9,1,log2,548,0.8838951310861424,0.7606060606060606,0.757119347,0.7606060606060606,0.7577431379193493
0,entropy,3,4,sqrt,419,0.7478152309612984,0.7606060606060606,0.7571030604168959,0.7606060606060606,0.7534551187900319
0,entropy,3,4,sqrt,419,0.7478152309612984,0.7606060606060606,0.7571030604168959,0.7606060606060606,0.7534551187900319
0,entropy,15,8,log2,491,0.7790262172284644,0.7606060606060606,0.7624154986436196,0.7606060606060606,0.7571540627798702
0,gini,6,4,sqrt,529,0.7940074906367042,0.7606060606060606,0.7655593210735622,0.7606060606060606,0.7617083489613695
0,entropy,15,4,0.33,489,0.8289637952559301,0.7606060606060606,0.7789241649167972,0.7606060606060606,0.7622889153743584
0,entropy,15,4,0.33,489,0.8289637952559301,0.7606060606060606,0.7789241649167972,0.7606060606060606,0.7622889153743584
0,gini,8,1,log2,649,0.8701622971285893,0.7606060606060606,0.7620336271993452,0.7606060606060606,0.7608349098403427
0,gini,4,13,0.33,402,0.7615480649188514,0.7606060606060606,0.7709784411276949,0.7606060606060606,0.7418036706885873
0,gini,14,5,sqrt,790,0.8214731585518102,0.7606060606060606,0.7685154206538766,0.7606060606060606,0.7604477575699323
0,gini,15,7,0.33,470,0.7890137328339576,0.7606060606060606,0.7636435274733148,0.7606060606060606,0.7592485170750375
0,gini,12,14,0.33,533,0.8127340823970037,0.7606060606060606,0.7564637681159421,0.7606060606060606,0.7551851851851853
0,gini,12,14,0.33,533,0.8127340823970037,0.7606060606060606,0.7564637681159421,0.7606060606060606,0.7551851851851853
0,entropy,11,5,sqrt,742,0.8476903870162297,0.7606060606060606,0.761389254,0.7606060606060606,0.7595220045405197
0,entropy,11,5,sqrt,742,0.8476903870162297,0.7606060606060606,0.761389254,0.7606060606060606,0.7595220045405197
0,entropy,3,11,sqrt,552,0.7727840199750312,0.7606060606060606,0.7709505136355261,0.7606060606060606,0.7484128114522646
0,entropy,3,11,sqrt,552,0.7727840199750312,0.7606060606060606,0.7709505136355261,0.7606060606060606,0.7484128114522646
0,gini,4,4,sqrt,689,0.7740324594257179,0.7606060606060606,0.7616905464250597,0.7606060606060606,0.7609367214748382
0,gini,13,1,sqrt,694,0.9038701622971286,0.7606060606060606,0.7664524028160392,0.7606060606060606,0.7622844991266043
0,gini,5,13,0.33,714,0.8039950062421972,0.7606060606060606,0.7641473812455075,0.7606060606060607,0.7593282038553818
0,gini,5,10,sqrt,628,0.8127340823970037,0.7606060606060606,0.7669131420684215,0.7606060606060606,0.7624936932866447
0,gini,5,10,sqrt,628,0.8127340823970037,0.7606060606060606,0.7669131420684215,0.7606060606060606,0.7624936932866447
0,gini,4,5,sqrt,724,0.7715355805243446,0.7606060606060606,0.7644160266257041,0.7606060606060606,0.7595119907665763
0,gini,12,11,sqrt,753,0.8177278401997503,0.7606060606060606,0.7629319426885798,0.7606060606060606,0.7615567387180695
0,entropy,15,3,log2,443,0.8414481897627965,0.7606060606060606,0.7577688844830365,0.7606060606060606,0.7570289610096913
0,entropy,15,3,log2,443,0.8414481897627965,0.7606060606060606,0.7577688844830365,0.7606060606060606,0.7570289610096913
0,gini,12,2,log2,701,0.8651685393258427,0.7606060606060606,0.7658784026431086,0.7606060606060606,0.7601289168359834
0,gini,3,10,sqrt,657,0.7565543071161048,0.7606060606060606,0.7972316022356777,0.7606060606060606,0.7468580527037604
0,gini,3,10,sqrt,657,0.7565543071161048,0.7606060606060606,0.7972316022356777,0.7606060606060606,0.7468580527037604
0,entropy,8,2,0.33,482,0.846441948,0.7575757575757576,0.7618633098099052,0.7575757575757575,0.7576991585399272
0,gini,14,6,log2,760,0.8139825218476904,0.7575757575757576,0.7548534798534798,0.7575757575757575,0.7542196877695057
0,gini,12,4,log2,660,0.836454432,0.7575757575757576,0.7564927487243871,0.7575757575757577,0.756512949
0,gini,12,4,log2,660,0.836454432,0.7575757575757576,0.7564927487243871,0.7575757575757577,0.756512949
0,entropy,6,6,0.33,748,0.8489388264669163,0.7575757575757576,0.760529673,0.7575757575757575,0.7571816634466293
0,gini,12,14,0.33,697,0.8014981273408239,0.7575757575757576,0.7568550355922185,0.7575757575757575,0.7564151858870488
0,gini,4,1,0.33,719,0.8239700374531835,0.7575757575757576,0.7563401407638168,0.7575757575757575,0.7567595058805475
0,entropy,4,14,0.33,687,0.7740324594257179,0.7575757575757576,0.7628010666505358,0.7575757575757575,0.7594081866922275
0,entropy,11,3,0.33,679,0.8826466916354557,0.7575757575757576,0.7621979826413324,0.7575757575757575,0.7586510097572045
0,entropy,10,13,sqrt,455,0.7253433208489388,0.7575757575757576,0.761341318,0.7575757575757577,0.7588933063970633
0,entropy,4,8,log2,633,0.7690387016229713,0.7575757575757576,0.7547824795890364,0.7575757575757577,0.748111103
0,gini,4,5,0.33,517,0.7690387016229713,0.7575757575757576,0.7668373928014378,0.7575757575757575,0.7403640705340254
0,entropy,3,8,0.33,512,0.7602996254681648,0.7575757575757576,0.7637500073327116,0.7575757575757575,0.741748286
0,entropy,8,12,sqrt,720,0.8127340823970037,0.7575757575757576,0.7653091738161594,0.7575757575757575,0.7602446916243135
0,gini,8,4,sqrt,565,0.832709114,0.7575757575757576,0.7631818181818182,0.7575757575757575,0.7592446201141853
0,gini,10,11,log2,781,0.787765293,0.7575757575757576,0.7583413282166079,0.7575757575757577,0.757472385
0,gini,9,3,sqrt,433,0.8102372034956304,0.7575757575757576,0.7591540138344827,0.7575757575757575,0.7495040220243472
0,gini,9,3,sqrt,433,0.8102372034956304,0.7575757575757576,0.7591540138344827,0.7575757575757575,0.7495040220243472
0,entropy,14,6,0.33,737,0.8476903870162297,0.7575757575757576,0.7602051777849393,0.7575757575757577,0.7586286584288296
0,gini,10,8,sqrt,793,0.815230961,0.7575757575757576,0.7700237182995804,0.7575757575757575,0.7589085163689444
0,gini,6,10,sqrt,491,0.7578027465667915,0.7575757575757576,0.7522324846699172,0.7575757575757577,0.7507025570652387
0,gini,13,10,log2,401,0.7553058676654182,0.7575757575757576,0.7528891590888774,0.7575757575757577,0.753584557
0,gini,7,11,sqrt,634,0.8039950062421972,0.7575757575757576,0.7595269464834683,0.7575757575757575,0.7583039699318769
0,gini,13,10,0.33,792,0.8252184769038702,0.7575757575757576,0.7731165511539343,0.7575757575757577,0.7610266575995119
0,gini,11,12,sqrt,692,0.7852684144818977,0.7575757575757576,0.7555555555555555,0.7575757575757575,0.7533333333333334
0,gini,9,8,log2,450,0.7865168539325843,0.7575757575757576,0.7591646354307725,0.7575757575757575,0.7581930415263748
0,gini,7,4,log2,683,0.8127340823970037,0.7575757575757576,0.7587997710661263,0.7575757575757575,0.7581085057365892
0,entropy,11,5,0.33,575,0.8551810237203495,0.7575757575757576,0.7712764676619209,0.7575757575757577,0.7615722087921927
0,gini,5,11,sqrt,687,0.7777777777777778,0.7575757575757576,0.7585579469074615,0.7575757575757577,0.757531009
0,gini,11,2,sqrt,764,0.8838951310861424,0.7575757575757576,0.7705426356589147,0.7575757575757577,0.7586028962956638
0,entropy,15,9,log2,578,0.7915106117353309,0.7575757575757576,0.7811262475530311,0.7575757575757575,0.7613257171808016
0,entropy,15,9,log2,578,0.7915106117353309,0.7575757575757576,0.7811262475530311,0.7575757575757575,0.7613257171808016
0,gini,5,8,sqrt,729,0.7827715355805244,0.7575757575757576,0.7540206504794242,0.7575757575757575,0.7482508731572816
0,entropy,7,14,0.33,418,0.7640449438202247,0.7575757575757576,0.754458736,0.7575757575757577,0.7516843901256377
0,entropy,6,3,sqrt,637,0.8139825218476904,0.7575757575757576,0.7575671753463592,0.7575757575757577,0.7572311795369137
0,entropy,4,11,0.33,562,0.7915106117353309,0.7575757575757576,0.7718835114183952,0.7575757575757575,0.7606784174886562
0,entropy,4,11,0.33,562,0.7915106117353309,0.7575757575757576,0.7718835114183952,0.7575757575757575,0.7606784174886562
0,gini,5,11,sqrt,576,0.7852684144818977,0.7575757575757576,0.755282738,0.7575757575757575,0.7527864839629546
0,entropy,11,4,log2,692,0.8289637952559301,0.7575757575757576,0.7556870563231461,0.7575757575757575,0.7562057475908097
0,gini,7,8,0.33,591,0.8002496878901373,0.7575757575757576,0.7546296296296297,0.7575757575757575,0.7545728012773906
0,gini,7,8,0.33,591,0.8002496878901373,0.7575757575757576,0.7546296296296297,0.7575757575757575,0.7545728012773906
0,entropy,12,6,log2,595,0.81897628,0.7575757575757576,0.7628729157393338,0.7575757575757575,0.7574339118144403
0,gini,8,11,sqrt,688,0.797752809,0.7575757575757576,0.7607246376811595,0.7575757575757575,0.7583068783068784
0,gini,8,11,sqrt,688,0.797752809,0.7575757575757576,0.7607246376811595,0.7575757575757575,0.7583068783068784
0,entropy,9,14,0.33,429,0.7952559300873908,0.7575757575757576,0.7647642515291787,0.7575757575757575,0.7598441089913631
0,gini,9,6,log2,754,0.8277153558052435,0.7575757575757576,0.7514989022342761,0.7575757575757577,0.750918845
0,gini,9,6,log2,754,0.8277153558052435,0.7575757575757576,0.7514989022342761,0.7575757575757577,0.750918845
0,entropy,10,2,log2,599,0.8751560549313359,0.7575757575757576,0.7608034364188153,0.7575757575757577,0.7578564460063274
0,gini,5,3,0.33,574,0.8164794007490637,0.7575757575757576,0.7613236481033091,0.7575757575757575,0.7585653322495428
0,entropy,15,2,sqrt,739,0.8976279650436954,0.7575757575757576,0.754986545,0.7575757575757575,0.7545463483988758
0,entropy,4,8,log2,433,0.7640449438202247,0.7575757575757576,0.7641294885993338,0.7575757575757575,0.75952788
0,entropy,8,12,0.33,795,0.81897628,0.7575757575757576,0.7543358564799966,0.7575757575757575,0.7482550075927284
0,entropy,15,12,log2,734,0.7852684144818977,0.7575757575757576,0.7561586697131251,0.7575757575757575,0.7551474119930627
0,entropy,12,1,sqrt,622,0.9088639200998752,0.7575757575757576,0.753518341,0.7575757575757575,0.7532543913446871
0,entropy,11,6,sqrt,414,0.784019975,0.7575757575757576,0.7560962509399506,0.7575757575757575,0.7565488085042752
0,gini,6,5,log2,502,0.7715355805243446,0.7575757575757576,0.7597641323861247,0.7575757575757577,0.7582534319018245
0,gini,10,11,sqrt,569,0.797752809,0.7575757575757576,0.7645207899445188,0.7575757575757575,0.7579209217072532
0,entropy,11,3,sqrt,665,0.836454432,0.7575757575757576,0.7589265591293989,0.7575757575757575,0.7576710957074958
0,entropy,8,4,0.33,517,0.8439450686641697,0.7575757575757576,0.7559921527897986,0.7575757575757577,0.7565685777101302
0,gini,15,12,sqrt,748,0.787765293,0.7575757575757576,0.761310223,0.7575757575757575,0.7591049839538019
0,gini,15,12,sqrt,748,0.787765293,0.7575757575757576,0.761310223,0.7575757575757575,0.7591049839538019
0,gini,3,10,sqrt,451,0.7528089887640449,0.7575757575757576,0.7647044075615504,0.7575757575757577,0.7597410759175466
0,gini,13,14,sqrt,541,0.7740324594257179,0.7575757575757576,0.7600817970042901,0.7575757575757577,0.7524526405606361
0,gini,13,14,sqrt,541,0.7740324594257179,0.7575757575757576,0.7600817970042901,0.7575757575757577,0.7524526405606361
0,gini,7,5,log2,405,0.7640449438202247,0.7575757575757576,0.7545817255306773,0.7575757575757575,0.7534234503706703
0,entropy,10,8,0.33,745,0.8514357053682896,0.7575757575757576,0.7542584702779468,0.7575757575757575,0.7543345543345543
0,gini,7,4,log2,675,0.81897628,0.7575757575757576,0.7552370585389454,0.7575757575757575,0.7556175096944432
0,gini,7,4,log2,675,0.81897628,0.7575757575757576,0.7552370585389454,0.7575757575757575,0.7556175096944432
0,entropy,11,4,sqrt,766,0.8626716604244694,0.7575757575757576,0.757758072,0.7575757575757575,0.7554921653691488
0,entropy,11,4,sqrt,766,0.8626716604244694,0.7575757575757576,0.757758072,0.7575757575757575,0.7554921653691488
0,gini,10,10,sqrt,582,0.787765293,0.7575757575757576,0.7641500099704236,0.7575757575757575,0.7593251285267276
0,gini,5,2,0.33,612,0.797752809,0.7575757575757576,0.7570211397797605,0.7575757575757577,0.7568998228083498
0,gini,12,5,log2,722,0.8377028714107366,0.7575757575757576,0.759889921,0.7575757575757577,0.7581985624438454
0,gini,12,5,log2,722,0.8377028714107366,0.7575757575757576,0.759889921,0.7575757575757577,0.7581985624438454
0,entropy,15,13,0.33,510,0.8127340823970037,0.7575757575757576,0.7575011768275742,0.7575757575757577,0.7571633835666804
0,gini,5,5,log2,730,0.8027465667915106,0.7575757575757576,0.7668438255328499,0.7575757575757575,0.7602610013225162
0,entropy,11,8,log2,640,0.8002496878901373,0.7575757575757576,0.7705994369928796,0.7575757575757577,0.7596464394065593
0,gini,8,3,0.33,436,0.8202247191011236,0.7575757575757576,0.7595491869183301,0.7575757575757577,0.758152519
0,entropy,13,2,log2,729,0.885143571,0.7575757575757576,0.7568581082286089,0.7575757575757575,0.7550304592577165
0,entropy,13,2,log2,729,0.885143571,0.7575757575757576,0.7568581082286089,0.7575757575757575,0.7550304592577165
0,entropy,7,7,0.33,677,0.836454432,0.7575757575757576,0.7722068301440118,0.7575757575757575,0.7607194468774062
0,entropy,13,3,log2,484,0.8377028714107366,0.7575757575757576,0.7550999756938195,0.7575757575757575,0.7545157289052464
0,entropy,7,9,0.33,701,0.8077403245942572,0.7545454545454545,0.7502205078088388,0.7545454545454545,0.7510299227595602
0,entropy,14,8,0.33,658,0.8102372034956304,0.7545454545454545,0.7654473039215685,0.7545454545454545,0.7577083663654142
0,gini,11,10,0.33,555,0.81897628,0.7545454545454545,0.7623929954757022,0.7545454545454545,0.7546871221335159
0,gini,11,11,log2,719,0.7965043695380774,0.7545454545454545,0.7506870506870507,0.7545454545454545,0.7515295849661175
0,gini,11,2,0.33,451,0.8451935081148564,0.7545454545454545,0.7561452855570504,0.7545454545454545,0.7547124679043692
0,gini,9,9,0.33,500,0.8202247191011236,0.7545454545454545,0.766250882,0.7545454545454545,0.7499344863731657
0,gini,9,9,0.33,500,0.8202247191011236,0.7545454545454545,0.766250882,0.7545454545454545,0.7499344863731657
0,gini,7,5,log2,692,0.81897628,0.7545454545454545,0.7610617995303836,0.7545454545454545,0.7569118414188837
0,entropy,12,8,sqrt,566,0.8252184769038702,0.7545454545454545,0.7509833524040986,0.7545454545454545,0.7496163729437839
0,gini,5,5,sqrt,593,0.7740324594257179,0.7545454545454545,0.7567852437417656,0.7545454545454545,0.7554146112285647
0,gini,5,5,sqrt,593,0.7740324594257179,0.7545454545454545,0.7567852437417656,0.7545454545454545,0.7554146112285647
0,gini,3,9,log2,691,0.7515605493133583,0.7545454545454545,0.7817453813853866,0.7545454545454545,0.7390351300821886
0,gini,8,13,log2,651,0.797752809,0.7545454545454545,0.7707210102558939,0.7545454545454545,0.7587618519548825
0,gini,5,9,sqrt,543,0.762796504,0.7545454545454545,0.7587981206147371,0.7545454545454545,0.7509085439641724
0,gini,9,4,log2,590,0.8177278401997503,0.7545454545454545,0.7658008658008658,0.7545454545454545,0.7582181795550258
0,gini,9,4,log2,590,0.8177278401997503,0.7545454545454545,0.7658008658008658,0.7545454545454545,0.7582181795550258
0,gini,11,1,0.33,763,0.9250936329588015,0.7545454545454545,0.7654062842181654,0.7545454545454545,0.7571396176784054
0,gini,9,13,0.33,643,0.8177278401997503,0.7545454545454545,0.7575963718820861,0.7545454545454545,0.7548726106655622
0,gini,5,9,log2,606,0.7890137328339576,0.7545454545454545,0.7688065951726056,0.7545454545454545,0.7582968162252298
0,entropy,7,7,log2,628,0.8089887640449438,0.7545454545454545,0.7522319847216633,0.7545454545454545,0.753018234
0,gini,5,2,0.33,673,0.8202247191011236,0.7545454545454545,0.7652512254901961,0.7545454545454545,0.7576185191057556
0,entropy,12,3,sqrt,720,0.8539325842696629,0.7545454545454545,0.7557298100776362,0.7545454545454545,0.7547906006399684
0,gini,10,12,0.33,502,0.8002496878901373,0.7545454545454545,0.7530296583339665,0.7545454545454545,0.7524292988227641
0,entropy,12,8,log2,535,0.7865168539325843,0.7545454545454545,0.7543546059675093,0.7545454545454545,0.7506124261391448
0,entropy,8,4,0.33,525,0.8451935081148564,0.7545454545454545,0.7508993323574781,0.7545454545454545,0.7516729348982926
0,gini,15,7,sqrt,516,0.7927590511860175,0.7545454545454545,0.7521730632354947,0.7545454545454545,0.7472845353762189
0,gini,11,4,log2,433,0.8202247191011236,0.7545454545454545,0.7704424103737605,0.7545454545454545,0.7582027051398795
0,entropy,10,13,sqrt,556,0.7790262172284644,0.7545454545454545,0.7669240778238877,0.7545454545454545,0.757817922
0,gini,8,5,sqrt,436,0.7940074906367042,0.7545454545454545,0.7545806215530986,0.7545454545454545,0.754095361
0,gini,14,7,0.33,612,0.8377028714107366,0.7545454545454545,0.7549469266096901,0.7545454545454545,0.7531528816011575
0,gini,12,3,sqrt,421,0.8289637952559301,0.7545454545454545,0.7595578703350668,0.7545454545454545,0.7551463442910503
0,gini,12,3,sqrt,421,0.8289637952559301,0.7545454545454545,0.7595578703350668,0.7545454545454545,0.7551463442910503
0,entropy,4,3,0.33,450,0.7927590511860175,0.7545454545454545,0.7513830719858475,0.7545454545454545,0.7475100912976024
0,entropy,9,11,log2,660,0.8039950062421972,0.7545454545454545,0.7552241409384267,0.7545454545454545,0.7519109820996613
0,gini,6,14,0.33,708,0.8252184769038702,0.7545454545454545,0.7598522167487686,0.7545454545454545,0.7559564329475834
0,entropy,4,14,log2,408,0.762796504,0.7545454545454545,0.7540888801106064,0.7545454545454545,0.7482538137832196
0,entropy,4,14,log2,408,0.762796504,0.7545454545454545,0.7540888801106064,0.7545454545454545,0.7482538137832196
0,gini,15,1,sqrt,614,0.8901373283395755,0.7545454545454545,0.7643462844464058,0.7545454545454545,0.7570865981453344
0,gini,15,1,sqrt,614,0.8901373283395755,0.7545454545454545,0.7643462844464058,0.7545454545454545,0.7570865981453344
0,gini,4,7,0.33,491,0.7790262172284644,0.7545454545454545,0.7519074146124698,0.7545454545454545,0.7527887238718599
0,entropy,14,5,0.33,458,0.8114856429463171,0.7545454545454545,0.7555335097001764,0.7545454545454545,0.7549990357329808
0,gini,9,9,sqrt,580,0.7727840199750312,0.7545454545454545,0.7613406795224976,0.7545454545454545,0.7566871724766461
0,gini,5,12,sqrt,648,0.766541823,0.7545454545454545,0.761272112,0.7545454545454545,0.755694624
0,gini,5,12,sqrt,648,0.766541823,0.7545454545454545,0.761272112,0.7545454545454545,0.755694624
0,entropy,8,14,0.33,604,0.7952559300873908,0.7545454545454545,0.7582755661187034,0.7545454545454545,0.7500340928912358
0,entropy,9,12,0.33,619,0.8027465667915106,0.7545454545454545,0.7539454590566989,0.7545454545454545,0.7541475593696049
0,gini,12,5,0.33,415,0.8077403245942572,0.7545454545454545,0.7627049045437518,0.7545454545454545,0.7529344235721176
0,gini,12,5,0.33,415,0.8077403245942572,0.7545454545454545,0.7627049045437518,0.7545454545454545,0.7529344235721176
0,gini,5,14,sqrt,459,0.7328339575530587,0.7545454545454545,0.7661091439262142,0.7545454545454545,0.7576185077948997
0,entropy,13,1,sqrt,561,0.885143571,0.7545454545454545,0.7528203942127311,0.7545454545454545,0.7529624684396518
0,entropy,13,1,sqrt,561,0.885143571,0.7545454545454545,0.7528203942127311,0.7545454545454545,0.7529624684396518
0,entropy,5,10,sqrt,506,0.7428214731585518,0.7545454545454545,0.7496028899364623,0.7545454545454545,0.7444929685783345
0,gini,12,9,log2,553,0.7865168539325843,0.7545454545454545,0.7576373706567198,0.7545454545454545,0.7549843490367446
0,gini,8,10,sqrt,440,0.7690387016229713,0.7545454545454545,0.7626491149433422,0.7545454545454545,0.7529861609976548
0,gini,8,10,sqrt,440,0.7690387016229713,0.7545454545454545,0.7626491149433422,0.7545454545454545,0.7529861609976548
0,gini,8,10,sqrt,796,0.7965043695380774,0.7545454545454545,0.7682533645727201,0.7545454545454545,0.756077895
0,gini,8,10,sqrt,796,0.7965043695380774,0.7545454545454545,0.7682533645727201,0.7545454545454545,0.756077895
0,entropy,4,14,sqrt,577,0.7602996254681648,0.7545454545454545,0.7580556895615992,0.7545454545454545,0.7558708003778426
0,gini,11,1,log2,491,0.8551810237203495,0.7545454545454545,0.7545718574844789,0.7545454545454545,0.7540211947607866
0,gini,11,1,log2,491,0.8551810237203495,0.7545454545454545,0.7545718574844789,0.7545454545454545,0.7540211947607866
0,gini,4,8,log2,477,0.762796504,0.7545454545454545,0.7599492627239575,0.7545454545454545,0.7566696380548316
0,entropy,12,6,sqrt,421,0.8077403245942572,0.7545454545454545,0.7569709702062642,0.7545454545454545,0.7546161736003153
0,gini,4,7,0.33,475,0.787765293,0.7545454545454545,0.7526041310833277,0.7545454545454545,0.7522156958382847
0,gini,4,7,0.33,475,0.787765293,0.7545454545454545,0.7526041310833277,0.7545454545454545,0.7522156958382847
0,gini,4,14,sqrt,687,0.7715355805243446,0.7545454545454545,0.7593192831914543,0.7545454545454545,0.7560232325490541
0,gini,4,14,sqrt,687,0.7715355805243446,0.7545454545454545,0.7593192831914543,0.7545454545454545,0.7560232325490541
0,entropy,5,7,sqrt,417,0.762796504,0.7545454545454545,0.7522691276803118,0.7545454545454545,0.7436594466472574
0,gini,14,12,log2,453,0.787765293,0.7545454545454545,0.7664154485347909,0.7545454545454545,0.7577366857650268
0,entropy,8,13,sqrt,664,0.7677902621722846,0.7545454545454545,0.7669220559845561,0.7545454545454545,0.7570904366338959
0,gini,12,14,0.33,670,0.8002496878901373,0.7545454545454545,0.7518851624705905,0.7545454545454545,0.752023425
0,entropy,13,8,sqrt,776,0.7927590511860175,0.7545454545454545,0.7566433566433567,0.7545454545454545,0.7551928180991121
0,gini,7,2,0.33,448,0.8252184769038702,0.7545454545454545,0.7516748805823035,0.7545454545454545,0.7519974698056889
0,gini,11,6,log2,662,0.8202247191011236,0.7545454545454545,0.7506321024700621,0.7545454545454545,0.7492854580622739
0,gini,11,6,log2,662,0.8202247191011236,0.7545454545454545,0.7506321024700621,0.7545454545454545,0.7492854580622739
0,gini,10,6,log2,518,0.7952559300873908,0.7515151515151515,0.7483203958932113,0.7515151515151515,0.7494159188208949
0,gini,7,3,sqrt,686,0.8426966292134831,0.7515151515151515,0.7475308707553818,0.7515151515151515,0.748349579
0,entropy,5,2,0.33,709,0.8014981273408239,0.7515151515151515,0.7682306940371456,0.7515151515151516,0.7380037572490403
0,gini,9,5,log2,500,0.7752808988764045,0.7515151515151515,0.7481801679146812,0.7515151515151516,0.749063426
0,entropy,13,8,0.33,418,0.7990012484394506,0.7515151515151515,0.7465714789353076,0.7515151515151516,0.7467305236270754
0,entropy,13,8,0.33,418,0.7990012484394506,0.7515151515151515,0.7465714789353076,0.7515151515151516,0.7467305236270754
0,entropy,6,7,0.33,487,0.797752809,0.7515151515151515,0.7596587888453917,0.7515151515151515,0.753584187
0,entropy,3,7,0.33,497,0.7528089887640449,0.7515151515151515,0.7852704678362573,0.7515151515151515,0.7358083126155415
0,entropy,14,7,log2,650,0.7852684144818977,0.7515151515151515,0.7522901533494754,0.7515151515151516,0.750965251
0,gini,14,2,sqrt,742,0.867665418,0.7515151515151515,0.753061224,0.7515151515151516,0.7508873421916901
0,entropy,7,5,sqrt,521,0.8389513108614233,0.7515151515151515,0.7505742913000978,0.7515151515151515,0.7491529685704443
0,entropy,11,11,0.33,516,0.8064918851435705,0.7515151515151515,0.7569278475916361,0.7515151515151515,0.753488114
0,entropy,6,10,sqrt,457,0.7727840199750312,0.7515151515151515,0.7484664542591372,0.7515151515151515,0.748163275
0,gini,6,11,0.33,445,0.7690387016229713,0.7515151515151515,0.7492188647449426,0.7515151515151515,0.7469887176227555
0,gini,6,11,0.33,445,0.7690387016229713,0.7515151515151515,0.7492188647449426,0.7515151515151515,0.7469887176227555
0,gini,6,3,log2,622,0.7890137328339576,0.7515151515151515,0.7470045061946776,0.7515151515151515,0.74703039
0,entropy,6,9,0.33,595,0.8002496878901373,0.7515151515151515,0.7708173690932312,0.7515151515151515,0.7552127953123223
0,gini,8,14,0.33,628,0.81897628,0.7515151515151515,0.7502530681209598,0.7515151515151515,0.7503886623284894
0,entropy,15,14,0.33,783,0.7890137328339576,0.7515151515151515,0.7477721712538227,0.7515151515151516,0.7475214405617668
0,entropy,4,11,0.33,628,0.762796504,0.7515151515151515,0.7617924142889825,0.7515151515151515,0.7541953718424307
0,entropy,9,6,0.33,615,0.8127340823970037,0.7515151515151515,0.7578396578396579,0.7515151515151515,0.7535192675588421
0,entropy,4,8,sqrt,673,0.7852684144818977,0.7515151515151515,0.7527757826287679,0.7515151515151516,0.7510279479495533
0,entropy,10,10,sqrt,517,0.7865168539325843,0.7515151515151515,0.7506108833695041,0.7515151515151516,0.7506692932133343
0,entropy,10,10,sqrt,517,0.7865168539325843,0.7515151515151515,0.7506108833695041,0.7515151515151516,0.7506692932133343
0,gini,6,7,sqrt,562,0.7827715355805244,0.7515151515151515,0.7759938703911741,0.7515151515151515,0.7562980030721965
0,entropy,14,3,sqrt,478,0.8377028714107366,0.7515151515151515,0.7522246272246272,0.7515151515151516,0.7518302288944492
0,entropy,14,3,sqrt,478,0.8377028714107366,0.7515151515151515,0.7522246272246272,0.7515151515151516,0.7518302288944492
0,entropy,7,6,log2,578,0.7940074906367042,0.7515151515151515,0.7502203585396572,0.7515151515151515,0.7469736796176433
0,entropy,6,3,log2,461,0.7965043695380774,0.7515151515151515,0.7522788909127707,0.7515151515151515,0.7505478475266517
0,entropy,6,13,sqrt,580,0.7765293383270911,0.7515151515151515,0.7575729825729827,0.7515151515151516,0.753686397
0,entropy,2,2,0.33,563,0.7378277153558053,0.7515151515151515,0.7481042454682783,0.7515151515151515,0.7462810374942755
0,entropy,2,2,0.33,563,0.7378277153558053,0.7515151515151515,0.7481042454682783,0.7515151515151515,0.7462810374942755
0,entropy,6,9,log2,639,0.7565543071161048,0.7515151515151515,0.7507760188187426,0.7515151515151515,0.7491099554757756
0,entropy,6,9,log2,639,0.7565543071161048,0.7515151515151515,0.7507760188187426,0.7515151515151515,0.7491099554757756
0,gini,7,4,log2,702,0.8177278401997503,0.7515151515151515,0.7507430438017678,0.7515151515151515,0.748689949
0,gini,7,4,log2,702,0.8177278401997503,0.7515151515151515,0.7507430438017678,0.7515151515151515,0.748689949
0,gini,5,5,sqrt,683,0.7802746566791511,0.7515151515151515,0.7694544006371964,0.7515151515151516,0.7558717175874904
0,gini,9,8,sqrt,446,0.7927590511860175,0.7515151515151515,0.7608202557676241,0.7515151515151515,0.7525852878464819
0,gini,4,8,0.33,658,0.7677902621722846,0.7515151515151515,0.7524829470074187,0.7515151515151516,0.7510461195907205
0,gini,4,8,0.33,658,0.7677902621722846,0.7515151515151515,0.7524829470074187,0.7515151515151516,0.7510461195907205
0,gini,7,8,log2,785,0.8052434456928839,0.7515151515151515,0.753264152,0.7515151515151516,0.7521771223721375
0,gini,7,14,sqrt,647,0.787765293,0.7515151515151515,0.7561362929009988,0.7515151515151515,0.7527179087739878
0,gini,11,9,sqrt,603,0.8027465667915106,0.7515151515151515,0.7583333333333333,0.7515151515151516,0.7531076001527669
0,gini,11,9,sqrt,603,0.8027465667915106,0.7515151515151515,0.7583333333333333,0.7515151515151516,0.7531076001527669
0,entropy,10,11,0.33,497,0.7940074906367042,0.7515151515151515,0.7535529263866501,0.7515151515151515,0.7509424483562414
0,entropy,7,12,0.33,509,0.784019975,0.7515151515151515,0.752237914,0.7515151515151516,0.7509523150905458
0,entropy,7,12,sqrt,662,0.8102372034956304,0.7515151515151515,0.7492997647657194,0.7515151515151516,0.7485584308164954
0,entropy,10,8,log2,622,0.7590511860174781,0.7515151515151515,0.7523456076087655,0.7515151515151515,0.7516225337487019
0,entropy,10,8,log2,622,0.7590511860174781,0.7515151515151515,0.7523456076087655,0.7515151515151515,0.7516225337487019
0,entropy,13,14,sqrt,517,0.7652933832709113,0.7515151515151515,0.7525558616467708,0.7515151515151516,0.7507101086048454
0,entropy,14,5,sqrt,756,0.850187266,0.7515151515151515,0.7507986155492565,0.7515151515151515,0.7510674724764121
0,entropy,13,2,log2,727,0.8626716604244694,0.7515151515151515,0.7563131313131314,0.7515151515151516,0.7529142355229311
0,gini,13,13,sqrt,632,0.784019975,0.7515151515151515,0.7527374089886988,0.7515151515151516,0.7499598483885213
0,entropy,10,12,log2,490,0.7553058676654182,0.7515151515151515,0.7606485105283528,0.7515151515151515,0.754272675
0,entropy,10,12,log2,490,0.7553058676654182,0.7515151515151515,0.7606485105283528,0.7515151515151515,0.754272675
0,entropy,14,13,sqrt,715,0.8139825218476904,0.7515151515151515,0.749931865,0.7515151515151516,0.7495710397143797
0,entropy,9,10,0.33,488,0.7740324594257179,0.7515151515151515,0.7603458484213202,0.7515151515151515,0.7541949921009272
0,gini,2,11,0.33,585,0.7253433208489388,0.7515151515151515,0.7689919198334568,0.7515151515151516,0.7560451956842124
0,gini,2,11,0.33,585,0.7253433208489388,0.7515151515151515,0.7689919198334568,0.7515151515151516,0.7560451956842124
0,entropy,15,11,log2,542,0.7715355805243446,0.7515151515151515,0.7643777317690361,0.7515151515151516,0.7547548387454412
0,entropy,6,9,log2,787,0.8014981273408239,0.7515151515151515,0.7489669873251913,0.7515151515151515,0.7484647794355954
0,entropy,6,9,log2,787,0.8014981273408239,0.7515151515151515,0.7489669873251913,0.7515151515151515,0.7484647794355954
0,entropy,4,9,0.33,461,0.8002496878901373,0.7515151515151515,0.7641463134750115,0.7515151515151515,0.7551549720345273
0,entropy,4,9,0.33,461,0.8002496878901373,0.7515151515151515,0.7641463134750115,0.7515151515151515,0.7551549720345273
0,entropy,8,4,log2,432,0.8114856429463171,0.7515151515151515,0.7542376752280419,0.7515151515151516,0.7511346765028747
0,entropy,8,4,log2,432,0.8114856429463171,0.7515151515151515,0.7542376752280419,0.7515151515151516,0.7511346765028747
0,entropy,9,14,log2,673,0.7890137328339576,0.7515151515151515,0.7444062645301036,0.7515151515151516,0.7393236265022667
0,gini,14,11,log2,745,0.787765293,0.7515151515151515,0.7519388091077173,0.7515151515151516,0.7502664548213489
0,gini,14,11,log2,745,0.787765293,0.7515151515151515,0.7519388091077173,0.7515151515151516,0.7502664548213489
0,entropy,15,1,log2,728,0.9038701622971286,0.7515151515151515,0.75084474,0.7515151515151515,0.7505471993099359
0,entropy,15,1,log2,728,0.9038701622971286,0.7515151515151515,0.75084474,0.7515151515151515,0.7505471993099359
0,entropy,9,11,log2,542,0.7715355805243446,0.7515151515151515,0.7643777317690361,0.7515151515151516,0.7547548387454412
0,entropy,9,11,log2,542,0.7715355805243446,0.7515151515151515,0.7643777317690361,0.7515151515151516,0.7547548387454412
0,entropy,6,3,sqrt,703,0.8352059925093633,0.7515151515151515,0.7569403597440981,0.7515151515151516,0.7496325231695301
0,entropy,6,3,sqrt,703,0.8352059925093633,0.7515151515151515,0.7569403597440981,0.7515151515151516,0.7496325231695301
0,gini,14,11,0.33,414,0.7927590511860175,0.7515151515151515,0.7492718815133822,0.7515151515151515,0.7479170630809672
0,gini,11,7,sqrt,583,0.8077403245942572,0.7515151515151515,0.7506718655654826,0.7515151515151515,0.7485382237127003
0,gini,11,7,sqrt,583,0.8077403245942572,0.7515151515151515,0.7506718655654826,0.7515151515151515,0.7485382237127003
0,entropy,15,2,0.33,451,0.836454432,0.7515151515151515,0.7568884168597224,0.7515151515151516,0.7499490283005098
0,gini,4,4,sqrt,800,0.787765293,0.7515151515151515,0.7509729583180283,0.7515151515151515,0.7409393533663691
0,gini,4,4,sqrt,800,0.787765293,0.7515151515151515,0.7509729583180283,0.7515151515151515,0.7409393533663691
0,gini,3,7,0.33,627,0.7578027465667915,0.7515151515151515,0.7631296817665878,0.7515151515151515,0.7547273862392608
0,entropy,12,1,sqrt,639,0.898876404,0.7515151515151515,0.7503335239184296,0.7515151515151515,0.7507515632515632
0,entropy,14,8,0.33,780,0.8352059925093633,0.7515151515151515,0.7554062645870555,0.7515151515151515,0.7529604542379986
0,entropy,3,9,sqrt,703,0.7503121098626716,0.7515151515151515,0.7498654084626319,0.7515151515151515,0.7498502625539744
0,entropy,3,9,sqrt,703,0.7503121098626716,0.7515151515151515,0.7498654084626319,0.7515151515151515,0.7498502625539744
0,gini,4,1,sqrt,623,0.7553058676654182,0.7515151515151515,0.7539180387962419,0.7515151515151516,0.7524062896356084
0,entropy,13,12,log2,785,0.7790262172284644,0.7515151515151515,0.7587333789225742,0.7515151515151516,0.7537258624895341
0,entropy,13,12,log2,785,0.7790262172284644,0.7515151515151515,0.7587333789225742,0.7515151515151516,0.7537258624895341
0,entropy,10,10,0.33,538,0.8064918851435705,0.7515151515151515,0.7588144200769739,0.7515151515151515,0.7539496968338772
0,entropy,10,10,0.33,538,0.8064918851435705,0.7515151515151515,0.7588144200769739,0.7515151515151515,0.7539496968338772
0,entropy,13,2,sqrt,635,0.8564294631710362,0.7515151515151515,0.7539669087974173,0.7515151515151515,0.7517961570593149
0,entropy,8,8,0.33,542,0.8239700374531835,0.7515151515151515,0.7554137234603987,0.7515151515151516,0.7518207298747427
0,gini,14,5,log2,597,0.8127340823970037,0.7515151515151515,0.7508297915401739,0.7515151515151516,0.749829268
0,entropy,9,5,log2,641,0.8426966292134831,0.7515151515151515,0.7483955679122655,0.7515151515151515,0.7492231844864891
0,entropy,12,5,sqrt,763,0.81897628,0.7515151515151515,0.7503024023332566,0.7515151515151515,0.7481734967943301
0,entropy,3,3,log2,739,0.7553058676654182,0.7515151515151515,0.7596632590603045,0.7515151515151515,0.7540209271957998
0,entropy,3,3,log2,739,0.7553058676654182,0.7515151515151515,0.7596632590603045,0.7515151515151515,0.7540209271957998
0,entropy,8,12,0.33,448,0.7752808988764045,0.7515151515151515,0.7623139684218478,0.7515151515151516,0.7507874510185211
0,entropy,8,12,0.33,448,0.7752808988764045,0.7515151515151515,0.7623139684218478,0.7515151515151516,0.7507874510185211
0,entropy,10,11,0.33,710,0.8014981273408239,0.7515151515151515,0.763797656,0.7515151515151516,0.7543428158353532
0,gini,10,5,0.33,800,0.8576779026217228,0.7484848484848485,0.7463548781548505,0.7484848484848485,0.7448603428085147
0,entropy,4,9,0.33,474,0.7715355805243446,0.7484848484848485,0.7532872476207609,0.7484848484848485,0.7501748493135635
0,entropy,15,11,log2,741,0.8002496878901373,0.7484848484848485,0.743789847,0.7484848484848484,0.7398746707473606
0,entropy,11,14,log2,483,0.7565543071161048,0.7484848484848485,0.7473539302828508,0.7484848484848485,0.7477760768470004
0,entropy,8,13,sqrt,712,0.7852684144818977,0.7484848484848485,0.7633816814479936,0.7484848484848484,0.7526684229509244
0,entropy,14,6,log2,550,0.8127340823970037,0.7484848484848485,0.7512240235012513,0.7484848484848484,0.7490957980967794
0,entropy,14,6,log2,550,0.8127340823970037,0.7484848484848485,0.7512240235012513,0.7484848484848484,0.7490957980967794
0,gini,8,8,log2,443,0.7790262172284644,0.7484848484848485,0.7621463146107789,0.7484848484848485,0.7500554243398146
0,entropy,13,7,sqrt,775,0.8252184769038702,0.7484848484848485,0.7539168572627828,0.7484848484848484,0.7504763914863903
0,entropy,13,7,sqrt,775,0.8252184769038702,0.7484848484848485,0.7539168572627828,0.7484848484848484,0.7504763914863903
0,entropy,12,12,0.33,431,0.7602996254681648,0.7484848484848485,0.7425172720755638,0.7484848484848485,0.7400066623095668
0,gini,14,4,0.33,486,0.8239700374531835,0.7484848484848485,0.7521213505965981,0.7484848484848484,0.7485918795786963
0,entropy,6,14,log2,583,0.7640449438202247,0.7484848484848485,0.753091349,0.7484848484848485,0.749917474
0,entropy,6,14,log2,583,0.7640449438202247,0.7484848484848485,0.753091349,0.7484848484848485,0.749917474
0,entropy,5,13,0.33,672,0.7578027465667915,0.7484848484848485,0.7441366393577589,0.7484848484848485,0.7441909561504493
0,entropy,9,14,sqrt,647,0.7852684144818977,0.7484848484848485,0.7513321420522231,0.7484848484848485,0.7493530431416556
0,gini,13,3,log2,567,0.8389513108614233,0.7484848484848485,0.7458338677269035,0.7484848484848485,0.7466781986318326
0,gini,14,1,0.33,757,0.9013732833957553,0.7484848484848485,0.7579284509209918,0.7484848484848484,0.7503958175374653
0,gini,14,10,0.33,420,0.7915106117353309,0.7484848484848485,0.7631270603254549,0.7484848484848484,0.7526859129305185
0,entropy,10,4,log2,514,0.8214731585518102,0.7484848484848485,0.7584415584415586,0.7484848484848485,0.7515804058467378
0,entropy,4,1,sqrt,565,0.7727840199750312,0.7484848484848485,0.7624694146433276,0.7484848484848485,0.741964145
0,entropy,4,1,sqrt,565,0.7727840199750312,0.7484848484848485,0.7624694146433276,0.7484848484848485,0.741964145
0,entropy,5,3,0.33,666,0.7777777777777778,0.7484848484848485,0.7482905982905983,0.7484848484848484,0.74529837
0,gini,14,13,sqrt,669,0.7727840199750312,0.7484848484848485,0.7525833658029741,0.7484848484848485,0.7488580689344003
0,entropy,15,2,sqrt,432,0.7927590511860175,0.7484848484848485,0.745044321,0.7484848484848484,0.7452643336152048
0,entropy,13,3,sqrt,459,0.8277153558052435,0.7484848484848485,0.7468115942028986,0.7484848484848484,0.7468783068783069
0,entropy,4,1,log2,560,0.7615480649188514,0.7484848484848485,0.7495831329164663,0.7484848484848485,0.7489935306449068
0,gini,13,4,log2,470,0.81897628,0.7484848484848485,0.7454583953970618,0.7484848484848485,0.7463544373203205
0,entropy,11,8,0.33,449,0.8002496878901373,0.7484848484848485,0.7428147332445739,0.7484848484848485,0.741553395
0,gini,15,1,log2,657,0.9001248439450686,0.7484848484848485,0.7502415240279318,0.7484848484848485,0.7488261657337789
0,entropy,3,10,0.33,715,0.7490636704119851,0.7484848484848485,0.7700990063812011,0.7484848484848484,0.7298928305486632
0,entropy,10,10,log2,416,0.7890137328339576,0.7484848484848485,0.7505672793283412,0.7484848484848485,0.7492281686992722
0,gini,8,2,log2,403,0.8214731585518102,0.7484848484848485,0.7503312276532091,0.7484848484848485,0.7443394146860131
0,gini,12,1,0.33,440,0.8614232209737828,0.7484848484848485,0.7450505050505051,0.7484848484848485,0.7457682414204153
0,gini,4,7,sqrt,497,0.7528089887640449,0.7484848484848485,0.7506916717080058,0.7484848484848485,0.7487410450906026
0,gini,4,7,sqrt,497,0.7528089887640449,0.7484848484848485,0.7506916717080058,0.7484848484848485,0.7487410450906026
0,gini,15,14,sqrt,475,0.7428214731585518,0.7484848484848485,0.7639948628843394,0.7484848484848484,0.7499954424056806
0,gini,5,4,0.33,483,0.815230961,0.7484848484848485,0.744132014,0.7484848484848484,0.7438881811852277
0,gini,5,4,0.33,483,0.815230961,0.7484848484848485,0.744132014,0.7484848484848484,0.7438881811852277
0,entropy,8,14,sqrt,641,0.762796504,0.7484848484848485,0.7471916251256255,0.7484848484848485,0.7477484230413495
0,entropy,8,14,sqrt,641,0.762796504,0.7484848484848485,0.7471916251256255,0.7484848484848485,0.7477484230413495
0,entropy,10,12,0.33,786,0.8127340823970037,0.7484848484848485,0.7499023502624634,0.7484848484848485,0.7490671183777678
0,entropy,8,13,0.33,583,0.8002496878901373,0.7484848484848485,0.7507519255336631,0.7484848484848484,0.7428873288844318
0,entropy,8,13,0.33,583,0.8002496878901373,0.7484848484848485,0.7507519255336631,0.7484848484848484,0.7428873288844318
0,gini,4,10,0.33,625,0.7727840199750312,0.7484848484848485,0.7524919289749797,0.7484848484848484,0.7496218022533813
0,entropy,7,6,sqrt,731,0.797752809,0.7484848484848485,0.7643416068580541,0.7484848484848485,0.7517719208895679
0,entropy,7,2,0.33,721,0.8339575530586767,0.7484848484848485,0.7477981801799363,0.7484848484848484,0.7480110507894423
0,gini,14,14,log2,645,0.7578027465667915,0.7484848484848485,0.7502621029910577,0.7484848484848485,0.7339075726887608
0,gini,9,5,sqrt,531,0.8164794007490637,0.7484848484848485,0.7474489340757767,0.7484848484848484,0.7458728913550982
0,entropy,4,14,sqrt,614,0.7602996254681648,0.7484848484848485,0.7499869624623215,0.7484848484848485,0.7443938473993118
0,entropy,4,14,sqrt,614,0.7602996254681648,0.7484848484848485,0.7499869624623215,0.7484848484848485,0.7443938473993118
0,gini,6,4,sqrt,640,0.8127340823970037,0.7484848484848485,0.7553967709252541,0.7484848484848484,0.7496025437201909
0,gini,8,13,0.33,453,0.7677902621722846,0.7484848484848485,0.7452094717668488,0.7484848484848484,0.74564534
0,entropy,15,10,sqrt,605,0.7640449438202247,0.7484848484848485,0.7484276729559749,0.7484848484848485,0.7483316649983317
0,gini,4,9,sqrt,676,0.7553058676654182,0.7484848484848485,0.7700608538536328,0.7484848484848485,0.7514667598768553
0,entropy,10,9,0.33,602,0.8264669163545568,0.7484848484848485,0.7493943856938209,0.7484848484848485,0.7483873377748295
0,gini,6,12,0.33,772,0.8164794007490637,0.7484848484848485,0.7569541401267363,0.7484848484848485,0.7500850595832622
0,gini,6,10,sqrt,758,0.8002496878901373,0.7484848484848485,0.7563553384638163,0.7484848484848485,0.7497390494259087
0,entropy,7,8,log2,673,0.8114856429463171,0.7484848484848485,0.7488925199709513,0.7484848484848485,0.7477834390749925
0,entropy,13,3,log2,786,0.8539325842696629,0.7484848484848485,0.7465010465010464,0.7484848484848485,0.7463624095203043
0,gini,11,6,log2,705,0.8052434456928839,0.7484848484848485,0.7619895382827968,0.7484848484848484,0.7476689367824858
0,entropy,10,9,log2,479,0.7815230961298377,0.7484848484848485,0.7445905129728659,0.7484848484848485,0.745529738
0,entropy,10,9,log2,479,0.7815230961298377,0.7484848484848485,0.7445905129728659,0.7484848484848485,0.745529738
0,entropy,4,7,sqrt,637,0.7652933832709113,0.7484848484848485,0.7725890101380154,0.7484848484848485,0.7534343465556964
0,entropy,6,9,0.33,556,0.7952559300873908,0.7484848484848485,0.748771445,0.7484848484848485,0.7485840302354063
0,gini,3,13,sqrt,716,0.766541823,0.7484848484848485,0.7473650793650793,0.7484848484848484,0.7462218138121157
0,entropy,9,11,sqrt,596,0.7727840199750312,0.7484848484848485,0.752113978,0.7484848484848485,0.7499276947792373
0,entropy,9,9,0.33,688,0.8439450686641697,0.7484848484848485,0.7465408805031446,0.7484848484848485,0.7459978293311625
0,entropy,9,9,0.33,688,0.8439450686641697,0.7484848484848485,0.7465408805031446,0.7484848484848485,0.7459978293311625
0,gini,5,2,0.33,650,0.7990012484394506,0.7484848484848485,0.7592224110691963,0.7484848484848485,0.751300111
0,gini,12,9,log2,579,0.7890137328339576,0.7484848484848485,0.7520450154094714,0.7484848484848484,0.7487990507670141
0,entropy,11,3,log2,541,0.8289637952559301,0.7484848484848485,0.7482131254061078,0.7484848484848485,0.7482252075141984
0,entropy,14,13,sqrt,400,0.7578027465667915,0.7484848484848485,0.7556382685414943,0.7484848484848485,0.7495752438444088
0,entropy,14,13,sqrt,400,0.7578027465667915,0.7484848484848485,0.7556382685414943,0.7484848484848485,0.7495752438444088
0,entropy,6,5,log2,660,0.7990012484394506,0.7484848484848485,0.7544075403079038,0.7484848484848484,0.7489791838930762
0,gini,14,6,log2,553,0.8064918851435705,0.7484848484848485,0.7444038742740041,0.7484848484848484,0.7451502745620392
0,entropy,8,5,sqrt,542,0.8014981273408239,0.7484848484848485,0.7648782953767256,0.7484848484848484,0.7495885990809962
0,entropy,8,5,sqrt,542,0.8014981273408239,0.7484848484848485,0.7648782953767256,0.7484848484848484,0.7495885990809962
0,entropy,14,9,log2,487,0.7827715355805244,0.7484848484848485,0.7435583468288764,0.7484848484848484,0.7447596314985162
0,gini,11,3,sqrt,710,0.8439450686641697,0.7484848484848485,0.7516915954415956,0.7484848484848484,0.7484567241207248
0,gini,11,3,sqrt,710,0.8439450686641697,0.7484848484848485,0.7516915954415956,0.7484848484848484,0.7484567241207248
0,gini,7,7,0.33,426,0.8127340823970037,0.7484848484848485,0.7538797174888007,0.7484848484848485,0.7496889566912449
0,gini,11,13,sqrt,660,0.8164794007490637,0.7484848484848485,0.7454918601103807,0.7484848484848485,0.7461881799430176
0,entropy,13,6,sqrt,671,0.8114856429463171,0.7484848484848485,0.7449397725993471,0.7484848484848484,0.7441785753849564
0,gini,15,11,0.33,652,0.7902621722846442,0.7484848484848485,0.7510041128462182,0.7484848484848485,0.7494271641467902
0,gini,13,5,sqrt,588,0.81897628,0.7484848484848485,0.7486224567660265,0.7484848484848485,0.7482607096284669
0,gini,13,5,sqrt,588,0.81897628,0.7484848484848485,0.7486224567660265,0.7484848484848485,0.7482607096284669
0,gini,13,9,sqrt,714,0.8077403245942572,0.7484848484848485,0.7510343982049322,0.7484848484848485,0.7482550205281361
0,entropy,4,1,sqrt,729,0.7565543071161048,0.7484848484848485,0.7430111555111555,0.7484848484848484,0.7411980161980162
0,gini,11,6,log2,521,0.7952559300873908,0.7484848484848485,0.7508308126638435,0.7484848484848485,0.7488446411012782
0,gini,11,6,log2,521,0.7952559300873908,0.7484848484848485,0.7508308126638435,0.7484848484848485,0.7488446411012782
0,entropy,13,5,0.33,640,0.8264669163545568,0.7484848484848485,0.7609208270793862,0.7484848484848485,0.7515932454051265
0,entropy,10,11,0.33,528,0.7927590511860175,0.7484848484848485,0.7483173893724353,0.7484848484848485,0.7479359561264838
0,entropy,6,13,0.33,687,0.8164794007490637,0.7484848484848485,0.7557356772813447,0.7484848484848484,0.7506128928542722
0,gini,14,3,0.33,635,0.8576779026217228,0.7484848484848485,0.7462756874521581,0.7484848484848485,0.7468066720048121
0,gini,14,3,0.33,635,0.8576779026217228,0.7484848484848485,0.7462756874521581,0.7484848484848485,0.7468066720048121
0,entropy,6,10,sqrt,755,0.7915106117353309,0.7484848484848485,0.7445116018456148,0.7484848484848484,0.7453730480046269
0,entropy,10,1,log2,727,0.8976279650436954,0.7484848484848485,0.7493783794649138,0.7484848484848485,0.7485028690662494
0,entropy,7,14,log2,712,0.7940074906367042,0.7484848484848485,0.7472551602986385,0.7484848484848485,0.7476266541382821
0,entropy,4,6,log2,405,0.7490636704119851,0.7454545454545455,0.7532518658581111,0.7454545454545455,0.7471022891915386
0,entropy,4,6,log2,405,0.7490636704119851,0.7454545454545455,0.7532518658581111,0.7454545454545455,0.7471022891915386
0,gini,9,12,sqrt,638,0.784019975,0.7454545454545455,0.7453475161974986,0.7454545454545455,0.7438705778187816
0,gini,9,12,sqrt,638,0.784019975,0.7454545454545455,0.7453475161974986,0.7454545454545455,0.7438705778187816
0,gini,7,4,sqrt,421,0.7752808988764045,0.7454545454545455,0.7510330578512395,0.7454545454545455,0.744107744
0,gini,7,4,sqrt,421,0.7752808988764045,0.7454545454545455,0.7510330578512395,0.7454545454545455,0.744107744
0,entropy,2,10,0.33,483,0.7528089887640449,0.7454545454545455,0.7684780497280497,0.7454545454545455,0.7341601371975203
0,entropy,7,5,sqrt,752,0.8239700374531835,0.7454545454545455,0.7417374646010328,0.7454545454545455,0.7426928185754456
0,entropy,10,13,sqrt,586,0.7578027465667915,0.7454545454545455,0.7458372357674451,0.7454545454545455,0.7449429749330445
0,entropy,3,13,0.33,676,0.766541823,0.7454545454545455,0.7425322163201549,0.7454545454545455,0.739299823
0,entropy,3,13,0.33,676,0.766541823,0.7454545454545455,0.7425322163201549,0.7454545454545455,0.739299823
0,gini,15,10,sqrt,443,0.7715355805243446,0.7454545454545455,0.7526594263436368,0.7454545454545455,0.745544794
0,entropy,8,6,log2,503,0.7765293383270911,0.7454545454545455,0.743926331,0.7454545454545455,0.7434903561762152
0,gini,8,11,0.33,574,0.8114856429463171,0.7454545454545455,0.7586042263461619,0.7454545454545455,0.74901952
0,gini,12,1,sqrt,793,0.9013732833957553,0.7454545454545455,0.7441470697120415,0.7454545454545455,0.7442805332803845
0,gini,14,4,0.33,401,0.8064918851435705,0.7454545454545455,0.7463351634702642,0.7454545454545455,0.744438949
0,gini,10,9,0.33,436,0.8052434456928839,0.7454545454545455,0.7540992745322642,0.7454545454545455,0.7478174743499918
0,gini,2,5,0.33,413,0.7528089887640449,0.7454545454545455,0.7684780497280497,0.7454545454545455,0.7341601371975203
0,gini,12,7,0.33,683,0.832709114,0.7454545454545455,0.7498373566170177,0.7454545454545455,0.7469872508601406
0,entropy,7,13,sqrt,573,0.766541823,0.7454545454545455,0.7423979326752167,0.7454545454545455,0.7426350521627763
0,entropy,7,13,sqrt,573,0.766541823,0.7454545454545455,0.7423979326752167,0.7454545454545455,0.7426350521627763
0,gini,15,6,sqrt,466,0.7902621722846442,0.7454545454545455,0.7603456013897439,0.7454545454545455,0.7488673070487563
0,gini,15,6,sqrt,466,0.7902621722846442,0.7454545454545455,0.7603456013897439,0.7454545454545455,0.7488673070487563
0,gini,3,13,0.33,653,0.7440699126092385,0.7454545454545455,0.7533520690778754,0.7454545454545455,0.7472112209976287
0,entropy,5,8,sqrt,715,0.7428214731585518,0.7454545454545455,0.7440281801184057,0.7454545454545455,0.7408080151744869
0,gini,4,5,sqrt,739,0.7615480649188514,0.7454545454545455,0.7550057021831216,0.7454545454545455,0.7482004511130724
0,gini,13,14,sqrt,421,0.7740324594257179,0.7454545454545455,0.7495115995115995,0.7454545454545455,0.7471123145940265
0,entropy,4,13,log2,660,0.7652933832709113,0.7454545454545455,0.7583534510919362,0.7454545454545455,0.7440840521485682
0,gini,6,6,log2,649,0.7802746566791511,0.7454545454545455,0.7467647344781928,0.7454545454545455,0.7460441176756055
0,gini,6,6,log2,649,0.7802746566791511,0.7454545454545455,0.7467647344781928,0.7454545454545455,0.7460441176756055
0,gini,15,8,sqrt,460,0.7590511860174781,0.7454545454545455,0.7450522826776208,0.7454545454545455,0.7441347810645392
0,entropy,8,3,log2,612,0.8177278401997503,0.7454545454545455,0.7594820384294069,0.7454545454545455,0.7486633247417963
0,entropy,2,5,0.33,450,0.7528089887640449,0.7454545454545455,0.7684780497280497,0.7454545454545455,0.7341601371975203
0,entropy,2,5,0.33,450,0.7528089887640449,0.7454545454545455,0.7684780497280497,0.7454545454545455,0.7341601371975203
0,entropy,13,4,log2,439,0.8089887640449438,0.7454545454545455,0.7466100715831443,0.7454545454545455,0.7418521284672764
0,entropy,10,1,sqrt,736,0.9088639200998752,0.7454545454545455,0.7425910296599952,0.7454545454545455,0.7436650852249231
0,entropy,10,1,sqrt,736,0.9088639200998752,0.7454545454545455,0.7425910296599952,0.7454545454545455,0.7436650852249231
0,entropy,2,13,sqrt,527,0.7528089887640449,0.7454545454545455,0.7684780497280497,0.7454545454545455,0.7341601371975203
0,entropy,2,13,sqrt,527,0.7528089887640449,0.7454545454545455,0.7684780497280497,0.7454545454545455,0.7341601371975203
0,gini,12,10,0.33,596,0.7965043695380774,0.7454545454545455,0.7424659167816583,0.7454545454545455,0.7403349
0,gini,12,10,0.33,596,0.7965043695380774,0.7454545454545455,0.7424659167816583,0.7454545454545455,0.7403349
0,entropy,10,14,log2,601,0.7340823970037453,0.7454545454545455,0.7418254256679454,0.7454545454545455,0.7352186013107102
0,gini,11,4,0.33,780,0.8664169787765293,0.7454545454545455,0.7538831694621168,0.7454545454545455,0.7464005958051687
0,gini,11,4,0.33,780,0.8664169787765293,0.7454545454545455,0.7538831694621168,0.7454545454545455,0.7464005958051687
0,entropy,14,5,log2,636,0.8302122347066168,0.7454545454545455,0.7434702661410976,0.7454545454545455,0.7439091812752667
0,entropy,14,5,log2,636,0.8302122347066168,0.7454545454545455,0.7434702661410976,0.7454545454545455,0.7439091812752667
0,gini,11,6,log2,452,0.8089887640449438,0.7454545454545455,0.7446846108741577,0.7454545454545455,0.7447695997802897
0,gini,11,6,log2,452,0.8089887640449438,0.7454545454545455,0.7446846108741577,0.7454545454545455,0.7447695997802897
0,gini,4,2,sqrt,676,0.7403245942571786,0.7454545454545455,0.7661564134655499,0.7454545454545455,0.7479540421268834
0,gini,11,5,sqrt,771,0.850187266,0.7454545454545455,0.7543616260000477,0.7454545454545455,0.7451168995513199
0,gini,11,8,sqrt,757,0.8302122347066168,0.7454545454545455,0.7514411526189341,0.7454545454545455,0.7474264996555112
0,gini,7,2,sqrt,754,0.8514357053682896,0.7454545454545455,0.7455119249298666,0.7454545454545455,0.74436463
0,entropy,11,14,0.33,690,0.8114856429463171,0.7454545454545455,0.7439700898332013,0.7454545454545455,0.7440411227742074
0,entropy,4,14,sqrt,729,0.7553058676654182,0.7454545454545455,0.7410775686637755,0.7454545454545455,0.7389973017952783
0,entropy,4,14,sqrt,729,0.7553058676654182,0.7454545454545455,0.7410775686637755,0.7454545454545455,0.7389973017952783
0,gini,10,2,sqrt,463,0.8227215980024969,0.7454545454545455,0.7501482797276203,0.7454545454545455,0.7466838577129633
0,entropy,8,9,0.33,755,0.8426966292134831,0.7454545454545455,0.7474284032725591,0.7454545454545455,0.7449470464176345
0,entropy,8,12,log2,592,0.7478152309612984,0.7454545454545455,0.7447006755182856,0.7454545454545455,0.7448011731251697
0,gini,6,7,log2,798,0.8002496878901373,0.7454545454545455,0.7489021180877943,0.7454545454545455,0.7459795321637427
0,gini,9,1,0.33,586,0.8863920099875156,0.7454545454545455,0.7590769942828565,0.7454545454545455,0.7483756732276171
0,gini,9,1,0.33,586,0.8863920099875156,0.7454545454545455,0.7590769942828565,0.7454545454545455,0.7483756732276171
0,gini,3,6,log2,800,0.7240948813982522,0.7454545454545455,0.7422181309619463,0.7454545454545455,0.7431910434742214
0,entropy,7,6,0.33,414,0.815230961,0.7454545454545455,0.7516973068859861,0.7454545454545455,0.7478664700187116
0,entropy,13,12,sqrt,576,0.8089887640449438,0.7454545454545455,0.7436794171220401,0.7454545454545455,0.7433738569771471
0,entropy,13,12,sqrt,576,0.8089887640449438,0.7454545454545455,0.7436794171220401,0.7454545454545455,0.7433738569771471
0,entropy,6,12,sqrt,465,0.7390761548064919,0.7454545454545455,0.740386668,0.7454545454545455,0.7319638263737643
0,entropy,4,8,sqrt,515,0.7902621722846442,0.7454545454545455,0.7519933550571848,0.7454545454545455,0.7459816223270542
0,entropy,3,14,0.33,577,0.762796504,0.7454545454545455,0.7666685166685167,0.7454545454545455,0.7497450546311505
0,entropy,3,14,0.33,577,0.762796504,0.7454545454545455,0.7666685166685167,0.7454545454545455,0.7497450546311505
0,gini,8,6,log2,773,0.8227215980024969,0.7454545454545455,0.7364655683934016,0.7454545454545455,0.7354864094739453
0,entropy,3,3,0.33,682,0.7378277153558053,0.7454545454545455,0.7697665732959851,0.7454545454545455,0.7456484922455741
0,entropy,3,3,0.33,682,0.7378277153558053,0.7454545454545455,0.7697665732959851,0.7454545454545455,0.7456484922455741
0,entropy,7,7,log2,655,0.7965043695380774,0.7454545454545455,0.7430723658740347,0.7454545454545455,0.7422733735515061
0,entropy,6,5,log2,769,0.7965043695380774,0.7454545454545455,0.7451409990314101,0.7454545454545455,0.733606605
0,entropy,14,6,sqrt,749,0.8114856429463171,0.7454545454545455,0.7437586487586488,0.7454545454545455,0.7426828992328754
0,entropy,4,6,0.33,719,0.8077403245942572,0.7454545454545455,0.7411173018577356,0.7454545454545455,0.7407813602000844
0,gini,7,6,0.33,672,0.8339575530586767,0.7454545454545455,0.7465936710286994,0.7454545454545455,0.7454831668900451
0,entropy,8,14,0.33,426,0.7515605493133583,0.7454545454545455,0.7404573285081449,0.7454545454545455,0.7415711675801363
0,gini,4,6,0.33,719,0.8127340823970037,0.7454545454545455,0.7418357011852947,0.7454545454545455,0.7422155312395146
0,gini,4,6,0.33,719,0.8127340823970037,0.7454545454545455,0.7418357011852947,0.7454545454545455,0.7422155312395146
0,gini,2,14,0.33,769,0.7328339575530587,0.7454545454545455,0.7825850850850852,0.7454545454545455,0.7504461813864315
0,gini,2,14,0.33,769,0.7328339575530587,0.7454545454545455,0.7825850850850852,0.7454545454545455,0.7504461813864315
0,entropy,9,3,sqrt,517,0.8451935081148564,0.7454545454545455,0.7434348031283711,0.7454545454545455,0.7420159069310946
0,entropy,9,3,sqrt,517,0.8451935081148564,0.7454545454545455,0.7434348031283711,0.7454545454545455,0.7420159069310946
0,entropy,12,3,0.33,468,0.8401997503121099,0.7454545454545455,0.7570040183160452,0.7454545454545455,0.746510969
0,gini,10,9,sqrt,710,0.8314606741573034,0.7454545454545455,0.7456231984405929,0.7454545454545455,0.7453120243531203
0,entropy,5,12,0.33,421,0.7690387016229713,0.7454545454545455,0.7611273462376404,0.7454545454545455,0.7475434588158092
0,entropy,14,2,sqrt,553,0.8439450686641697,0.7454545454545455,0.7498935231892901,0.7454545454545455,0.747088619
0,gini,6,10,sqrt,550,0.7652933832709113,0.7454545454545455,0.7571891947464465,0.7454545454545455,0.7482591805806482
0,entropy,7,12,sqrt,524,0.784019975,0.7454545454545455,0.7520376137506505,0.7454545454545455,0.7476292020849163
0,gini,3,5,sqrt,764,0.7240948813982522,0.7454545454545455,0.7676416256157635,0.7454545454545455,0.7281519614852948
0,gini,7,14,sqrt,626,0.7802746566791511,0.7454545454545455,0.7570670498173273,0.7454545454545455,0.7471880523012624
0,entropy,7,10,log2,615,0.787765293,0.7454545454545455,0.7424558904021379,0.7454545454545455,0.7434458168303552
0,entropy,13,10,sqrt,745,0.8127340823970037,0.7454545454545455,0.7432419432419431,0.7454545454545455,0.7423559076858663
0,entropy,14,5,sqrt,403,0.8077403245942572,0.7454545454545455,0.7425749986559605,0.7454545454545455,0.7436552548975969
0,entropy,15,8,0.33,766,0.8302122347066168,0.7454545454545455,0.7439162912624383,0.7454545454545455,0.7443047945866382
0,gini,13,12,log2,788,0.7902621722846442,0.7454545454545455,0.7454287185925604,0.7454545454545455,0.7448894965986804
0,entropy,11,14,sqrt,482,0.7652933832709113,0.7454545454545455,0.7481397829223916,0.7454545454545455,0.7465382507242971
0,entropy,9,6,log2,679,0.815230961,0.7454545454545455,0.7463655244029076,0.7454545454545455,0.7458333075031368
0,entropy,11,5,sqrt,444,0.7965043695380774,0.7454545454545455,0.754746519,0.7454545454545455,0.7481623386908218
0,entropy,10,9,log2,488,0.7790262172284644,0.7454545454545455,0.744839266,0.7454545454545455,0.74510791
0,gini,15,9,0.33,427,0.7902621722846442,0.7454545454545455,0.742803852,0.7454545454545455,0.7430231868588032
0,gini,15,9,0.33,427,0.7902621722846442,0.7454545454545455,0.742803852,0.7454545454545455,0.7430231868588032
0,entropy,7,8,log2,728,0.8102372034956304,0.7454545454545455,0.7539467311114171,0.7454545454545455,0.7475415598801538
0,entropy,13,5,log2,464,0.7965043695380774,0.7454545454545455,0.7424614805779582,0.7454545454545455,0.7428346507293876
0,gini,14,13,log2,677,0.7540574282147315,0.7454545454545455,0.7543360235372525,0.7454545454545455,0.7481867011683526
0,entropy,9,10,log2,707,0.8039950062421972,0.7424242424242424,0.7453043839182453,0.7424242424242425,0.7431669095238839
0,gini,10,11,0.33,586,0.7915106117353309,0.7424242424242424,0.7412830275758625,0.7424242424242423,0.7416521903885029
0,gini,8,11,0.33,689,0.8089887640449438,0.7424242424242424,0.7375597713310861,0.7424242424242423,0.7373076822334248
0,gini,10,12,log2,667,0.7615480649188514,0.7424242424242424,0.7439914645103324,0.7424242424242425,0.7430764097430765
0,entropy,12,12,0.33,743,0.8139825218476904,0.7424242424242424,0.7496868949038026,0.7424242424242423,0.7423785391926986
0,entropy,13,5,sqrt,578,0.8539325842696629,0.7424242424242424,0.7449937976253765,0.7424242424242425,0.7426755464953935
0,entropy,13,5,sqrt,578,0.8539325842696629,0.7424242424242424,0.7449937976253765,0.7424242424242425,0.7426755464953935
0,gini,9,7,sqrt,473,0.7965043695380774,0.7424242424242424,0.7412042385088208,0.7424242424242425,0.7398252772546559
0,gini,14,6,0.33,671,0.8389513108614233,0.7424242424242424,0.7440769928386027,0.7424242424242425,0.7384032883391035
0,entropy,8,13,log2,625,0.7752808988764045,0.7424242424242424,0.7444122986158384,0.7424242424242425,0.7431233672799408
0,gini,13,8,log2,723,0.7915106117353309,0.7424242424242424,0.7422458291492697,0.7424242424242425,0.7417303885246743
0,gini,13,8,log2,723,0.7915106117353309,0.7424242424242424,0.7422458291492697,0.7424242424242425,0.7417303885246743
0,gini,14,13,sqrt,688,0.787765293,0.7424242424242424,0.7493112947658402,0.7424242424242425,0.7446646920331131
0,gini,11,11,log2,556,0.784019975,0.7424242424242424,0.7469160239346575,0.7424242424242425,0.7434339897335492
0,entropy,5,6,log2,621,0.7777777777777778,0.7424242424242424,0.7537417073591793,0.7424242424242423,0.745096716
0,entropy,8,5,log2,438,0.7777777777777778,0.7424242424242424,0.747196613,0.7424242424242425,0.7441798877610575
0,entropy,8,5,log2,438,0.7777777777777778,0.7424242424242424,0.747196613,0.7424242424242425,0.7441798877610575
0,entropy,4,11,0.33,779,0.7590511860174781,0.7424242424242424,0.7503404316963639,0.7424242424242425,0.7274316790679682
0,gini,12,5,sqrt,497,0.815230961,0.7424242424242424,0.7379346255271848,0.7424242424242425,0.7383753387326942
0,entropy,14,12,sqrt,525,0.8002496878901373,0.7424242424242424,0.7501982014862577,0.7424242424242425,0.7448476810545775
0,entropy,14,12,sqrt,525,0.8002496878901373,0.7424242424242424,0.7501982014862577,0.7424242424242425,0.7448476810545775
0,gini,4,2,0.33,414,0.7677902621722846,0.7424242424242424,0.7596477036145183,0.7424242424242425,0.7460308689341592
0,entropy,6,4,log2,424,0.7915106117353309,0.7424242424242424,0.743003882,0.7424242424242423,0.7323245594280591
0,gini,11,13,0.33,469,0.8077403245942572,0.7424242424242424,0.7382322676610226,0.7424242424242425,0.7383815093225751
0,entropy,8,4,log2,507,0.7965043695380774,0.7424242424242424,0.736589697,0.7424242424242425,0.7364248530094076
0,entropy,9,13,log2,655,0.784019975,0.7424242424242424,0.7579124579124579,0.7424242424242423,0.7429534811312962
0,entropy,9,13,log2,655,0.784019975,0.7424242424242424,0.7579124579124579,0.7424242424242423,0.7429534811312962
0,gini,10,8,log2,783,0.8027465667915106,0.7424242424242424,0.7378001324722637,0.7424242424242425,0.7363217381208386
0,gini,10,8,log2,783,0.8027465667915106,0.7424242424242424,0.7378001324722637,0.7424242424242425,0.7363217381208386
0,gini,3,7,sqrt,477,0.7403245942571786,0.7424242424242424,0.7469046760427935,0.7424242424242425,0.7425180598555211
0,gini,3,7,sqrt,477,0.7403245942571786,0.7424242424242424,0.7469046760427935,0.7424242424242425,0.7425180598555211
0,entropy,8,6,0.33,502,0.8314606741573034,0.7424242424242424,0.740748642,0.7424242424242423,0.7394811602504093
0,entropy,7,10,sqrt,475,0.7403245942571786,0.7424242424242424,0.7530492588463602,0.7424242424242423,0.7442115541829413
0,entropy,14,13,sqrt,783,0.8027465667915106,0.7424242424242424,0.7443742288826698,0.7424242424242425,0.7432419432419431
0,entropy,4,10,0.33,659,0.784019975,0.7424242424242424,0.744833155,0.7424242424242423,0.7420532596278592
0,gini,5,9,sqrt,449,0.7902621722846442,0.7424242424242424,0.7502645502645503,0.7424242424242425,0.7444709527069545
0,entropy,14,7,sqrt,643,0.7965043695380774,0.7424242424242424,0.7546854935505344,0.7424242424242425,0.7428522962865912
0,gini,6,12,log2,437,0.766541823,0.7424242424242424,0.7432090953830084,0.7424242424242425,0.7424732602522597
0,gini,6,12,log2,437,0.766541823,0.7424242424242424,0.7432090953830084,0.7424242424242425,0.7424732602522597
0,gini,4,5,log2,678,0.7578027465667915,0.7424242424242424,0.762430121,0.7424242424242423,0.7477101409669559
0,gini,14,11,log2,556,0.784019975,0.7424242424242424,0.7469160239346575,0.7424242424242425,0.7434339897335492
0,gini,14,11,log2,556,0.784019975,0.7424242424242424,0.7469160239346575,0.7424242424242425,0.7434339897335492
0,gini,14,1,log2,409,0.8264669163545568,0.7424242424242424,0.7411652684828766,0.7424242424242425,0.741662809
0,entropy,14,9,0.33,604,0.8227215980024969,0.7424242424242424,0.7467747329952054,0.7424242424242425,0.7423654691831048
0,entropy,6,12,0.33,511,0.7827715355805244,0.7424242424242424,0.7403428444456731,0.7424242424242423,0.7386860680587476
0,entropy,4,13,0.33,672,0.7777777777777778,0.7424242424242424,0.746158092,0.7424242424242423,0.7436115942061695
0,gini,7,11,log2,424,0.7378277153558053,0.7424242424242424,0.7443938581659726,0.7424242424242425,0.7323910955489903
0,gini,7,11,log2,424,0.7378277153558053,0.7424242424242424,0.7443938581659726,0.7424242424242425,0.7323910955489903
0,gini,11,10,log2,684,0.8077403245942572,0.7424242424242424,0.7458423760147898,0.7424242424242425,0.7437731044628736
0,entropy,6,3,0.33,720,0.8352059925093633,0.7424242424242424,0.7541534819236597,0.7424242424242423,0.7457664486039085
0,entropy,7,2,0.33,572,0.8701622971285893,0.7424242424242424,0.7440349403798328,0.7424242424242423,0.7415942198550894
0,gini,5,4,log2,537,0.787765293,0.7424242424242424,0.747762458,0.7424242424242425,0.7443902659262269
0,entropy,13,6,sqrt,550,0.8202247191011236,0.7424242424242424,0.7390852892881291,0.7424242424242425,0.7402480122466765
0,gini,9,4,log2,517,0.7852684144818977,0.7424242424242424,0.7447957839262186,0.7424242424242425,0.7433607391746926
0,gini,9,4,log2,517,0.7852684144818977,0.7424242424242424,0.7447957839262186,0.7424242424242425,0.7433607391746926
0,gini,12,11,0.33,409,0.7677902621722846,0.7424242424242424,0.7543283209111534,0.7424242424242423,0.744198015
0,gini,12,11,sqrt,658,0.8089887640449438,0.7424242424242424,0.7431450778369982,0.7424242424242425,0.7401079024003338
0,gini,9,13,0.33,716,0.8052434456928839,0.7424242424242424,0.7620180317123925,0.7424242424242423,0.7464420115191256
0,entropy,3,3,log2,695,0.7553058676654182,0.7424242424242424,0.7550747863247862,0.7424242424242423,0.745798425
0,gini,3,5,sqrt,677,0.7215980024968789,0.7424242424242424,0.7374042933544196,0.7424242424242423,0.7331927217975878
0,gini,3,5,sqrt,677,0.7215980024968789,0.7424242424242424,0.7374042933544196,0.7424242424242423,0.7331927217975878
0,entropy,4,1,0.33,438,0.7902621722846442,0.7424242424242424,0.7578901110180882,0.7424242424242423,0.7206464752020235
0,entropy,8,3,0.33,612,0.8339575530586767,0.7424242424242424,0.7425078515948176,0.7424242424242425,0.7421728174549478
0,gini,6,11,log2,499,0.7790262172284644,0.7424242424242424,0.7398079164155114,0.7424242424242423,0.7332375495375856
0,gini,12,9,0.33,712,0.8089887640449438,0.7424242424242424,0.7391319235677001,0.7424242424242425,0.7401656589221205
0,gini,4,8,sqrt,723,0.766541823,0.7424242424242424,0.758033743,0.7424242424242425,0.740238348
0,gini,4,8,sqrt,723,0.766541823,0.7424242424242424,0.758033743,0.7424242424242425,0.740238348
0,entropy,6,9,log2,771,0.8027465667915106,0.7424242424242424,0.7438429412882578,0.7424242424242425,0.7429982366894352
0,entropy,6,9,log2,535,0.7727840199750312,0.7424242424242424,0.7383786848072562,0.7424242424242425,0.7391530326312935
0,entropy,10,10,log2,697,0.797752809,0.7424242424242424,0.7502340705855969,0.7424242424242423,0.7440958605664488
0,entropy,10,10,log2,697,0.797752809,0.7424242424242424,0.7502340705855969,0.7424242424242423,0.7440958605664488
0,entropy,7,5,log2,596,0.784019975,0.7424242424242424,0.7520049440841521,0.7424242424242425,0.7444106820260474
0,gini,6,9,sqrt,556,0.7690387016229713,0.7424242424242424,0.7411541214111308,0.7424242424242425,0.7417207018725045
0,gini,6,9,sqrt,556,0.7690387016229713,0.7424242424242424,0.7411541214111308,0.7424242424242425,0.7417207018725045
0,gini,10,14,log2,466,0.7652933832709113,0.7424242424242424,0.7524839358807253,0.7424242424242425,0.7424884591516859
0,gini,3,4,0.33,567,0.7815230961298377,0.7424242424242424,0.7428747925297582,0.7424242424242425,0.7415492749637713
0,gini,3,4,0.33,567,0.7815230961298377,0.7424242424242424,0.7428747925297582,0.7424242424242425,0.7415492749637713
0,entropy,4,11,sqrt,695,0.762796504,0.7424242424242424,0.7452256768046243,0.7424242424242425,0.7436045885259291
0,gini,8,6,log2,659,0.8039950062421972,0.7424242424242424,0.74993219,0.7424242424242423,0.7440540860913888
0,gini,8,6,log2,659,0.8039950062421972,0.7424242424242424,0.74993219,0.7424242424242423,0.7440540860913888
0,gini,6,8,0.33,474,0.784019975,0.7424242424242424,0.7503793920061863,0.7424242424242425,0.7443850526167598
0,gini,12,12,0.33,554,0.7740324594257179,0.7424242424242424,0.7417179243026629,0.7424242424242425,0.7419438576345284
0,entropy,4,11,log2,693,0.7565543071161048,0.7424242424242424,0.7472263426808882,0.7424242424242423,0.7261901353239937
0,entropy,3,4,sqrt,431,0.7028714107365793,0.7424242424242424,0.7458710431467578,0.7424242424242425,0.7417817701793362
0,gini,7,13,log2,545,0.7528089887640449,0.7424242424242424,0.7451923076923076,0.7424242424242425,0.7360157640478007
0,gini,7,13,log2,545,0.7528089887640449,0.7424242424242424,0.7451923076923076,0.7424242424242425,0.7360157640478007
0,entropy,3,5,0.33,631,0.731585518,0.7424242424242424,0.7778549209904192,0.7424242424242423,0.7471407164136248
0,gini,2,11,0.33,569,0.7053682896379525,0.7424242424242424,0.7607353730542137,0.7424242424242423,0.7429653498826432
0,gini,10,6,0.33,468,0.8039950062421972,0.7424242424242424,0.7458335168788452,0.7424242424242425,0.7385539823869994
0,gini,14,8,log2,508,0.7777777777777778,0.7393939393939394,0.7405736024785577,0.7393939393939393,0.739916451
0,gini,7,2,log2,428,0.8014981273408239,0.7393939393939394,0.7412619258190335,0.7393939393939394,0.7386166976457411
0,gini,12,12,0.33,755,0.7865168539325843,0.7393939393939394,0.7453886430994356,0.7393939393939394,0.7399888116166006
0,entropy,4,1,log2,403,0.7890137328339576,0.7393939393939394,0.7526198179756379,0.7393939393939393,0.7429372432826101
0,entropy,4,1,log2,403,0.7890137328339576,0.7393939393939394,0.7526198179756379,0.7393939393939393,0.7429372432826101
0,gini,8,8,log2,504,0.7815230961298377,0.7393939393939394,0.7336242613156698,0.7393939393939394,0.7323230313606676
0,gini,8,8,log2,504,0.7815230961298377,0.7393939393939394,0.7336242613156698,0.7393939393939394,0.7323230313606676
0,gini,9,1,log2,506,0.8439450686641697,0.7393939393939394,0.7383198562443846,0.7393939393939394,0.7387387387387387
0,gini,3,2,sqrt,498,0.7265917602996255,0.7393939393939394,0.7450731274260686,0.7393939393939394,0.7416252985468786
0,gini,6,2,sqrt,656,0.8389513108614233,0.7393939393939394,0.754048841,0.7393939393939394,0.7433430407519261
0,entropy,15,4,sqrt,694,0.8476903870162297,0.7393939393939394,0.7407472384665367,0.7393939393939393,0.7355013550135502
0,gini,3,9,log2,701,0.7128589263420724,0.7393939393939394,0.7510999135110743,0.7393939393939394,0.7403247129430334
0,entropy,6,9,sqrt,486,0.7690387016229713,0.7393939393939394,0.7332612092799615,0.7393939393939394,0.7344341245270037
0,entropy,4,14,sqrt,687,0.7465667915106118,0.7393939393939394,0.7380000000000001,0.7393939393939394,0.736993316
0,entropy,14,12,sqrt,522,0.7578027465667915,0.7393939393939394,0.7461015762109118,0.7393939393939394,0.7394949493231678
0,entropy,9,11,log2,595,0.784019975,0.7393939393939394,0.7371293431864195,0.7393939393939394,0.7374647152415732
0,gini,8,11,sqrt,764,0.8202247191011236,0.7393939393939394,0.7345866684467423,0.7393939393939393,0.7358821733821733
0,gini,8,11,sqrt,764,0.8202247191011236,0.7393939393939394,0.7345866684467423,0.7393939393939393,0.7358821733821733
0,gini,11,5,sqrt,783,0.8314606741573034,0.7393939393939394,0.7434532865447002,0.7393939393939393,0.7391375944317121
0,gini,13,4,log2,542,0.797752809,0.7393939393939394,0.7350877192982456,0.7393939393939393,0.7356911696717522
0,gini,2,13,0.33,555,0.7378277153558053,0.7393939393939394,0.8059294871794872,0.7393939393939394,0.712037037
0,entropy,4,11,sqrt,661,0.7640449438202247,0.7393939393939394,0.7563473476822423,0.7393939393939394,0.7241705591557647
0,entropy,13,11,sqrt,684,0.7865168539325843,0.7393939393939394,0.7610289797103557,0.7393939393939394,0.7442070517157445
0,entropy,13,11,sqrt,684,0.7865168539325843,0.7393939393939394,0.7610289797103557,0.7393939393939394,0.7442070517157445
0,gini,12,9,sqrt,581,0.787765293,0.7393939393939394,0.7357325483685849,0.7393939393939394,0.7348310842826509
0,gini,5,10,0.33,409,0.7690387016229713,0.7393939393939394,0.7710698314413484,0.7393939393939394,0.7409776072132681
0,gini,4,12,sqrt,694,0.7453183520599251,0.7393939393939394,0.7429970506353537,0.7393939393939394,0.7299438685940446
0,entropy,15,11,log2,557,0.784019975,0.7393939393939394,0.7507817592020857,0.7393939393939394,0.7365682244921494
0,gini,9,9,log2,750,0.7752808988764045,0.7393939393939394,0.7366320108044747,0.7393939393939394,0.7358553571782313
0,gini,10,2,sqrt,425,0.8089887640449438,0.7393939393939394,0.7406899180484086,0.7393939393939394,0.7398829565496232
0,gini,15,14,sqrt,758,0.7902621722846442,0.7393939393939394,0.751025641,0.7393939393939394,0.7424603174603175
0,gini,13,13,0.33,470,0.7790262172284644,0.7393939393939394,0.7363862976383214,0.7393939393939394,0.7371743623565009
0,gini,13,13,0.33,470,0.7790262172284644,0.7393939393939394,0.7363862976383214,0.7393939393939394,0.7371743623565009
0,gini,4,9,sqrt,408,0.7590511860174781,0.7393939393939394,0.762283843,0.7393939393939394,0.7287800820030097
0,gini,12,5,log2,472,0.8139825218476904,0.7393939393939394,0.7412331117663719,0.7393939393939394,0.739317354
0,entropy,4,3,log2,474,0.7765293383270911,0.7393939393939394,0.7477291300906699,0.7393939393939394,0.7398578022994075
0,gini,5,7,sqrt,714,0.7890137328339576,0.7393939393939394,0.7385314903870389,0.7393939393939394,0.7382006234069526
0,entropy,8,7,log2,519,0.8002496878901373,0.7393939393939394,0.750758676,0.7393939393939393,0.7420738181876795
0,entropy,14,2,log2,617,0.8651685393258427,0.7393939393939394,0.7395054971648554,0.7393939393939393,0.7320746165652071
0,gini,12,8,log2,712,0.7952559300873908,0.7393939393939394,0.7406945279310896,0.7393939393939394,0.7387879749987901
0,gini,12,8,log2,712,0.7952559300873908,0.7393939393939394,0.7406945279310896,0.7393939393939394,0.7387879749987901
0,gini,11,1,0.33,781,0.9350811485642946,0.7393939393939394,0.7417623515715247,0.7393939393939394,0.7401331779479898
0,gini,13,5,log2,642,0.8214731585518102,0.7393939393939394,0.7469432633473244,0.7393939393939393,0.7420567977308221
0,entropy,14,3,log2,700,0.8339575530586767,0.7393939393939394,0.73862898,0.7393939393939394,0.7388870685889035
0,gini,13,11,sqrt,730,0.8064918851435705,0.7393939393939394,0.7486601118180065,0.7393939393939394,0.7409734039200857
0,gini,9,5,sqrt,505,0.7915106117353309,0.7393939393939394,0.7368321078431372,0.7393939393939394,0.7356517449747194
0,gini,13,7,log2,609,0.7802746566791511,0.7393939393939394,0.7368597610865651,0.7393939393939394,0.7356116786676473
0,gini,13,7,log2,609,0.7802746566791511,0.7393939393939394,0.7368597610865651,0.7393939393939394,0.7356116786676473
0,gini,11,14,sqrt,758,0.7902621722846442,0.7393939393939394,0.751025641,0.7393939393939394,0.7424603174603175
0,entropy,12,14,sqrt,640,0.784019975,0.7393939393939394,0.7397922148625352,0.7393939393939394,0.7387764329470669
0,gini,7,11,0.33,464,0.7602996254681648,0.7393939393939394,0.7462243000750672,0.7393939393939394,0.741882788
0,gini,14,5,log2,599,0.8177278401997503,0.7393939393939394,0.741971648,0.7393939393939394,0.7401383209082676
0,entropy,5,11,0.33,514,0.7952559300873908,0.7393939393939394,0.7499909514072728,0.7393939393939394,0.7425431690413743
0,gini,4,10,log2,553,0.7465667915106118,0.7393939393939394,0.738092482,0.7393939393939394,0.7386756817496855
0,gini,4,10,log2,553,0.7465667915106118,0.7393939393939394,0.738092482,0.7393939393939394,0.7386756817496855
0,entropy,7,13,log2,737,0.7765293383270911,0.7393939393939394,0.7557246208304266,0.7393939393939394,0.7439323841900332
0,gini,6,1,sqrt,439,0.8252184769038702,0.7393939393939394,0.736154111,0.7393939393939394,0.7373090745732255
0,entropy,14,6,sqrt,681,0.8102372034956304,0.7393939393939394,0.7465576600781564,0.7393939393939394,0.7419174759231146
0,entropy,14,6,sqrt,681,0.8102372034956304,0.7393939393939394,0.7465576600781564,0.7393939393939394,0.7419174759231146
0,entropy,15,9,sqrt,687,0.8064918851435705,0.7393939393939394,0.7535715511619125,0.7393939393939394,0.7394080380624857
0,entropy,10,14,log2,491,0.7727840199750312,0.7393939393939394,0.750985876,0.7393939393939394,0.7416226345111331
0,entropy,2,2,log2,753,0.6903870162297129,0.7393939393939394,0.7344527506229633,0.7393939393939394,0.7345613640982852
0,gini,13,3,sqrt,616,0.8626716604244694,0.7393939393939394,0.7412714857475486,0.7393939393939394,0.7398522485661667
0,gini,14,7,sqrt,671,0.8002496878901373,0.7393939393939394,0.7402795980777633,0.7393939393939394,0.739808301
0,entropy,3,12,sqrt,699,0.7478152309612984,0.7393939393939394,0.7386594060701204,0.7393939393939394,0.7364376735597187
0,entropy,8,9,sqrt,742,0.787765293,0.7393939393939394,0.7369377140019342,0.7393939393939394,0.7377366645291638
0,gini,5,5,log2,468,0.7852684144818977,0.7393939393939394,0.7384168423247203,0.7393939393939394,0.738833337
0,entropy,15,11,0.33,694,0.8214731585518102,0.7393939393939394,0.7405382934606825,0.7393939393939393,0.7384226013565813
0,entropy,15,11,0.33,694,0.8214731585518102,0.7393939393939394,0.7405382934606825,0.7393939393939393,0.7384226013565813
0,entropy,4,6,log2,700,0.7702871410736579,0.7393939393939394,0.7457129579784763,0.7393939393939394,0.7398218426041425
0,entropy,13,12,0.33,479,0.7403245942571786,0.7393939393939394,0.7422497353798342,0.7393939393939394,0.734923782
0,entropy,13,12,0.33,479,0.7403245942571786,0.7393939393939394,0.7422497353798342,0.7393939393939394,0.734923782
0,gini,12,5,0.33,584,0.8564294631710362,0.7393939393939394,0.7424242424242423,0.7393939393939394,0.7388692015271273
0,gini,15,10,0.33,568,0.8314606741573034,0.7393939393939394,0.7385040885040884,0.7393939393939394,0.7389098022125545
0,gini,11,9,sqrt,672,0.8214731585518102,0.7393939393939394,0.7394226761673771,0.7393939393939394,0.7390792964333944
0,gini,2,8,0.33,629,0.7265917602996255,0.7393939393939394,0.7398733575204163,0.7393939393939393,0.7390061220680161
0,entropy,7,10,0.33,478,0.7965043695380774,0.7393939393939394,0.7451832472062154,0.7393939393939394,0.7417157757084846
0,gini,8,3,sqrt,677,0.8089887640449438,0.7393939393939394,0.742305946,0.7393939393939394,0.7406460341620159
0,gini,8,3,sqrt,677,0.8089887640449438,0.7393939393939394,0.742305946,0.7393939393939394,0.7406460341620159
0,gini,14,9,0.33,631,0.8277153558052435,0.7393939393939394,0.7360775665667253,0.7393939393939394,0.7371419167983149
0,gini,2,8,0.33,607,0.7203495630461922,0.7393939393939394,0.7427106227106227,0.7393939393939394,0.7228368794326241
0,gini,2,8,0.33,607,0.7203495630461922,0.7393939393939394,0.7427106227106227,0.7393939393939394,0.7228368794326241
0,gini,2,9,sqrt,742,0.7290886392009988,0.7393939393939394,0.7537435472673865,0.7393939393939394,0.7137043867315761
0,gini,8,7,log2,573,0.7890137328339576,0.7393939393939394,0.7430131596798263,0.7393939393939393,0.740832189
0,gini,8,7,log2,573,0.7890137328339576,0.7393939393939394,0.7430131596798263,0.7393939393939393,0.740832189
0,gini,7,13,0.33,646,0.8027465667915106,0.7393939393939394,0.7489140127635486,0.7393939393939393,0.7399275725772617
0,gini,4,13,log2,556,0.6841448189762797,0.7363636363636363,0.7352589373888998,0.7363636363636363,0.7299244656141778
0,gini,4,13,log2,556,0.6841448189762797,0.7363636363636363,0.7352589373888998,0.7363636363636363,0.7299244656141778
0,gini,6,14,0.33,446,0.7727840199750312,0.7363636363636363,0.734089102,0.7363636363636363,0.7338998657287457
0,gini,6,14,0.33,446,0.7727840199750312,0.7363636363636363,0.734089102,0.7363636363636363,0.7338998657287457
0,entropy,9,8,sqrt,784,0.8102372034956304,0.7363636363636363,0.7360390922813211,0.7363636363636363,0.7335704732758016
0,gini,6,11,sqrt,715,0.7790262172284644,0.7363636363636363,0.7309396932210159,0.7363636363636363,0.7314550976436848
0,gini,6,11,sqrt,715,0.7790262172284644,0.7363636363636363,0.7309396932210159,0.7363636363636363,0.7314550976436848
0,entropy,14,9,log2,671,0.7465667915106118,0.7363636363636363,0.7295908250954612,0.7363636363636363,0.7305298705394643
0,entropy,4,12,log2,738,0.7590511860174781,0.7363636363636363,0.7355552799139998,0.7363636363636363,0.7248690848861443
0,entropy,4,12,log2,738,0.7590511860174781,0.7363636363636363,0.7355552799139998,0.7363636363636363,0.7248690848861443
0,gini,12,6,log2,445,0.7702871410736579,0.7363636363636363,0.7316566822520943,0.7363636363636363,0.7325539914453775
0,gini,5,4,0.33,711,0.7915106117353309,0.7363636363636363,0.7350012060543931,0.7363636363636363,0.7352952952952952
0,entropy,4,7,0.33,689,0.7740324594257179,0.7363636363636363,0.7556238265915685,0.7363636363636363,0.7375173773924889
0,entropy,6,11,sqrt,668,0.7890137328339576,0.7363636363636363,0.7362555084927053,0.7363636363636363,0.7341494036409291
0,entropy,5,8,log2,627,0.762796504,0.7363636363636363,0.7344099776143268,0.7363636363636363,0.7348927875243665
0,entropy,8,12,sqrt,772,0.8039950062421972,0.7363636363636363,0.7465296786147849,0.7363636363636363,0.7389814190815441
0,entropy,7,9,log2,762,0.7865168539325843,0.7363636363636363,0.7355566690366447,0.7363636363636363,0.7334648665045909
0,gini,10,7,sqrt,459,0.7827715355805244,0.7363636363636363,0.7356361373165617,0.7363636363636363,0.7332632801412546
0,gini,15,12,sqrt,753,0.7902621722846442,0.7363636363636363,0.7384341199606687,0.7363636363636363,0.7371954914555813
0,gini,9,6,log2,457,0.7902621722846442,0.7363636363636363,0.7407905291400437,0.7363636363636363,0.7380943517197162
0,gini,9,6,log2,457,0.7902621722846442,0.7363636363636363,0.7407905291400437,0.7363636363636363,0.7380943517197162
0,entropy,14,7,sqrt,593,0.8202247191011236,0.7363636363636363,0.7434318860287479,0.7363636363636363,0.7386335221752418
0,entropy,6,4,sqrt,752,0.815230961,0.7363636363636363,0.7307176049816925,0.7363636363636363,0.7270164943887792
0,gini,3,1,0.33,517,0.7490636704119851,0.7363636363636363,0.8051966695377549,0.7363636363636363,0.7080002130868354
0,entropy,13,3,log2,596,0.8302122347066168,0.7363636363636363,0.7378575337614887,0.7363636363636363,0.7365771096981358
0,gini,10,8,sqrt,487,0.7777777777777778,0.7363636363636363,0.7330214023394066,0.7363636363636363,0.7335267953635386
0,gini,10,8,sqrt,487,0.7777777777777778,0.7363636363636363,0.7330214023394066,0.7363636363636363,0.7335267953635386
0,entropy,4,1,0.33,637,0.7777777777777778,0.7363636363636363,0.7630955216094536,0.7363636363636363,0.7397178287092636
0,entropy,15,12,log2,605,0.7827715355805244,0.7363636363636363,0.7446087041373927,0.7363636363636363,0.7386555454014444
0,entropy,12,8,sqrt,531,0.7690387016229713,0.7363636363636363,0.753530579,0.7363636363636363,0.7403355353568473
0,entropy,12,8,sqrt,531,0.7690387016229713,0.7363636363636363,0.753530579,0.7363636363636363,0.7403355353568473
0,gini,5,7,sqrt,688,0.7565543071161048,0.7363636363636363,0.753895785,0.7363636363636363,0.7409085968092178
0,entropy,11,9,log2,562,0.8002496878901373,0.7363636363636363,0.7473539955566659,0.7363636363636363,0.7387109866264706
0,entropy,11,9,log2,562,0.8002496878901373,0.7363636363636363,0.7473539955566659,0.7363636363636363,0.7387109866264706
0,gini,3,7,sqrt,442,0.7515605493133583,0.7363636363636363,0.7410460736018546,0.7363636363636363,0.7368428692209014
0,gini,10,9,log2,603,0.7865168539325843,0.7363636363636363,0.7376291888506108,0.7363636363636363,0.7355643834517074
0,gini,10,9,log2,603,0.7865168539325843,0.7363636363636363,0.7376291888506108,0.7363636363636363,0.7355643834517074
0,gini,11,4,log2,482,0.8027465667915106,0.7363636363636363,0.7358917264806145,0.7363636363636363,0.7360532593632478
0,entropy,13,13,sqrt,478,0.7465667915106118,0.7363636363636363,0.739094508,0.7363636363636363,0.7365730030203714
0,entropy,14,13,sqrt,406,0.7590511860174781,0.7363636363636363,0.7312970280333794,0.7363636363636363,0.732526769
0,entropy,12,3,sqrt,700,0.8576779026217228,0.7363636363636363,0.7353094436427771,0.7363636363636363,0.7357970981824193
0,entropy,11,14,sqrt,499,0.7615480649188514,0.7363636363636363,0.7571937866055513,0.7363636363636363,0.7399758592211422
0,entropy,11,14,sqrt,499,0.7615480649188514,0.7363636363636363,0.7571937866055513,0.7363636363636363,0.7399758592211422
0,entropy,14,2,log2,450,0.836454432,0.7363636363636363,0.7343915343915345,0.7363636363636363,0.7333029064581043
0,entropy,14,9,sqrt,413,0.7740324594257179,0.7363636363636363,0.7355425601039637,0.7363636363636363,0.7358289646133683
0,gini,15,1,log2,498,0.8838951310861424,0.7363636363636363,0.7415216851266501,0.7363636363636363,0.7382317351284655
0,gini,15,1,log2,498,0.8838951310861424,0.7363636363636363,0.7415216851266501,0.7363636363636363,0.7382317351284655
0,entropy,14,6,sqrt,799,0.8064918851435705,0.7363636363636363,0.7344588193386539,0.7363636363636363,0.7342906857522217
0,entropy,8,12,log2,511,0.7528089887640449,0.7363636363636363,0.733064071,0.7363636363636363,0.7191817681314506
0,entropy,8,12,log2,511,0.7528089887640449,0.7363636363636363,0.733064071,0.7363636363636363,0.7191817681314506
0,entropy,10,4,log2,635,0.8352059925093633,0.7363636363636363,0.7345103426399185,0.7363636363636363,0.7329243272690537
0,entropy,3,8,0.33,751,0.7540574282147315,0.7363636363636363,0.7468914380326511,0.7363636363636363,0.7390617356155058
0,entropy,3,8,0.33,751,0.7540574282147315,0.7363636363636363,0.7468914380326511,0.7363636363636363,0.7390617356155058
0,entropy,8,13,log2,488,0.7652933832709113,0.7363636363636363,0.7320548909218859,0.7363636363636363,0.7331518039482642
0,entropy,8,13,log2,488,0.7652933832709113,0.7363636363636363,0.7320548909218859,0.7363636363636363,0.7331518039482642
0,entropy,10,12,sqrt,425,0.7652933832709113,0.7363636363636363,0.7319160997732427,0.7363636363636363,0.7329652394869787
0,entropy,4,12,0.33,626,0.7752808988764045,0.7363636363636363,0.7465933022204491,0.7363636363636363,0.7394993002866391
0,entropy,13,3,log2,533,0.8564294631710362,0.7363636363636363,0.739984198,0.7363636363636364,0.7375021840368675
0,entropy,13,3,log2,533,0.8564294631710362,0.7363636363636363,0.739984198,0.7363636363636364,0.7375021840368675
0,gini,15,9,0.33,405,0.7702871410736579,0.7363636363636363,0.7299070125562662,0.7363636363636363,0.7269251675200635
0,gini,9,13,log2,728,0.7827715355805244,0.7363636363636363,0.7388106218035914,0.7363636363636363,0.7371569432702497
0,entropy,7,10,log2,514,0.7428214731585518,0.7363636363636363,0.7340577702854217,0.7363636363636363,0.7288819099462621
0,entropy,7,10,log2,514,0.7428214731585518,0.7363636363636363,0.7340577702854217,0.7363636363636363,0.7288819099462621
0,gini,3,13,log2,423,0.7503121098626716,0.7363636363636363,0.7312601223328145,0.7363636363636363,0.7286098982251832
0,gini,9,13,log2,474,0.7702871410736579,0.7363636363636363,0.7414611149974147,0.7363636363636363,0.737460815
0,entropy,2,13,sqrt,479,0.7228464419475655,0.7363636363636363,0.7696784793482346,0.7363636363636363,0.7261784351305609
0,gini,6,1,log2,725,0.8164794007490637,0.7363636363636363,0.7316650563607086,0.7363636363636363,0.7307407407407407
0,gini,6,1,log2,725,0.8164794007490637,0.7363636363636363,0.7316650563607086,0.7363636363636363,0.7307407407407407
0,gini,5,7,sqrt,639,0.7752808988764045,0.7363636363636363,0.7410220603116778,0.7363636363636363,0.7373841912595472
0,gini,13,14,sqrt,584,0.7465667915106118,0.7363636363636363,0.7393292777074391,0.7363636363636363,0.7343500363108206
0,gini,3,9,0.33,791,0.7440699126092385,0.7363636363636363,0.7329769828420666,0.7363636363636363,0.7339324548041016
0,gini,5,10,0.33,666,0.787765293,0.7363636363636363,0.735807634,0.7363636363636363,0.7350191319887606
0,gini,9,3,log2,542,0.8164794007490637,0.7363636363636363,0.7394997774401006,0.7363636363636363,0.7351489979886443
0,gini,9,13,0.33,486,0.7715355805243446,0.7333333333333333,0.7282869722869721,0.7333333333333333,0.7269303779192241
0,entropy,13,6,log2,441,0.7952559300873908,0.7333333333333333,0.730068951,0.7333333333333334,0.7289223145710597
0,entropy,13,6,log2,441,0.7952559300873908,0.7333333333333333,0.730068951,0.7333333333333334,0.7289223145710597
0,gini,3,11,0.33,515,0.7265917602996255,0.7333333333333333,0.7582646476263498,0.7333333333333334,0.7328963052780825
0,gini,8,13,0.33,415,0.7765293383270911,0.7333333333333333,0.7290163866930172,0.7333333333333334,0.7280326351962927
0,gini,8,13,0.33,415,0.7765293383270911,0.7333333333333333,0.7290163866930172,0.7333333333333334,0.7280326351962927
0,entropy,4,12,log2,754,0.7578027465667915,0.7333333333333333,0.7365244612696563,0.7333333333333334,0.7264362734825847
0,entropy,4,12,log2,754,0.7578027465667915,0.7333333333333333,0.7365244612696563,0.7333333333333334,0.7264362734825847
0,gini,14,6,sqrt,766,0.8039950062421972,0.7333333333333333,0.7288361507111506,0.7333333333333334,0.727770327
0,entropy,5,12,sqrt,653,0.7715355805243446,0.7333333333333333,0.7361252274295752,0.7333333333333334,0.7344781144781144
0,entropy,5,12,sqrt,653,0.7715355805243446,0.7333333333333333,0.7361252274295752,0.7333333333333334,0.7344781144781144
0,gini,6,6,0.33,413,0.8027465667915106,0.7333333333333333,0.7338849913053908,0.7333333333333334,0.7328272390964194
0,gini,3,12,0.33,621,0.7590511860174781,0.7333333333333333,0.7323156489823157,0.7333333333333334,0.7327964354407959
0,entropy,6,8,0.33,421,0.797752809,0.7333333333333333,0.7410265161673046,0.7333333333333334,0.7354395789242757
0,entropy,6,8,0.33,421,0.797752809,0.7333333333333333,0.7410265161673046,0.7333333333333334,0.7354395789242757
0,gini,11,3,log2,780,0.8664169787765293,0.7333333333333333,0.7299655102454858,0.7333333333333333,0.7300230633563967
0,entropy,14,4,0.33,760,0.867665418,0.7333333333333333,0.741691965,0.7333333333333333,0.7363075779716084
0,entropy,12,1,log2,631,0.9076154806491885,0.7333333333333333,0.7416744475568006,0.7333333333333334,0.7357424581601109
0,gini,15,9,log2,634,0.7965043695380774,0.7333333333333333,0.7386239905634698,0.7333333333333333,0.735236728
0,gini,15,9,log2,634,0.7965043695380774,0.7333333333333333,0.7386239905634698,0.7333333333333333,0.735236728
0,gini,15,4,log2,702,0.836454432,0.7333333333333333,0.7315145432241451,0.7333333333333334,0.7309762077003455
0,entropy,6,12,0.33,762,0.8202247191011236,0.7333333333333333,0.7516754766099973,0.7333333333333334,0.73568202
0,entropy,15,9,sqrt,655,0.8127340823970037,0.7333333333333333,0.7257387241181958,0.7333333333333334,0.7247887913641945
0,entropy,15,9,sqrt,655,0.8127340823970037,0.7333333333333333,0.7257387241181958,0.7333333333333334,0.7247887913641945
0,entropy,5,13,log2,793,0.7790262172284644,0.7333333333333333,0.7308605918115972,0.7333333333333333,0.730798066
0,gini,10,11,sqrt,702,0.8002496878901373,0.7333333333333333,0.7321754908103593,0.7333333333333333,0.723221018
0,entropy,14,12,sqrt,563,0.8027465667915106,0.7333333333333333,0.7458716175681221,0.7333333333333334,0.7214798528716603
0,gini,10,12,sqrt,532,0.7503121098626716,0.7333333333333333,0.7444444444444445,0.7333333333333333,0.7353623188405797
0,gini,10,12,sqrt,532,0.7503121098626716,0.7333333333333333,0.7444444444444445,0.7333333333333333,0.7353623188405797
0,gini,12,8,0.33,696,0.7940074906367042,0.7333333333333333,0.7376612554112554,0.7333333333333334,0.7261977905282034
0,gini,14,10,0.33,443,0.784019975,0.7333333333333333,0.7271321686569365,0.7333333333333334,0.7244754726236208
0,entropy,6,12,log2,564,0.7453183520599251,0.7333333333333333,0.7320716788801894,0.7333333333333334,0.7227226008197242
0,entropy,9,9,sqrt,785,0.8064918851435705,0.7333333333333333,0.7407775553701313,0.7333333333333334,0.7356019259379806
0,entropy,9,9,sqrt,785,0.8064918851435705,0.7333333333333333,0.7407775553701313,0.7333333333333334,0.7356019259379806
0,entropy,5,3,0.33,556,0.7952559300873908,0.7333333333333333,0.753163345,0.7333333333333333,0.7110684119453895
0,entropy,11,1,log2,442,0.8576779026217228,0.7333333333333333,0.7292191971742575,0.7333333333333334,0.7299676758453102
0,gini,10,11,sqrt,702,0.8002496878901373,0.7333333333333333,0.7321754908103593,0.7333333333333333,0.723221018
0,gini,3,5,0.33,753,0.731585518,0.7333333333333333,0.7803030303030303,0.7333333333333334,0.7343601392973677
0,entropy,13,13,log2,580,0.7503121098626716,0.7333333333333333,0.7323893489394901,0.7333333333333334,0.73173376
0,gini,7,11,sqrt,469,0.7602996254681648,0.7333333333333333,0.7400536313764022,0.7333333333333333,0.7339727565433889
0,gini,7,5,0.33,425,0.815230961,0.7333333333333333,0.7481516812502073,0.7333333333333334,0.7365335299678607
0,gini,14,10,log2,572,0.7777777777777778,0.7333333333333333,0.7304802649932371,0.7333333333333334,0.7312877018678554
0,gini,5,6,sqrt,677,0.7815230961298377,0.7333333333333333,0.7593922443936338,0.7333333333333334,0.7369036225648284
0,gini,13,10,0.33,530,0.8027465667915106,0.7333333333333333,0.735217674,0.7333333333333334,0.73416339
0,gini,13,10,0.33,530,0.8027465667915106,0.7333333333333333,0.735217674,0.7333333333333334,0.73416339
0,entropy,5,3,sqrt,643,0.7765293383270911,0.7333333333333333,0.7302933898904206,0.7333333333333334,0.7291673945649215
0,entropy,5,3,sqrt,643,0.7765293383270911,0.7333333333333333,0.7302933898904206,0.7333333333333334,0.7291673945649215
0,entropy,9,11,log2,616,0.7640449438202247,0.7333333333333333,0.7431725449755757,0.7333333333333333,0.7352483711800283
0,entropy,9,11,log2,616,0.7640449438202247,0.7333333333333333,0.7431725449755757,0.7333333333333333,0.7352483711800283
0,entropy,3,2,sqrt,531,0.735330836,0.7333333333333333,0.7327394951248163,0.7333333333333333,0.7330264775067352
0,entropy,13,4,0.33,539,0.8451935081148564,0.7333333333333333,0.7379031685137822,0.7333333333333334,0.7339167055298823
0,entropy,13,4,0.33,539,0.8451935081148564,0.7333333333333333,0.7379031685137822,0.7333333333333334,0.7339167055298823
0,entropy,12,6,sqrt,493,0.787765293,0.7333333333333333,0.7397551292818397,0.7333333333333334,0.7350422133030828
0,gini,3,4,log2,483,0.7403245942571786,0.7333333333333333,0.7822433150439879,0.7333333333333334,0.7403697815531455
0,gini,5,11,log2,578,0.7615480649188514,0.7333333333333333,0.732982236,0.7333333333333334,0.7323430061434526
0,entropy,3,11,0.33,550,0.7565543071161048,0.7333333333333333,0.7337201805286911,0.7333333333333334,0.7266334979063013
0,entropy,12,3,0.33,502,0.8352059925093633,0.7333333333333333,0.7355407750144591,0.7333333333333334,0.7341289888018859
0,entropy,9,9,log2,770,0.797752809,0.7333333333333333,0.7305808215920576,0.7333333333333334,0.7283601308488455
0,entropy,10,13,sqrt,547,0.7777777777777778,0.7333333333333333,0.7436247939344093,0.7333333333333333,0.7361731112877692
0,entropy,10,13,sqrt,547,0.7777777777777778,0.7333333333333333,0.7436247939344093,0.7333333333333333,0.7361731112877692
0,entropy,10,8,0.33,525,0.8077403245942572,0.7333333333333333,0.7297524797524798,0.7333333333333334,0.7304763258458237
0,entropy,9,10,log2,618,0.7802746566791511,0.7333333333333333,0.7377911375086517,0.7333333333333334,0.7350713733088043
0,gini,7,4,0.33,711,0.8526841448189763,0.7333333333333333,0.736592223,0.7333333333333334,0.7331511922107182
0,gini,8,3,sqrt,414,0.8027465667915106,0.7333333333333333,0.7327677969879804,0.7333333333333334,0.7330404397285945
0,entropy,5,4,log2,794,0.735330836,0.7333333333333333,0.7482620426168812,0.7333333333333334,0.7175856569981417
0,gini,15,6,sqrt,766,0.8039950062421972,0.7333333333333333,0.7288361507111506,0.7333333333333334,0.727770327
0,entropy,8,11,sqrt,590,0.7890137328339576,0.7333333333333333,0.7384095745778311,0.7333333333333334,0.7353189069528926
0,entropy,2,1,log2,561,0.7303370786516854,0.7333333333333333,0.7341711184796291,0.7333333333333334,0.7231590411810705
0,gini,12,4,log2,745,0.850187266,0.7333333333333333,0.7352343717740709,0.7333333333333334,0.7335886282004095
0,entropy,7,13,sqrt,733,0.787765293,0.7333333333333333,0.7435754985754985,0.7333333333333334,0.7366359163127735
0,entropy,5,3,sqrt,466,0.7578027465667915,0.7333333333333333,0.7307552650689906,0.7333333333333334,0.7312405766997062
0,entropy,5,3,sqrt,466,0.7578027465667915,0.7333333333333333,0.7307552650689906,0.7333333333333334,0.7312405766997062
0,gini,13,5,log2,625,0.7827715355805244,0.7333333333333333,0.7403428221610039,0.7333333333333333,0.7356041619199515
0,gini,7,12,log2,616,0.7503121098626716,0.7333333333333333,0.7370815149280495,0.7333333333333334,0.7345128914955835
0,gini,4,11,log2,545,0.7453183520599251,0.7333333333333333,0.742359547,0.7333333333333333,0.7195447669578682
0,gini,10,13,sqrt,580,0.7865168539325843,0.7333333333333333,0.7317763554019739,0.7333333333333334,0.7319430399224447
0,gini,7,9,log2,411,0.7340823970037453,0.7333333333333333,0.7382901154087594,0.7333333333333334,0.7353198223200975
0,entropy,7,9,0.33,629,0.8289637952559301,0.7333333333333333,0.7519290123456789,0.7333333333333334,0.7383820160665185
0,gini,10,14,sqrt,688,0.7765293383270911,0.7333333333333333,0.7328390442730909,0.7333333333333334,0.7315411588750066
0,gini,7,7,log2,457,0.7727840199750312,0.7333333333333333,0.7299725100958497,0.7333333333333333,0.7301844592445897
0,entropy,7,10,sqrt,735,0.815230961,0.7333333333333333,0.7321400104757351,0.7333333333333334,0.7314850212269643
0,entropy,3,2,0.33,552,0.7478152309612984,0.7333333333333333,0.7368253968253967,0.7333333333333334,0.7211897049106352
0,entropy,3,2,0.33,552,0.7478152309612984,0.7333333333333333,0.7368253968253967,0.7333333333333334,0.7211897049106352
0,entropy,12,1,sqrt,402,0.8601747815230961,0.7333333333333333,0.7455848060873835,0.7333333333333334,0.7370809373069528
0,gini,8,12,sqrt,780,0.8127340823970037,0.7333333333333333,0.7368355980560705,0.7333333333333334,0.7328706190586433
0,gini,8,12,sqrt,780,0.8127340823970037,0.7333333333333333,0.7368355980560705,0.7333333333333334,0.7328706190586433
0,gini,14,4,log2,440,0.784019975,0.7333333333333333,0.73268509,0.7333333333333334,0.731124169
0,gini,3,3,0.33,445,0.7602996254681648,0.7333333333333333,0.7326580544137796,0.7333333333333334,0.7293871210709625
0,entropy,4,10,sqrt,459,0.7340823970037453,0.7333333333333333,0.751930346,0.7333333333333334,0.7376719972791488
0,entropy,4,10,sqrt,459,0.7340823970037453,0.7333333333333333,0.751930346,0.7333333333333334,0.7376719972791488
0,gini,10,11,log2,786,0.7815230961298377,0.7303030303030303,0.7248429232804233,0.7303030303030303,0.7240343705049588
0,gini,10,11,log2,786,0.7815230961298377,0.7303030303030303,0.7248429232804233,0.7303030303030303,0.7240343705049588
0,gini,2,9,sqrt,684,0.714107366,0.7303030303030303,0.7330470896428342,0.7303030303030303,0.729030947
0,entropy,9,3,log2,438,0.8027465667915106,0.7303030303030303,0.727234754,0.7303030303030303,0.7285003628461572
0,gini,14,3,sqrt,716,0.8539325842696629,0.7303030303030303,0.7281819945371347,0.7303030303030303,0.7252392491592387
0,gini,12,14,log2,508,0.7278401997503121,0.7303030303030303,0.7308141474808142,0.7303030303030303,0.7305270732146069
0,gini,15,8,0.33,678,0.8252184769038702,0.7303030303030303,0.7269599628408532,0.7303030303030303,0.7273568005441496
0,gini,10,1,log2,602,0.8689138576779026,0.7303030303030303,0.7453955587170777,0.7303030303030303,0.7340235230474268
0,gini,7,11,sqrt,570,0.787765293,0.7303030303030303,0.7293049763691966,0.7303030303030305,0.7287236355729506
0,gini,7,11,sqrt,570,0.787765293,0.7303030303030303,0.7293049763691966,0.7303030303030305,0.7287236355729506
0,gini,2,5,0.33,417,0.7066167290886392,0.7303030303030303,0.7284898676203024,0.7303030303030303,0.7291269281966956
0,gini,11,5,sqrt,792,0.8352059925093633,0.7303030303030303,0.7507519491556738,0.7303030303030303,0.7344590561861927
0,entropy,6,5,log2,638,0.7827715355805244,0.7303030303030303,0.7293133305300472,0.7303030303030303,0.7294278365876111
0,gini,7,4,sqrt,731,0.8114856429463171,0.7303030303030303,0.7446105492306514,0.7303030303030303,0.7344667477481975
0,entropy,5,2,sqrt,481,0.7553058676654182,0.7303030303030303,0.7469650254561554,0.7303030303030303,0.7320532842605609
0,entropy,4,12,0.33,758,0.7578027465667915,0.7303030303030303,0.7499335500623606,0.7303030303030303,0.7347459859057778
0,entropy,15,6,sqrt,449,0.7852684144818977,0.7303030303030303,0.7310017375234766,0.7303030303030303,0.7303168047313182
0,entropy,6,3,sqrt,484,0.784019975,0.7303030303030303,0.7411265065094724,0.7303030303030303,0.7307448849933055
0,entropy,3,10,sqrt,585,0.7278401997503121,0.7303030303030303,0.7293009459676126,0.7303030303030303,0.7297632912311811
0,gini,6,11,sqrt,712,0.7815230961298377,0.7303030303030303,0.7375145366384416,0.7303030303030303,0.7317093609914452
0,entropy,12,8,sqrt,528,0.7965043695380774,0.7303030303030303,0.7366820090328625,0.7303030303030303,0.7318989449468328
0,entropy,12,8,sqrt,528,0.7965043695380774,0.7303030303030303,0.7366820090328625,0.7303030303030303,0.7318989449468328
0,gini,13,10,log2,425,0.7602996254681648,0.7303030303030303,0.7283950617283951,0.7303030303030303,0.7271788298890035
0,entropy,12,8,log2,442,0.7815230961298377,0.7303030303030303,0.7322528447645893,0.7303030303030303,0.7298663777537017
0,entropy,12,8,log2,442,0.7815230961298377,0.7303030303030303,0.7322528447645893,0.7303030303030303,0.7298663777537017
0,entropy,12,12,0.33,574,0.784019975,0.7303030303030303,0.7489604484708524,0.7303030303030303,0.7337345194488051
0,entropy,5,1,log2,615,0.7578027465667915,0.7303030303030303,0.731000413,0.7303030303030303,0.7298494410439574
0,gini,9,2,sqrt,797,0.8526841448189763,0.7303030303030303,0.7360822004642836,0.7303030303030303,0.732477415
0,entropy,12,10,sqrt,411,0.7727840199750312,0.7303030303030303,0.7248011030784894,0.7303030303030303,0.7250517473238837
0,gini,7,4,log2,613,0.8102372034956304,0.7303030303030303,0.7374085595484982,0.7303030303030303,0.7301325625555469
0,entropy,6,8,0.33,512,0.8139825218476904,0.7303030303030303,0.7627082090169338,0.7303030303030303,0.7331927145011257
0,entropy,12,11,0.33,792,0.8302122347066168,0.7303030303030303,0.7275057863293157,0.7303030303030303,0.7283543405277944
0,entropy,11,6,log2,575,0.8027465667915106,0.7303030303030303,0.727072042,0.7303030303030303,0.7278361922719742
0,entropy,9,6,sqrt,786,0.8102372034956304,0.7303030303030303,0.7361652824301381,0.7303030303030303,0.7309184253230164
0,gini,9,13,log2,473,0.7615480649188514,0.7303030303030303,0.7284538091877542,0.7303030303030303,0.7257616029441832
0,gini,9,13,log2,473,0.7615480649188514,0.7303030303030303,0.7284538091877542,0.7303030303030303,0.7257616029441832
0,gini,14,12,sqrt,475,0.7602996254681648,0.7303030303030303,0.7286096256684491,0.7303030303030303,0.7259096989983433
0,gini,5,9,sqrt,426,0.7640449438202247,0.7303030303030303,0.7295617565081889,0.7303030303030303,0.7296389512838323
0,gini,3,4,log2,798,0.7390761548064919,0.7303030303030303,0.7423988522413719,0.7303030303030303,0.7131241189125873
0,gini,3,2,sqrt,624,0.762796504,0.7303030303030303,0.7285774629826586,0.7303030303030303,0.728929789
0,entropy,3,13,sqrt,489,0.7453183520599251,0.7303030303030303,0.7274538131512127,0.7303030303030303,0.7201712068739946
0,gini,5,10,0.33,625,0.7715355805243446,0.7303030303030303,0.7516156835804567,0.7303030303030303,0.7341584183881976
0,gini,9,9,log2,404,0.762796504,0.7303030303030303,0.7281097578784427,0.7303030303030303,0.7285872386294825
0,gini,9,9,log2,404,0.762796504,0.7303030303030303,0.7281097578784427,0.7303030303030303,0.7285872386294825
0,gini,11,10,log2,531,0.7890137328339576,0.7303030303030303,0.73392084,0.7303030303030303,0.7303655864375505
0,entropy,4,5,sqrt,648,0.7578027465667915,0.7303030303030303,0.7352697333858681,0.7303030303030303,0.7296361969864398
0,entropy,6,8,sqrt,531,0.7727840199750312,0.7303030303030303,0.7595534308332793,0.7303030303030303,0.736242066
0,gini,6,11,0.33,735,0.8227215980024969,0.7303030303030303,0.7376561280249806,0.7303030303030303,0.73220869
0,gini,5,2,log2,679,0.762796504,0.7303030303030303,0.7285911306418592,0.7303030303030303,0.728771437
0,gini,5,2,log2,679,0.762796504,0.7303030303030303,0.7285911306418592,0.7303030303030303,0.728771437
0,entropy,15,13,log2,783,0.7965043695380774,0.7303030303030303,0.7336180040820711,0.7303030303030303,0.7317129535228308
0,gini,14,8,0.33,573,0.8114856429463171,0.7303030303030303,0.7341259069581801,0.7303030303030303,0.7317771738078064
0,gini,7,3,sqrt,700,0.8239700374531835,0.7303030303030303,0.7351664516713061,0.7303030303030303,0.7322390624618086
0,gini,6,1,log2,587,0.8089887640449438,0.7303030303030303,0.7402314001625347,0.7303030303030303,0.7314208882180901
0,gini,6,1,log2,587,0.8089887640449438,0.7303030303030303,0.7402314001625347,0.7303030303030303,0.7314208882180901
0,gini,9,8,log2,654,0.7927590511860175,0.7303030303030303,0.7327854334906286,0.7303030303030303,0.7313444951801116
0,gini,10,3,log2,629,0.8239700374531835,0.7303030303030303,0.7319656189221407,0.7303030303030303,0.7308902983321589
0,gini,10,9,sqrt,624,0.7952559300873908,0.7303030303030303,0.7288003123283496,0.7303030303030303,0.7294862683856991
0,gini,10,1,log2,501,0.8589263420724095,0.7272727272727273,0.7261482231847257,0.7272727272727272,0.7261069420609211
0,entropy,3,3,log2,610,0.7403245942571786,0.7272727272727273,0.7197649572649573,0.7272727272727272,0.7163996948893975
0,entropy,3,3,log2,610,0.7403245942571786,0.7272727272727273,0.7197649572649573,0.7272727272727272,0.7163996948893975
0,gini,3,8,sqrt,782,0.7515605493133583,0.7272727272727273,0.7338540544422898,0.7272727272727272,0.7275102243355717
0,gini,3,8,sqrt,782,0.7515605493133583,0.7272727272727273,0.7338540544422898,0.7272727272727272,0.7275102243355717
0,gini,7,14,sqrt,591,0.7528089887640449,0.7272727272727273,0.7279370491987315,0.7272727272727272,0.7275347578952892
0,gini,4,8,sqrt,754,0.766541823,0.7272727272727273,0.7402365390891837,0.7272727272727272,0.7292330905479862
0,gini,4,8,sqrt,754,0.766541823,0.7272727272727273,0.7402365390891837,0.7272727272727272,0.7292330905479862
0,entropy,11,10,sqrt,463,0.7640449438202247,0.7272727272727273,0.7236583301269719,0.7272727272727272,0.7227135193244542
0,entropy,15,1,sqrt,555,0.8789013732833958,0.7272727272727273,0.7235212485212484,0.7272727272727272,0.7243251028148053
0,gini,5,4,sqrt,464,0.7715355805243446,0.7272727272727273,0.7448071021297121,0.7272727272727272,0.730035683
0,gini,5,4,sqrt,464,0.7715355805243446,0.7272727272727273,0.7448071021297121,0.7272727272727272,0.730035683
0,entropy,3,5,sqrt,691,0.7478152309612984,0.7272727272727273,0.7390517284134305,0.7272727272727272,0.7296153599567062
0,entropy,3,5,sqrt,691,0.7478152309612984,0.7272727272727273,0.7390517284134305,0.7272727272727272,0.7296153599567062
0,entropy,12,4,sqrt,608,0.8064918851435705,0.7272727272727273,0.7258458441176218,0.7272727272727272,0.7255491178193552
0,gini,10,6,log2,602,0.7940074906367042,0.7272727272727273,0.7291860602540216,0.7272727272727272,0.7277013480339161
0,gini,10,6,log2,602,0.7940074906367042,0.7272727272727273,0.7291860602540216,0.7272727272727272,0.7277013480339161
0,gini,8,6,log2,702,0.815230961,0.7272727272727273,0.7275858009802963,0.7272727272727272,0.7274198627945606
0,entropy,4,4,log2,548,0.7340823970037453,0.7272727272727273,0.7356289025209085,0.7272727272727274,0.7298625071576831
0,gini,12,2,log2,427,0.8114856429463171,0.7272727272727273,0.73137926,0.7272727272727272,0.7283397552610408
0,entropy,5,9,0.33,459,0.7852684144818977,0.7272727272727273,0.7339411180376688,0.7272727272727274,0.7261124373674573
0,entropy,8,1,log2,552,0.8589263420724095,0.7272727272727273,0.7250074005159216,0.7272727272727272,0.7255197379197996
0,entropy,13,11,log2,525,0.7815230961298377,0.7272727272727273,0.7336459935545302,0.7272727272727272,0.7286485730268928
0,gini,6,4,sqrt,700,0.8064918851435705,0.7272727272727273,0.7277277277277276,0.7272727272727272,0.7274689692390718
0,gini,6,4,sqrt,700,0.8064918851435705,0.7272727272727273,0.7277277277277276,0.7272727272727272,0.7274689692390718
0,gini,7,4,sqrt,747,0.8252184769038702,0.7272727272727273,0.7212997462683156,0.7272727272727272,0.7226505899952439
0,gini,7,4,sqrt,747,0.8252184769038702,0.7272727272727273,0.7212997462683156,0.7272727272727272,0.7226505899952439
0,entropy,13,14,log2,751,0.7802746566791511,0.7272727272727273,0.7302296767559925,0.7272727272727272,0.7253547359453997
0,gini,3,14,0.33,624,0.7390761548064919,0.7272727272727273,0.7533007742087762,0.7272727272727272,0.7316204970185821
0,gini,4,13,sqrt,412,0.7478152309612984,0.7272727272727273,0.7531114718614719,0.7272727272727272,0.7329177182254556
0,gini,4,13,sqrt,412,0.7478152309612984,0.7272727272727273,0.7531114718614719,0.7272727272727272,0.7329177182254556
0,gini,12,6,sqrt,424,0.7615480649188514,0.7272727272727273,0.7372199333659024,0.7272727272727274,0.7247253931550502
0,gini,7,10,log2,444,0.7790262172284644,0.7272727272727273,0.7251029055690074,0.7272727272727272,0.725356183
0,gini,7,10,log2,444,0.7790262172284644,0.7272727272727273,0.7251029055690074,0.7272727272727272,0.725356183
0,entropy,3,11,log2,657,0.7490636704119851,0.7272727272727273,0.7536381960191484,0.7272727272727272,0.7253402619054281
0,entropy,3,2,0.33,438,0.7253433208489388,0.7272727272727273,0.7310429636588577,0.7272727272727274,0.7173415402957347
0,gini,11,2,0.33,783,0.8888888888888888,0.7272727272727273,0.7295751633986928,0.7272727272727272,0.7278536676599793
0,gini,8,4,log2,652,0.8227215980024969,0.7272727272727273,0.7251512492847606,0.7272727272727272,0.7244209462466155
0,entropy,10,4,log2,492,0.8102372034956304,0.7272727272727273,0.734400328,0.7272727272727272,0.7282872757392135
0,entropy,4,10,0.33,566,0.7677902621722846,0.7272727272727273,0.7539816898696782,0.7272727272727272,0.7281029830302733
0,entropy,4,10,0.33,566,0.7677902621722846,0.7272727272727273,0.7539816898696782,0.7272727272727272,0.7281029830302733
0,gini,7,1,log2,438,0.8027465667915106,0.7272727272727273,0.7244545505569402,0.7272727272727272,0.724731384
0,entropy,8,1,sqrt,553,0.8564294631710362,0.7272727272727273,0.7383991931239583,0.7272727272727274,0.7276647703906004
0,gini,5,4,sqrt,510,0.787765293,0.7272727272727273,0.7238033156382467,0.7272727272727272,0.7249289024295518
0,gini,4,14,log2,589,0.7440699126092385,0.7272727272727273,0.7583701269022768,0.7272727272727272,0.73249156
0,gini,2,11,0.33,696,0.7378277153558053,0.7272727272727273,0.7328965328965329,0.7272727272727274,0.7289926925947925
0,gini,2,11,0.33,696,0.7378277153558053,0.7272727272727273,0.7328965328965329,0.7272727272727274,0.7289926925947925
0,entropy,9,11,sqrt,788,0.7890137328339576,0.7272727272727273,0.7392511045976392,0.7272727272727272,0.7305520281387081
0,entropy,8,14,log2,612,0.731585518,0.7272727272727273,0.7365634979120609,0.7272727272727272,0.7291267341837159
0,entropy,14,9,sqrt,646,0.7965043695380774,0.7272727272727273,0.726078315,0.7272727272727272,0.7257656119494221
0,entropy,14,9,sqrt,646,0.7965043695380774,0.7272727272727273,0.726078315,0.7272727272727272,0.7257656119494221
0,gini,4,10,log2,443,0.7890137328339576,0.7272727272727273,0.7352923865583073,0.7272727272727272,0.7263127906904732
0,gini,4,10,log2,443,0.7890137328339576,0.7272727272727273,0.7352923865583073,0.7272727272727272,0.7263127906904732
0,gini,5,9,log2,635,0.7827715355805244,0.7272727272727273,0.7418021962314806,0.7272727272727272,0.7303823257675877
0,entropy,13,1,sqrt,447,0.8726591760299626,0.7272727272727273,0.72870249,0.7272727272727272,0.7272058509088716
0,entropy,15,8,sqrt,521,0.7927590511860175,0.7272727272727273,0.7264421215640727,0.7272727272727274,0.7256107734926281
0,entropy,6,4,0.33,578,0.8264669163545568,0.7272727272727273,0.7271667369012502,0.7272727272727272,0.727023739
0,entropy,6,4,0.33,578,0.8264669163545568,0.7272727272727273,0.7271667369012502,0.7272727272727272,0.727023739
0,entropy,14,3,log2,545,0.7952559300873908,0.7272727272727273,0.7315758161671747,0.7272727272727272,0.7282147058690619
0,gini,10,13,log2,587,0.8014981273408239,0.7272727272727273,0.722112173,0.7272727272727272,0.7222806610428192
0,entropy,15,5,log2,542,0.8264669163545568,0.7272727272727273,0.7270920600656164,0.7272727272727272,0.7264049990412603
0,gini,5,10,sqrt,474,0.7702871410736579,0.7272727272727273,0.723018473,0.7272727272727272,0.724096741
0,entropy,12,14,0.33,422,0.7727840199750312,0.7272727272727273,0.7212887200467563,0.7272727272727272,0.7228711294804873
0,entropy,9,12,sqrt,496,0.7515605493133583,0.7272727272727273,0.7272727272727272,0.7272727272727272,0.7180745576467501
0,gini,6,10,0.33,714,0.7952559300873908,0.7272727272727273,0.7345235658024564,0.7272727272727272,0.7277947242597675
0,gini,12,6,sqrt,697,0.8014981273408239,0.7272727272727273,0.719798053,0.7272727272727272,0.7217062263501891
0,entropy,4,2,sqrt,569,0.7640449438202247,0.7272727272727273,0.7373279489373842,0.7272727272727272,0.7200503141546646
0,entropy,15,4,log2,541,0.8214731585518102,0.7242424242424242,0.726118782,0.7242424242424242,0.7242320258209314
0,gini,8,11,log2,482,0.7515605493133583,0.7242424242424242,0.7358872868503034,0.7242424242424242,0.7274093272242022
0,gini,8,11,log2,482,0.7515605493133583,0.7242424242424242,0.7358872868503034,0.7242424242424242,0.7274093272242022
0,gini,15,2,0.33,786,0.8913857677902621,0.7242424242424242,0.7387253717773881,0.7242424242424242,0.7265949551850609
0,gini,14,7,sqrt,760,0.7902621722846442,0.7242424242424242,0.7183123494598904,0.7242424242424242,0.7185628014668669
0,entropy,8,12,log2,423,0.7428214731585518,0.7242424242424242,0.7222772103206886,0.7242424242424242,0.7229644039099784
0,entropy,8,12,log2,423,0.7428214731585518,0.7242424242424242,0.7222772103206886,0.7242424242424242,0.7229644039099784
0,entropy,4,2,log2,507,0.7428214731585518,0.7242424242424242,0.7281366794592019,0.7242424242424242,0.7211164146579935
0,entropy,2,6,log2,656,0.7053682896379525,0.7242424242424242,0.7258201058201058,0.7242424242424242,0.7114536594779756
0,gini,11,2,sqrt,756,0.8976279650436954,0.7242424242424242,0.7426633280577013,0.7242424242424242,0.7279735543264083
0,entropy,3,12,sqrt,422,0.7303370786516854,0.7242424242424242,0.7235304757328418,0.7242424242424242,0.7144103510579304
0,gini,4,14,sqrt,729,0.762796504,0.7242424242424242,0.7307445694542469,0.7242424242424242,0.7244569184954925
0,gini,2,8,sqrt,504,0.7053682896379525,0.7242424242424242,0.7258201058201058,0.7242424242424242,0.7114536594779756
0,entropy,13,14,sqrt,611,0.7790262172284644,0.7242424242424242,0.7251624714161679,0.7242424242424242,0.7131421155905783
0,entropy,10,14,sqrt,407,0.7390761548064919,0.7242424242424242,0.7255548684120113,0.7242424242424242,0.7211266460779132
0,gini,6,9,log2,441,0.7503121098626716,0.7242424242424242,0.7257438713749393,0.7242424242424242,0.72447187
0,entropy,3,1,0.33,791,0.7290886392009988,0.7242424242424242,0.7203947368421053,0.7242424242424242,0.7208335845946653
0,entropy,3,1,0.33,791,0.7290886392009988,0.7242424242424242,0.7203947368421053,0.7242424242424242,0.7208335845946653
0,gini,13,11,sqrt,527,0.7553058676654182,0.7242424242424242,0.7285858585858586,0.7242424242424242,0.7254595645899994
0,gini,13,11,sqrt,527,0.7553058676654182,0.7242424242424242,0.7285858585858586,0.7242424242424242,0.7254595645899994
0,gini,6,6,sqrt,490,0.7727840199750312,0.7242424242424242,0.7249275362318842,0.7242424242424242,0.7238095238095239
0,gini,10,2,log2,462,0.8227215980024969,0.7242424242424242,0.7286083946634406,0.7242424242424242,0.7224119130375519
0,gini,10,2,log2,462,0.8227215980024969,0.7242424242424242,0.7286083946634406,0.7242424242424242,0.7224119130375519
0,entropy,12,1,log2,526,0.8801498127340824,0.7242424242424242,0.72293346,0.7242424242424242,0.7233837184247581
0,gini,13,13,0.33,404,0.784019975,0.7242424242424242,0.7377224493166522,0.7242424242424242,0.7273924869551175
0,entropy,11,13,sqrt,735,0.7890137328339576,0.7242424242424242,0.7300046946223858,0.7242424242424242,0.7261005647218969
0,gini,13,8,sqrt,541,0.7790262172284644,0.7242424242424242,0.7296329027485052,0.7242424242424242,0.7227683051427259
0,entropy,14,9,log2,596,0.7652933832709113,0.7242424242424242,0.7311213793693577,0.7242424242424242,0.7257995718447695
0,gini,13,3,log2,404,0.7715355805243446,0.7242424242424242,0.7212653083490167,0.7242424242424242,0.721749493
0,entropy,11,13,log2,755,0.7590511860174781,0.7242424242424242,0.7323328886347754,0.7242424242424242,0.7266061762329027
0,gini,8,10,0.33,446,0.7802746566791511,0.7242424242424242,0.7459662160381585,0.7242424242424242,0.7292578986878574
0,gini,9,6,sqrt,545,0.7727840199750312,0.7242424242424242,0.7373745154118986,0.7242424242424242,0.7267901267551112
0,entropy,13,8,log2,443,0.7902621722846442,0.7242424242424242,0.7252878584735591,0.7242424242424242,0.7244433042232353
0,gini,15,8,sqrt,516,0.7702871410736579,0.7242424242424242,0.7188882383554515,0.7242424242424242,0.7198820011843111
0,gini,15,8,sqrt,516,0.7702871410736579,0.7242424242424242,0.7188882383554515,0.7242424242424242,0.7198820011843111
0,gini,3,5,sqrt,554,0.7290886392009988,0.7242424242424242,0.7303008159785653,0.7242424242424242,0.7245737674204101
0,gini,10,4,0.33,586,0.8339575530586767,0.7242424242424242,0.7350882208433687,0.7242424242424242,0.7269822326942452
0,gini,15,8,sqrt,553,0.7777777777777778,0.7242424242424242,0.7270252771803135,0.7242424242424242,0.72398857
0,gini,15,8,sqrt,553,0.7777777777777778,0.7242424242424242,0.7270252771803135,0.7242424242424242,0.72398857
0,entropy,15,6,log2,551,0.8352059925093633,0.7242424242424242,0.7236570195481086,0.7242424242424242,0.7223283470876813
0,entropy,10,3,log2,756,0.850187266,0.7242424242424242,0.7248857623857624,0.7242424242424242,0.7245271960868291
0,entropy,2,4,0.33,505,0.7290886392009988,0.7242424242424242,0.7425784322980583,0.7242424242424242,0.7280946396153768
0,entropy,6,11,0.33,736,0.8002496878901373,0.7242424242424242,0.7214254671881791,0.7242424242424242,0.722319747
0,entropy,6,11,0.33,736,0.8002496878901373,0.7242424242424242,0.7214254671881791,0.7242424242424242,0.722319747
0,gini,11,1,0.33,741,0.9038701622971286,0.7242424242424242,0.7259095378564404,0.7242424242424242,0.7248702451539035
0,entropy,5,1,sqrt,525,0.7540574282147315,0.7242424242424242,0.7298089578940642,0.7242424242424242,0.7243990886043452
0,gini,8,1,log2,581,0.846441948,0.7242424242424242,0.7282904827429603,0.7242424242424242,0.7259333319799427
0,entropy,3,12,sqrt,553,0.7166042446941323,0.7242424242424242,0.7255278834226203,0.7242424242424242,0.7238853290615405
0,entropy,3,12,sqrt,553,0.7166042446941323,0.7242424242424242,0.7255278834226203,0.7242424242424242,0.7238853290615405
0,gini,10,6,log2,580,0.7940074906367042,0.7242424242424242,0.7293636458864078,0.7242424242424242,0.7248294246507468
0,entropy,7,14,0.33,760,0.8227215980024969,0.7242424242424242,0.7332045610734136,0.7242424242424242,0.7256537833391148
0,entropy,7,14,0.33,760,0.8227215980024969,0.7242424242424242,0.7332045610734136,0.7242424242424242,0.7256537833391148
0,gini,2,13,0.33,609,0.7240948813982522,0.7242424242424242,0.7228642528306581,0.7242424242424242,0.7122274736318562
0,gini,4,8,0.33,596,0.7415730337078652,0.7242424242424242,0.7467778586119868,0.7242424242424242,0.7293918888473842
0,gini,4,8,0.33,596,0.7415730337078652,0.7242424242424242,0.7467778586119868,0.7242424242424242,0.7293918888473842
0,gini,6,2,log2,688,0.7852684144818977,0.7242424242424242,0.7201137249172024,0.7242424242424242,0.7207287055166915
0,entropy,2,11,sqrt,630,0.7116104868913857,0.7242424242424242,0.7300098019670388,0.7242424242424242,0.7224662592309651
0,entropy,8,5,log2,622,0.8114856429463171,0.7242424242424242,0.731443534,0.7242424242424242,0.7261245175540455
0,gini,5,3,sqrt,659,0.7902621722846442,0.7242424242424242,0.7211110176436573,0.7242424242424242,0.7164473624125524
0,gini,5,3,sqrt,659,0.7902621722846442,0.7242424242424242,0.7211110176436573,0.7242424242424242,0.7164473624125524
0,entropy,11,10,log2,649,0.787765293,0.7242424242424242,0.7212665887689318,0.7242424242424242,0.7213650691911563
0,gini,10,6,0.33,741,0.8052434456928839,0.7242424242424242,0.7288062139547288,0.7242424242424242,0.7255484537975082
0,entropy,14,13,sqrt,727,0.7865168539325843,0.7242424242424242,0.7404520956314714,0.7242424242424242,0.7274146562072259
0,gini,13,10,0.33,436,0.7740324594257179,0.7242424242424242,0.7263610076603991,0.7242424242424242,0.7243474434524173
0,entropy,5,13,0.33,650,0.7990012484394506,0.7242424242424242,0.7394462795517148,0.7242424242424242,0.7245262308177978
0,entropy,12,6,log2,735,0.8227215980024969,0.7242424242424242,0.7211013030685162,0.7242424242424242,0.7215866365882478
0,entropy,12,2,sqrt,605,0.8451935081148564,0.7242424242424242,0.7268523746784616,0.7242424242424242,0.725307337
0,entropy,7,10,log2,725,0.7565543071161048,0.7242424242424242,0.7281792616363338,0.7242424242424242,0.7255208579217696
0,entropy,12,7,log2,627,0.7890137328339576,0.7242424242424242,0.7262034762034763,0.7242424242424242,0.7240245732640402
0,gini,5,14,0.33,735,0.7952559300873908,0.7242424242424242,0.7427281438891346,0.7242424242424242,0.7273096458281643
0,gini,3,13,sqrt,477,0.731585518,0.7242424242424242,0.7397049506742691,0.7242424242424242,0.7271775309047737
0,entropy,7,9,sqrt,704,0.8027465667915106,0.7242424242424242,0.7239077150932967,0.7242424242424242,0.7194231936854888
0,gini,7,5,sqrt,562,0.7927590511860175,0.7212121212121212,0.7434181602086752,0.7212121212121212,0.7267956663658343
0,gini,8,6,0.33,633,0.8077403245942572,0.7212121212121212,0.7277550207657734,0.7212121212121212,0.722839724
0,entropy,13,9,log2,445,0.7927590511860175,0.7212121212121212,0.7137398549163255,0.7212121212121213,0.7148695482148778
0,gini,12,5,log2,460,0.787765293,0.7212121212121212,0.7270676691729324,0.7212121212121212,0.7208435747148169
0,gini,12,5,log2,460,0.787765293,0.7212121212121212,0.7270676691729324,0.7212121212121212,0.7208435747148169
0,gini,7,3,log2,548,0.7827715355805244,0.7212121212121212,0.7181555686803064,0.7212121212121212,0.7188016165379928
0,gini,13,13,sqrt,413,0.7515605493133583,0.7212121212121212,0.7274382048190526,0.7212121212121212,0.7164446961635716
0,entropy,11,10,log2,580,0.7740324594257179,0.7212121212121212,0.7563632550029752,0.7212121212121213,0.7255668814539638
0,entropy,11,10,log2,580,0.7740324594257179,0.7212121212121212,0.7563632550029752,0.7212121212121213,0.7255668814539638
0,gini,14,14,log2,483,0.7290886392009988,0.7212121212121212,0.7207269821948721,0.7212121212121213,0.7209599872774731
0,entropy,11,6,log2,710,0.7940074906367042,0.7212121212121212,0.7249610479789416,0.7212121212121213,0.7226859537895033
0,entropy,11,6,log2,710,0.7940074906367042,0.7212121212121212,0.7249610479789416,0.7212121212121213,0.7226859537895033
0,gini,14,4,0.33,564,0.8202247191011236,0.7212121212121212,0.7353440984595484,0.7212121212121212,0.7243511349096149
0,entropy,4,9,sqrt,546,0.7465667915106118,0.7212121212121212,0.733595418,0.7212121212121212,0.7162283214018429
0,entropy,8,3,log2,461,0.81897628,0.7212121212121212,0.7351774921546578,0.7212121212121212,0.7242892676669491
0,entropy,2,8,0.33,588,0.7278401997503121,0.7212121212121212,0.7518494152046783,0.7212121212121212,0.7167411313752777
0,entropy,2,8,0.33,588,0.7278401997503121,0.7212121212121212,0.7518494152046783,0.7212121212121212,0.7167411313752777
0,entropy,12,8,sqrt,401,0.7515605493133583,0.7212121212121212,0.7260012672123691,0.7212121212121212,0.7204292765098256
0,entropy,7,6,log2,793,0.7615480649188514,0.7212121212121212,0.7335491776893749,0.7212121212121212,0.7208359929445378
0,gini,3,14,sqrt,553,0.731585518,0.7212121212121212,0.715769373,0.7212121212121213,0.7131772148346841
0,gini,5,10,log2,461,0.7715355805243446,0.7212121212121212,0.7341364873264441,0.7212121212121212,0.7227397149156346
0,gini,5,10,log2,461,0.7715355805243446,0.7212121212121212,0.7341364873264441,0.7212121212121212,0.7227397149156346
0,entropy,10,6,log2,511,0.7752808988764045,0.7212121212121212,0.7152134785046177,0.7212121212121212,0.7108024691358025
0,entropy,10,6,log2,511,0.7752808988764045,0.7212121212121212,0.7152134785046177,0.7212121212121212,0.7108024691358025
0,entropy,3,1,log2,538,0.7028714107365793,0.7212121212121212,0.7390929411262617,0.7212121212121212,0.7220313782228157
0,entropy,5,1,sqrt,683,0.8002496878901373,0.7212121212121212,0.7505555555555556,0.7212121212121212,0.7238866396761133
0,entropy,4,13,log2,424,0.7390761548064919,0.7212121212121212,0.7262780386019823,0.7212121212121212,0.7143577598430326
0,entropy,4,13,log2,424,0.7390761548064919,0.7212121212121212,0.7262780386019823,0.7212121212121212,0.7143577598430326
0,entropy,5,4,log2,501,0.7478152309612984,0.7212121212121212,0.7137245809195654,0.7212121212121212,0.6984579859077692
0,entropy,2,12,0.33,552,0.7215980024968789,0.7212121212121212,0.79574723,0.7212121212121212,0.6784184485046622
0,entropy,14,7,sqrt,617,0.7790262172284644,0.7212121212121212,0.7320686006741961,0.7212121212121212,0.7238104304935988
0,entropy,7,13,log2,670,0.7365792759051186,0.7212121212121212,0.7259101350652065,0.7212121212121212,0.7156104608317513
0,entropy,11,11,log2,744,0.7777777777777778,0.7212121212121212,0.7401248533601475,0.7212121212121212,0.725400046
0,entropy,11,11,log2,744,0.7777777777777778,0.7212121212121212,0.7401248533601475,0.7212121212121212,0.725400046
0,gini,11,3,log2,454,0.8164794007490637,0.7212121212121212,0.7155103066867773,0.7212121212121212,0.7157059459364151
0,entropy,8,2,sqrt,602,0.8401997503121099,0.7212121212121212,0.7242435799644037,0.7212121212121212,0.7209426181218334
0,entropy,8,14,sqrt,758,0.7915106117353309,0.7212121212121212,0.721371791,0.7212121212121212,0.7210282343025707
0,entropy,5,8,log2,534,0.7578027465667915,0.7212121212121212,0.7137405670799318,0.7212121212121212,0.7153634961301187
0,entropy,5,8,log2,534,0.7578027465667915,0.7212121212121212,0.7137405670799318,0.7212121212121212,0.7153634961301187
0,gini,14,11,log2,669,0.784019975,0.7212121212121212,0.7285233302986311,0.7212121212121213,0.7218451927610344
0,gini,14,11,log2,669,0.784019975,0.7212121212121212,0.7285233302986311,0.7212121212121213,0.7218451927610344
0,entropy,5,4,log2,402,0.7415730337078652,0.7212121212121212,0.7235981764039318,0.7212121212121212,0.715996609
0,entropy,4,6,sqrt,780,0.7740324594257179,0.7212121212121212,0.720359001,0.7212121212121212,0.7186912051394919
0,gini,14,6,sqrt,737,0.8239700374531835,0.7212121212121212,0.7279733725788594,0.7212121212121212,0.723383451
0,gini,14,6,sqrt,737,0.8239700374531835,0.7212121212121212,0.7279733725788594,0.7212121212121212,0.723383451
0,entropy,9,2,sqrt,792,0.8739076154806492,0.7212121212121212,0.7202621513369176,0.7212121212121212,0.7206712519805499
0,entropy,15,3,sqrt,703,0.8476903870162297,0.7212121212121212,0.7210329316080736,0.7212121212121212,0.72051624
0,entropy,9,13,sqrt,606,0.7865168539325843,0.7212121212121212,0.7154354012927229,0.7212121212121212,0.7164536822558506
0,entropy,9,13,sqrt,606,0.7865168539325843,0.7212121212121212,0.7154354012927229,0.7212121212121212,0.7164536822558506
0,entropy,8,12,sqrt,639,0.7802746566791511,0.7212121212121212,0.7221500603121648,0.7212121212121213,0.7203510443133273
0,entropy,8,12,sqrt,639,0.7802746566791511,0.7212121212121212,0.7221500603121648,0.7212121212121213,0.7203510443133273
0,entropy,5,2,log2,666,0.7777777777777778,0.7212121212121212,0.7394487222408214,0.7212121212121213,0.7235432266469658
0,entropy,14,14,0.33,428,0.7428214731585518,0.7212121212121212,0.7184574684574684,0.7212121212121212,0.7194477053568044
0,entropy,2,1,0.33,725,0.7278401997503121,0.7212121212121212,0.7518494152046783,0.7212121212121212,0.7167411313752777
0,entropy,4,9,0.33,574,0.7802746566791511,0.7212121212121212,0.7374791874791876,0.7212121212121212,0.7246723996723997
0,gini,9,6,log2,581,0.8014981273408239,0.7212121212121212,0.723196881,0.7212121212121213,0.7220948012232417
0,entropy,4,8,sqrt,593,0.7428214731585518,0.7212121212121212,0.715239326,0.7212121212121212,0.7128823002677477
0,gini,10,2,log2,416,0.81897628,0.7212121212121212,0.7154060990338165,0.7212121212121212,0.7139121051691969
0,entropy,5,3,sqrt,459,0.7702871410736579,0.7212121212121212,0.7430260047281324,0.7212121212121212,0.725775933
0,gini,15,11,sqrt,427,0.7016229712858927,0.7212121212121212,0.7272801298748003,0.7212121212121212,0.7209950248756218
0,gini,15,7,0.33,568,0.8064918851435705,0.7212121212121212,0.7264832784139527,0.7212121212121212,0.7226600154231733
0,gini,2,3,0.33,636,0.7191011235955056,0.7212121212121212,0.7171196656633549,0.7212121212121212,0.7186961129568314
0,gini,4,5,log2,470,0.7453183520599251,0.7212121212121212,0.7269056479582797,0.7212121212121212,0.7204153420040359
0,gini,15,1,log2,568,0.8589263420724095,0.7212121212121212,0.7184068452632809,0.7212121212121212,0.7191603779907849
0,gini,5,12,sqrt,745,0.7578027465667915,0.7181818181818181,0.7360943382639028,0.7181818181818181,0.7233381570516283
0,gini,12,13,sqrt,784,0.7677902621722846,0.7181818181818181,0.7397524884382923,0.7181818181818181,0.7229654161670377
0,gini,3,13,sqrt,694,0.7253433208489388,0.7181818181818181,0.7544117647058824,0.7181818181818183,0.719371229
0,entropy,11,10,sqrt,601,0.797752809,0.7181818181818181,0.719432247,0.7181818181818183,0.7149676198957415
0,entropy,11,10,sqrt,601,0.797752809,0.7181818181818181,0.719432247,0.7181818181818183,0.7149676198957415
0,gini,15,3,log2,777,0.8352059925093633,0.7181818181818181,0.7170775199402396,0.7181818181818183,0.7173581730359625
0,gini,8,14,log2,461,0.7727840199750312,0.7181818181818181,0.7286256221566195,0.7181818181818183,0.7215039354869863
0,gini,8,14,sqrt,765,0.766541823,0.7181818181818181,0.7433323344321247,0.7181818181818181,0.7240896358543418
0,gini,8,14,sqrt,765,0.766541823,0.7181818181818181,0.7433323344321247,0.7181818181818181,0.7240896358543418
0,gini,6,4,log2,434,0.7690387016229713,0.7181818181818181,0.7268455185691849,0.7181818181818181,0.7157168379397705
0,entropy,11,7,log2,785,0.8039950062421972,0.7181818181818181,0.7266353002180909,0.7181818181818181,0.7205070516524232
0,gini,12,7,log2,400,0.7565543071161048,0.7181818181818181,0.7106592238171184,0.7181818181818181,0.710435942
0,gini,12,7,log2,400,0.7565543071161048,0.7181818181818181,0.7106592238171184,0.7181818181818181,0.710435942
0,entropy,4,6,sqrt,770,0.7403245942571786,0.7181818181818181,0.75628151,0.7181818181818181,0.7260536398467433
0,entropy,3,7,sqrt,480,0.7203495630461922,0.7181818181818181,0.7124347097621424,0.7181818181818181,0.6993782829059311
0,entropy,3,7,sqrt,480,0.7203495630461922,0.7181818181818181,0.7124347097621424,0.7181818181818181,0.6993782829059311
0,gini,11,1,log2,528,0.8476903870162297,0.7181818181818181,0.7182803601693214,0.7181818181818181,0.7179477927224943
0,gini,12,10,log2,639,0.7540574282147315,0.7181818181818181,0.7349858492066016,0.7181818181818181,0.7195540935672514
0,gini,9,7,sqrt,520,0.7640449438202247,0.7181818181818181,0.7159328524007423,0.7181818181818181,0.7166037102814391
0,gini,9,7,sqrt,520,0.7640449438202247,0.7181818181818181,0.7159328524007423,0.7181818181818181,0.7166037102814391
0,gini,8,2,log2,694,0.8389513108614233,0.7181818181818181,0.7242239774766507,0.7181818181818181,0.7201385274995236
0,gini,8,2,log2,694,0.8389513108614233,0.7181818181818181,0.7242239774766507,0.7181818181818181,0.7201385274995236
0,entropy,9,11,log2,519,0.7890137328339576,0.7181818181818181,0.7160997659600609,0.7181818181818183,0.715150862
0,gini,9,3,sqrt,437,0.7865168539325843,0.7181818181818181,0.7337517256880327,0.7181818181818181,0.7227563523388035
0,gini,12,5,log2,731,0.7902621722846442,0.7181818181818181,0.7181811569120251,0.7181818181818183,0.7179907646199449
0,gini,5,6,log2,613,0.7540574282147315,0.7181818181818181,0.7203465456979251,0.7181818181818181,0.7179928404765383
0,gini,5,6,log2,613,0.7540574282147315,0.7181818181818181,0.7203465456979251,0.7181818181818181,0.7179928404765383
0,gini,15,5,sqrt,432,0.7965043695380774,0.7181818181818181,0.7122107805746251,0.7181818181818181,0.7135446368956443
0,gini,6,14,log2,696,0.7652933832709113,0.7181818181818181,0.7245863316107513,0.7181818181818181,0.7199435790267709
0,gini,15,1,sqrt,623,0.9001248439450686,0.7181818181818181,0.7196396439817492,0.7181818181818183,0.7186113015552268
0,gini,14,2,sqrt,698,0.8514357053682896,0.7181818181818181,0.730206477,0.7181818181818183,0.7208741648865549
0,entropy,3,14,0.33,596,0.7465667915106118,0.7181818181818181,0.7139576393952503,0.7181818181818181,0.7139225665639515
0,gini,7,11,sqrt,545,0.7590511860174781,0.7181818181818181,0.7138049502349763,0.7181818181818181,0.7114732148783686
0,entropy,7,4,log2,473,0.787765293,0.7181818181818181,0.7144895432395661,0.7181818181818181,0.7143138864741299
0,entropy,7,4,log2,473,0.787765293,0.7181818181818181,0.7144895432395661,0.7181818181818181,0.7143138864741299
0,entropy,13,11,log2,421,0.7390761548064919,0.7181818181818181,0.7187196023909941,0.7181818181818181,0.7163637971187179
0,entropy,13,11,log2,421,0.7390761548064919,0.7181818181818181,0.7187196023909941,0.7181818181818181,0.7163637971187179
0,gini,10,14,log2,723,0.7727840199750312,0.7181818181818181,0.7328377886888525,0.7181818181818181,0.7220167591250602
0,gini,15,13,sqrt,757,0.7540574282147315,0.7181818181818181,0.729812092,0.7181818181818183,0.721809982
0,gini,5,6,sqrt,604,0.7528089887640449,0.7181818181818181,0.75482489,0.7181818181818183,0.7239526858110871
0,entropy,5,12,0.33,602,0.7540574282147315,0.7181818181818181,0.7174990385577839,0.7181818181818183,0.7120591147677601
0,entropy,8,12,0.33,557,0.7690387016229713,0.7181818181818181,0.7280863259124128,0.7181818181818183,0.7202743559440904
0,entropy,4,13,log2,628,0.7365792759051186,0.7181818181818181,0.7136618023553508,0.7181818181818181,0.7134074437082507
0,gini,13,12,sqrt,448,0.766541823,0.7181818181818181,0.7174371855506023,0.7181818181818183,0.7173355995640515
0,gini,13,12,sqrt,448,0.766541823,0.7181818181818181,0.7174371855506023,0.7181818181818183,0.7173355995640515
0,gini,14,2,log2,660,0.8888888888888888,0.7181818181818181,0.7187274789216537,0.7181818181818181,0.7179317528451983
0,gini,7,14,sqrt,751,0.7790262172284644,0.7181818181818181,0.7152140672782874,0.7181818181818183,0.7162866254168083
0,gini,7,14,sqrt,751,0.7790262172284644,0.7181818181818181,0.7152140672782874,0.7181818181818183,0.7162866254168083
0,entropy,13,4,log2,524,0.7940074906367042,0.7181818181818181,0.7121562993673175,0.7181818181818181,0.7107140012516356
0,entropy,11,5,log2,765,0.8377028714107366,0.7181818181818181,0.7292666002956527,0.7181818181818183,0.7187898888591308
0,entropy,5,12,sqrt,558,0.7578027465667915,0.7181818181818181,0.7484720758693362,0.7181818181818181,0.7226550971470732
0,gini,2,1,0.33,745,0.7228464419475655,0.7181818181818181,0.7475897693288998,0.7181818181818181,0.7131939957254336
0,gini,9,10,log2,744,0.7927590511860175,0.7181818181818181,0.7311416076238211,0.7181818181818181,0.7218149757077659
0,gini,9,10,log2,744,0.7927590511860175,0.7181818181818181,0.7311416076238211,0.7181818181818181,0.7218149757077659
0,gini,3,1,sqrt,648,0.7053682896379525,0.7151515151515152,0.7215093919890783,0.7151515151515152,0.7165066636963542
0,gini,13,13,0.33,688,0.8064918851435705,0.7151515151515152,0.7122222222222222,0.7151515151515152,0.7127674258109041
0,entropy,12,14,sqrt,638,0.766541823,0.7151515151515152,0.7109133605240391,0.7151515151515152,0.709895873
0,gini,4,1,0.33,735,0.7702871410736579,0.7151515151515152,0.7299983788743724,0.7151515151515152,0.7172338552854284
0,gini,3,1,log2,442,0.7103620474406991,0.7151515151515152,0.7699698960043788,0.7151515151515152,0.7044392189818968
0,gini,15,8,sqrt,675,0.8014981273408239,0.7151515151515152,0.727892209,0.7151515151515152,0.7156568806218974
0,entropy,10,1,log2,637,0.8813982521847691,0.7151515151515152,0.7247936507936507,0.7151515151515152,0.7183823818163253
0,entropy,10,1,log2,637,0.8813982521847691,0.7151515151515152,0.7247936507936507,0.7151515151515152,0.7183823818163253
0,entropy,5,12,0.33,586,0.7677902621722846,0.7151515151515152,0.7247868446931679,0.7151515151515152,0.7185334780162366
0,gini,7,14,log2,780,0.7428214731585518,0.7151515151515152,0.711603908,0.7151515151515152,0.712747986
0,gini,7,14,log2,780,0.7428214731585518,0.7151515151515152,0.711603908,0.7151515151515152,0.712747986
0,gini,11,12,log2,413,0.6966292134831461,0.7151515151515152,0.7093439135184866,0.7151515151515152,0.7075295075295075
0,gini,11,12,log2,413,0.6966292134831461,0.7151515151515152,0.7093439135184866,0.7151515151515152,0.7075295075295075
0,entropy,3,13,0.33,420,0.7390761548064919,0.7151515151515152,0.7402420199272429,0.7151515151515152,0.7192626633986928
0,gini,3,14,0.33,401,0.7365792759051186,0.7151515151515152,0.7473850870690013,0.7151515151515152,0.721366239
0,gini,3,14,0.33,401,0.7365792759051186,0.7151515151515152,0.7473850870690013,0.7151515151515152,0.721366239
0,gini,8,13,0.33,400,0.762796504,0.7151515151515152,0.7098971623616439,0.7151515151515152,0.7028561558060198
0,entropy,13,3,log2,511,0.8139825218476904,0.7151515151515152,0.7265948501693181,0.7151515151515152,0.7183680455269942
0,gini,12,3,log2,428,0.7827715355805244,0.7151515151515152,0.7145887698013498,0.7151515151515152,0.7140181382943029
0,gini,4,4,0.33,481,0.7790262172284644,0.7151515151515152,0.7280448089659751,0.7151515151515152,0.7161875161875161
0,entropy,14,2,sqrt,529,0.8451935081148564,0.7151515151515152,0.7269394491026774,0.7151515151515152,0.7188484756618014
0,gini,10,7,log2,727,0.8052434456928839,0.7151515151515152,0.7150411764115837,0.7151515151515152,0.7149310565977233
0,gini,4,1,log2,675,0.7240948813982522,0.7151515151515152,0.7347053360351232,0.7151515151515152,0.7189854686211055
0,gini,12,7,sqrt,648,0.7677902621722846,0.7151515151515152,0.7234794080410243,0.7151515151515152,0.7178747477304531
0,entropy,8,4,sqrt,648,0.7827715355805244,0.7151515151515152,0.7174129128223683,0.7151515151515152,0.7158899744815237
0,entropy,8,4,sqrt,648,0.7827715355805244,0.7151515151515152,0.7174129128223683,0.7151515151515152,0.7158899744815237
0,entropy,15,13,log2,452,0.7578027465667915,0.7151515151515152,0.7110399112155038,0.7151515151515152,0.7042225789241239
0,gini,4,11,log2,485,0.7378277153558053,0.7151515151515152,0.7575219743069641,0.7151515151515152,0.7079853235099319
0,gini,5,3,log2,469,0.7690387016229713,0.7151515151515152,0.7239340747760957,0.7151515151515152,0.7102710302621847
0,entropy,2,4,sqrt,447,0.6966292134831461,0.7151515151515152,0.7184024309024308,0.7151515151515152,0.7118914368914369
0,gini,8,13,0.33,406,0.7615480649188514,0.7151515151515152,0.7170090605376851,0.7151515151515152,0.7060471793172941
0,entropy,14,8,log2,590,0.787765293,0.7151515151515152,0.7211820538449661,0.7151515151515152,0.7163634880993061
0,entropy,8,2,log2,650,0.8426966292134831,0.7151515151515152,0.7248844052122742,0.7151515151515152,0.7168434625696772
0,gini,2,12,0.33,660,0.70411985,0.7151515151515152,0.7180849559796929,0.7151515151515152,0.7133260999964716
0,entropy,10,13,sqrt,459,0.7428214731585518,0.7151515151515152,0.7189186447555285,0.7151515151515152,0.7154727988061321
0,entropy,5,14,log2,469,0.7328339575530587,0.7151515151515152,0.7266526973170632,0.7151515151515152,0.6927398987896837
0,entropy,13,7,sqrt,441,0.7478152309612984,0.7151515151515152,0.7166989946818777,0.7151515151515152,0.7151524078365156
0,entropy,8,12,log2,643,0.7652933832709113,0.7151515151515152,0.7197330161247687,0.7151515151515152,0.7160780301873201
0,entropy,5,3,sqrt,543,0.7690387016229713,0.7151515151515152,0.715069824,0.7151515151515152,0.7138217260963228
0,gini,12,2,log2,717,0.850187266,0.7151515151515152,0.708137614,0.7151515151515152,0.709047132
0,gini,15,6,sqrt,693,0.8139825218476904,0.7151515151515152,0.720951344,0.7151515151515152,0.7172947194396571
0,gini,15,6,sqrt,693,0.8139825218476904,0.7151515151515152,0.720951344,0.7151515151515152,0.7172947194396571
0,entropy,4,4,sqrt,556,0.7540574282147315,0.7151515151515152,0.7182296705018941,0.7151515151515152,0.6966279389034643
0,gini,7,9,sqrt,617,0.797752809,0.7151515151515152,0.7232291146547114,0.7151515151515152,0.7179417512337989
0,gini,6,8,log2,779,0.7702871410736579,0.7151515151515152,0.7236603295542094,0.7151515151515152,0.717917748
0,gini,6,8,log2,779,0.7702871410736579,0.7151515151515152,0.7236603295542094,0.7151515151515152,0.717917748
0,entropy,8,9,log2,589,0.7415730337078652,0.7151515151515152,0.7220956354300384,0.7151515151515152,0.7166802309480002
0,gini,14,13,log2,771,0.7915106117353309,0.7151515151515152,0.7284370064186577,0.7151515151515152,0.7180802607964742
0,gini,14,3,log2,428,0.7827715355805244,0.7151515151515152,0.7145887698013498,0.7151515151515152,0.7140181382943029
0,gini,12,10,sqrt,759,0.8089887640449438,0.7151515151515152,0.7149162923621727,0.7151515151515152,0.7142604353878985
0,gini,12,2,log2,477,0.8052434456928839,0.7151515151515152,0.7184147697540556,0.7151515151515152,0.7142983001971457
0,gini,13,13,log2,458,0.7340823970037453,0.7121212121212122,0.708722355,0.712121212,0.7042206731548727
0,gini,3,4,log2,509,0.6853932584269663,0.7121212121212122,0.7266716503048216,0.712121212,0.7075130559586519
0,entropy,6,2,sqrt,588,0.836454432,0.7121212121212122,0.7357459473150962,0.712121212,0.7180909956215497
0,entropy,6,2,sqrt,588,0.836454432,0.7121212121212122,0.7357459473150962,0.712121212,0.7180909956215497
0,gini,13,14,sqrt,555,0.735330836,0.7121212121212122,0.7166719362508837,0.7121212121212123,0.711108402
0,entropy,11,13,sqrt,576,0.7815230961298377,0.7121212121212122,0.7119735968337451,0.712121212,0.7053827920351775
0,gini,5,4,sqrt,755,0.7752808988764045,0.7121212121212122,0.7592011944755507,0.7121212121212123,0.7182327172206996
0,gini,5,4,sqrt,755,0.7752808988764045,0.7121212121212122,0.7592011944755507,0.7121212121212123,0.7182327172206996
0,entropy,15,1,log2,558,0.8789013732833958,0.7121212121212122,0.7176584421867439,0.712121212,0.7142050556583944
0,entropy,14,6,sqrt,554,0.8052434456928839,0.7121212121212122,0.7133877072932006,0.712121212,0.7126158871300875
0,entropy,6,11,sqrt,567,0.7690387016229713,0.7121212121212122,0.711943467,0.712121212,0.7094980566708383
0,entropy,9,9,sqrt,609,0.766541823,0.7121212121212122,0.7150253663483094,0.712121212,0.7098268555776359
0,entropy,8,13,log2,641,0.7303370786516854,0.7121212121212122,0.7173190979198699,0.712121212,0.7139961983475841
0,entropy,8,13,log2,641,0.7303370786516854,0.7121212121212122,0.7173190979198699,0.712121212,0.7139961983475841
0,gini,10,9,log2,614,0.7652933832709113,0.7121212121212122,0.7263756190353018,0.712121212,0.7107182433773248
0,entropy,2,14,sqrt,654,0.7066167290886392,0.7121212121212122,0.7088825433085856,0.712121212,0.7088397731049305
0,gini,5,9,log2,547,0.7615480649188514,0.7121212121212122,0.7088987921551984,0.7121212121212123,0.709443949
0,entropy,13,13,sqrt,780,0.815230961,0.7121212121212122,0.709696164,0.712121212,0.7103036321507026
0,entropy,10,11,log2,403,0.7465667915106118,0.7121212121212122,0.7118111075578296,0.7121212121212123,0.7115009746588693
0,entropy,10,11,log2,403,0.7465667915106118,0.7121212121212122,0.7118111075578296,0.7121212121212123,0.7115009746588693
0,entropy,5,3,log2,410,0.735330836,0.7121212121212122,0.7122952549814253,0.7121212121212123,0.7060013960276668
0,entropy,4,7,log2,449,0.7602996254681648,0.7121212121212122,0.7127926926092064,0.712121212,0.7124474773145201
0,entropy,4,7,log2,449,0.7602996254681648,0.7121212121212122,0.7127926926092064,0.712121212,0.7124474773145201
0,entropy,13,13,sqrt,645,0.7827715355805244,0.7121212121212122,0.7184335154826957,0.7121212121212123,0.7141729812245473
0,gini,13,2,log2,609,0.8352059925093633,0.7121212121212122,0.7173456734113661,0.712121212,0.7140215141558404
0,entropy,7,1,sqrt,437,0.8202247191011236,0.7121212121212122,0.7346575654078681,0.7121212121212123,0.7141607580204071
0,gini,8,6,sqrt,528,0.7615480649188514,0.7121212121212122,0.7247944603777485,0.7121212121212123,0.7148838279273061
0,entropy,5,10,log2,415,0.7390761548064919,0.7121212121212122,0.7117738256584901,0.712121212,0.7118285707271567
0,gini,10,3,0.33,405,0.8027465667915106,0.7121212121212122,0.7122762457668118,0.712121212,0.71144471
0,gini,7,9,sqrt,672,0.7815230961298377,0.7121212121212122,0.7172319870556695,0.712121212,0.7124694506609073
0,entropy,11,12,sqrt,724,0.7865168539325843,0.7121212121212122,0.7298275396101482,0.7121212121212123,0.7149390599797595
0,gini,9,14,0.33,420,0.7428214731585518,0.7121212121212122,0.7105028684686651,0.7121212121212123,0.7103866175999748
0,entropy,7,7,log2,712,0.7902621722846442,0.7121212121212122,0.7085618085618086,0.712121212,0.7084520075765434
0,gini,13,14,log2,635,0.762796504,0.7121212121212122,0.7115024114132792,0.712121212,0.7026958452389209
0,gini,13,14,log2,635,0.762796504,0.7121212121212122,0.7115024114132792,0.712121212,0.7026958452389209
0,entropy,11,1,0.33,494,0.8626716604244694,0.7121212121212122,0.7079237036365651,0.712121212,0.7094209222312499
0,entropy,11,1,0.33,494,0.8626716604244694,0.7121212121212122,0.7079237036365651,0.712121212,0.7094209222312499
0,entropy,13,5,sqrt,516,0.797752809,0.7121212121212122,0.722137502,0.712121212,0.7122331691297208
0,gini,6,14,log2,609,0.7278401997503121,0.7121212121212122,0.7067412871512202,0.712121212,0.7050465145915638
0,entropy,12,11,log2,544,0.762796504,0.7121212121212122,0.7094584932072469,0.712121212,0.7101892810929554
0,gini,6,9,sqrt,479,0.7515605493133583,0.7121212121212122,0.7151361178468553,0.7121212121212123,0.7119729977040813
0,gini,12,11,sqrt,686,0.7865168539325843,0.7121212121212122,0.7118181515121208,0.712121212,0.7109066226419155
0,gini,12,11,sqrt,686,0.7865168539325843,0.7121212121212122,0.7118181515121208,0.712121212,0.7109066226419155
0,entropy,10,8,sqrt,703,0.7990012484394506,0.7121212121212122,0.7133815694063496,0.7121212121212123,0.7108134844882908
0,gini,6,14,log2,609,0.7278401997503121,0.7121212121212122,0.7067412871512202,0.712121212,0.7050465145915638
0,entropy,10,10,log2,525,0.7727840199750312,0.7121212121212122,0.7244484138288563,0.712121212,0.7155678029529836
0,entropy,12,4,log2,478,0.7740324594257179,0.7121212121212122,0.7125655830146123,0.712121212,0.7099497884829068
0,entropy,12,4,log2,478,0.7740324594257179,0.7121212121212122,0.7125655830146123,0.712121212,0.7099497884829068
0,entropy,9,2,sqrt,687,0.8714107365792759,0.7121212121212122,0.7109026775693442,0.712121212,0.7114722729401629
0,entropy,3,14,sqrt,497,0.7103620474406991,0.7121212121212122,0.7615287984423089,0.712121212,0.7080965011999495
0,entropy,3,14,sqrt,497,0.7103620474406991,0.7121212121212122,0.7615287984423089,0.712121212,0.7080965011999495
0,gini,13,13,sqrt,444,0.7590511860174781,0.7121212121212122,0.7127236812529144,0.712121212,0.7108022374278474
0,entropy,4,11,log2,428,0.7553058676654182,0.7090909090909091,0.7270451699770163,0.709090909,0.7092930321071362
0,entropy,4,11,log2,428,0.7553058676654182,0.7090909090909091,0.7270451699770163,0.709090909,0.7092930321071362
0,gini,10,1,sqrt,458,0.8414481897627965,0.7090909090909091,0.7096706039804213,0.7090909090909091,0.7092977469514429
0,gini,15,1,log2,517,0.8401997503121099,0.7090909090909091,0.7202408859553161,0.7090909090909091,0.7121016168925842
0,gini,15,1,log2,517,0.8401997503121099,0.7090909090909091,0.7202408859553161,0.7090909090909091,0.7121016168925842
0,entropy,4,2,sqrt,645,0.7153558052434457,0.7090909090909091,0.709820035,0.709090909,0.708775942
0,gini,11,6,log2,607,0.8127340823970037,0.7090909090909091,0.7028897199059557,0.7090909090909091,0.702733849
0,gini,12,14,sqrt,418,0.6991260923845194,0.7090909090909091,0.7067532510826839,0.7090909090909091,0.706984311
0,entropy,4,2,sqrt,685,0.7553058676654182,0.7090909090909091,0.713162262,0.709090909,0.7107223500274754
0,entropy,4,2,sqrt,685,0.7553058676654182,0.7090909090909091,0.713162262,0.709090909,0.7107223500274754
0,gini,10,1,log2,438,0.846441948,0.7090909090909091,0.7154640813731724,0.7090909090909091,0.7114772401883899
0,gini,4,6,log2,799,0.735330836,0.7090909090909091,0.7233337543682371,0.7090909090909091,0.7102748127198449
0,gini,10,3,sqrt,473,0.8227215980024969,0.7090909090909091,0.7054879423033581,0.709090909,0.6987267311950092
0,gini,10,3,sqrt,473,0.8227215980024969,0.7090909090909091,0.7054879423033581,0.709090909,0.6987267311950092
0,entropy,4,6,sqrt,782,0.7465667915106118,0.7090909090909091,0.7414157063129666,0.709090909,0.7105193277068277
0,entropy,4,6,sqrt,782,0.7465667915106118,0.7090909090909091,0.7414157063129666,0.709090909,0.7105193277068277
0,entropy,15,5,sqrt,623,0.8227215980024969,0.7090909090909091,0.7118902171498599,0.709090909,0.7103542578351337
0,gini,2,12,0.33,453,0.7091136079900124,0.7090909090909091,0.7120154734833634,0.7090909090909091,0.7101124316505087
0,entropy,15,8,sqrt,654,0.815230961,0.7090909090909091,0.7153351698806244,0.7090909090909091,0.7110959216222374
0,gini,5,3,log2,526,0.7815230961298377,0.7090909090909091,0.7287854995573585,0.7090909090909091,0.7140540917630701
0,entropy,15,7,log2,639,0.797752809,0.7090909090909091,0.7182670475353402,0.7090909090909091,0.7118026599524603
0,gini,3,6,sqrt,672,0.6878901373283396,0.7090909090909091,0.7248215042874694,0.709090909,0.713163269
0,gini,4,12,sqrt,466,0.7503121098626716,0.7090909090909091,0.7390737379848088,0.7090909090909091,0.7161421967160848
0,gini,2,5,0.33,608,0.7166042446941323,0.7090909090909091,0.7098093865636267,0.709090909,0.7030516487787852
0,gini,12,8,log2,444,0.7453183520599251,0.7090909090909091,0.7130546212487201,0.7090909090909091,0.7097126415891851
0,gini,11,3,log2,580,0.797752809,0.7090909090909091,0.7063298770195322,0.709090909,0.7073683656513859
0,gini,2,12,0.33,587,0.6641697877652933,0.7090909090909091,0.7165497896213183,0.709090909,0.6897652813746044
0,gini,8,13,0.33,410,0.7652933832709113,0.7090909090909091,0.7057300748245631,0.709090909,0.7053273839341694
0,gini,8,13,0.33,410,0.7652933832709113,0.7090909090909091,0.7057300748245631,0.709090909,0.7053273839341694
0,gini,15,1,log2,524,0.8701622971285893,0.7090909090909091,0.7089691054954473,0.709090909,0.7089364851841345
0,gini,15,1,log2,524,0.8701622971285893,0.7090909090909091,0.7089691054954473,0.709090909,0.7089364851841345
0,gini,6,10,log2,426,0.7116104868913857,0.7090909090909091,0.721140774,0.7090909090909091,0.7116645236114262
0,gini,12,12,0.33,406,0.731585518,0.7090909090909091,0.7115280421362176,0.7090909090909091,0.709642603
0,entropy,11,14,log2,443,0.7515605493133583,0.7090909090909091,0.7149451647292389,0.709090909,0.7051637705326268
0,entropy,11,14,log2,443,0.7515605493133583,0.7090909090909091,0.7149451647292389,0.709090909,0.7051637705326268
0,entropy,5,5,sqrt,574,0.7815230961298377,0.7090909090909091,0.7438899219703287,0.7090909090909091,0.7140019852036633
0,gini,10,13,log2,647,0.7702871410736579,0.7090909090909091,0.7204434245787629,0.7090909090909091,0.7055939164508965
0,gini,10,14,sqrt,419,0.7540574282147315,0.7090909090909091,0.7210678779460805,0.7090909090909091,0.709841593
0,gini,10,14,sqrt,419,0.7540574282147315,0.7090909090909091,0.7210678779460805,0.7090909090909091,0.709841593
0,gini,3,2,log2,447,0.6928838951310862,0.7090909090909091,0.7261849261849264,0.709090909,0.7135353535353536
0,entropy,6,6,log2,664,0.7590511860174781,0.7090909090909091,0.7196825091663118,0.709090909,0.7127164590527789
0,entropy,11,7,log2,461,0.7652933832709113,0.7090909090909091,0.7282290362953692,0.709090909,0.7141809569356198
0,gini,14,13,log2,647,0.7702871410736579,0.7090909090909091,0.7204434245787629,0.7090909090909091,0.7055939164508965
0,entropy,12,12,log2,589,0.7565543071161048,0.7090909090909091,0.7200767144517629,0.709090909,0.7108351018886562
0,gini,3,14,0.33,743,0.7503121098626716,0.7090909090909091,0.7357164330770763,0.7090909090909091,0.7145540599430502
0,gini,3,14,0.33,743,0.7503121098626716,0.7090909090909091,0.7357164330770763,0.7090909090909091,0.7145540599430502
0,gini,3,1,sqrt,747,0.7528089887640449,0.7090909090909091,0.7205223842098204,0.709090909,0.7110090889859296
0,entropy,15,7,log2,601,0.7727840199750312,0.7090909090909091,0.7072327447268046,0.7090909090909091,0.7076636953724647
0,entropy,10,8,log2,495,0.7827715355805244,0.7090909090909091,0.7103495919285393,0.7090909090909091,0.7094431714758818
0,gini,15,1,sqrt,411,0.7990012484394506,0.6909090909090909,0.7000524706848564,0.6909090909090909,0.6941894849092027
0,entropy,2,9,log2,793,0.7103620474406991,0.6909090909090909,0.7292968496442441,0.6909090909090909,0.6814367733347478
0,entropy,2,1,sqrt,691,0.7228464419475655,0.6909090909090909,0.7267330100097523,0.6909090909090909,0.6832900343175968
0,gini,7,3,log2,724,0.7965043695380774,0.6909090909090909,0.6935850390871449,0.6909090909090909,0.6872010287769497
0,gini,14,10,log2,644,0.7403245942571786,0.6909090909090909,0.6981941041849398,0.6909090909090909,0.6938459179574878
0,gini,5,4,sqrt,771,0.7790262172284644,0.6909090909090909,0.695440942,0.6909090909090909,0.6927793572489266
0,gini,6,8,log2,664,0.7440699126092385,0.6909090909090909,0.6976419549514024,0.6909090909090909,0.6928073796183859
0,gini,4,2,log2,623,0.7153558052434457,0.6909090909090909,0.6944552525177664,0.6909090909090909,0.6894851227441459
0,gini,4,2,log2,623,0.7153558052434457,0.6909090909090909,0.6944552525177664,0.6909090909090909,0.6894851227441459
0,entropy,4,9,log2,729,0.7290886392009988,0.6909090909090909,0.6864543982730708,0.6909090909090908,0.6879979694028436
0,entropy,4,9,log2,729,0.7290886392009988,0.6909090909090909,0.6864543982730708,0.6909090909090908,0.6879979694028436
0,entropy,3,10,log2,800,0.700374532,0.6909090909090909,0.6908066425609439,0.6909090909090909,0.6838945221694548
0,gini,6,9,log2,591,0.731585518,0.6909090909090909,0.6855142252308837,0.6909090909090909,0.684804941
0,gini,14,7,log2,500,0.7453183520599251,0.6909090909090909,0.6866549807726279,0.6909090909090909,0.6882736189429193
0,entropy,3,5,sqrt,412,0.714107366,0.6909090909090909,0.7301634263172726,0.6909090909090909,0.6772398588268218
0,gini,14,7,log2,776,0.8027465667915106,0.6909090909090909,0.6871006141481537,0.6909090909090909,0.6880033208800332
0,gini,13,12,log2,604,0.7328339575530587,0.6909090909090909,0.7209802804818733,0.6909090909090909,0.696091369
0,gini,2,8,sqrt,538,0.6579275905118602,0.6909090909090909,0.7026812900018641,0.6909090909090909,0.6872611878585594
0,gini,2,8,sqrt,538,0.6579275905118602,0.6909090909090909,0.7026812900018641,0.6909090909090909,0.6872611878585594
0,entropy,14,2,sqrt,784,0.8714107365792759,0.6909090909090909,0.696929056,0.6909090909090909,0.6907712181074627
0,entropy,14,3,log2,417,0.7815230961298377,0.6909090909090909,0.684881602,0.6909090909090909,0.6865583822105562
0,entropy,14,3,log2,417,0.7815230961298377,0.6909090909090909,0.684881602,0.6909090909090909,0.6865583822105562
0,gini,2,10,sqrt,790,0.6554307116104869,0.6909090909090909,0.6887696844218585,0.6909090909090909,0.6895826481872994
0,entropy,8,6,log2,418,0.7553058676654182,0.6909090909090909,0.6905628412981354,0.6909090909090909,0.6896852139325134
0,gini,11,5,log2,468,0.7240948813982522,0.6878787878787879,0.6884380627499894,0.6878787878787879,0.688149455
0,gini,3,11,sqrt,637,0.7116104868913857,0.6878787878787879,0.7131190690401216,0.6878787878787879,0.6932448059937174
0,gini,3,11,sqrt,637,0.7116104868913857,0.6878787878787879,0.7131190690401216,0.6878787878787879,0.6932448059937174
0,entropy,4,11,sqrt,727,0.7203495630461922,0.6878787878787879,0.6867681510577351,0.6878787878787879,0.6871348869691575
0,entropy,2,10,log2,712,0.700374532,0.6878787878787879,0.7615583867955785,0.6878787878787879,0.6640833981946196
0,entropy,2,10,log2,712,0.700374532,0.6878787878787879,0.7615583867955785,0.6878787878787879,0.6640833981946196
0,gini,4,8,log2,446,0.714107366,0.6878787878787879,0.7388071895424836,0.687878788,0.6943949617633828
0,gini,8,9,log2,482,0.7652933832709113,0.6878787878787879,0.6919675179586277,0.6878787878787879,0.6895272356611016
0,entropy,3,2,0.33,495,0.7116104868913857,0.6878787878787879,0.7279317857411164,0.6878787878787879,0.6964431620054943
0,entropy,8,12,log2,426,0.7128589263420724,0.6878787878787879,0.6808201058201059,0.6878787878787879,0.6794556417405486
0,gini,4,8,log2,546,0.7103620474406991,0.6878787878787879,0.7082258580710447,0.6878787878787879,0.6872870913966804
0,gini,4,8,log2,546,0.7103620474406991,0.6878787878787879,0.7082258580710447,0.6878787878787879,0.6872870913966804
0,gini,9,7,log2,434,0.7403245942571786,0.6878787878787879,0.690622024,0.687878788,0.6873489009754491
0,gini,9,7,log2,434,0.7403245942571786,0.6878787878787879,0.690622024,0.687878788,0.6873489009754491
0,gini,5,9,log2,403,0.7203495630461922,0.6878787878787879,0.703573685,0.6878787878787879,0.6919008441308963
0,gini,5,9,log2,403,0.7203495630461922,0.6878787878787879,0.703573685,0.6878787878787879,0.6919008441308963
0,entropy,12,6,sqrt,693,0.846441948,0.6878787878787879,0.6847273312026373,0.6878787878787879,0.6859648380775142
0,gini,6,12,sqrt,615,0.7490636704119851,0.6878787878787879,0.6994913071234574,0.687878788,0.6867806859374327
0,gini,7,8,0.33,786,0.8002496878901373,0.6878787878787879,0.700442797,0.6878787878787879,0.6875309092845784
0,gini,10,3,sqrt,532,0.8239700374531835,0.6878787878787879,0.6915940977261732,0.687878788,0.6890810219673824
0,entropy,3,1,log2,593,0.7078651685393258,0.6878787878787879,0.6894160375200183,0.6878787878787879,0.6822824283080346
0,gini,2,9,sqrt,777,0.6803995006242197,0.6848484848484848,0.6893963995941927,0.6848484848484849,0.6864797261716693
0,gini,2,9,sqrt,777,0.6803995006242197,0.6848484848484848,0.6893963995941927,0.6848484848484849,0.6864797261716693
0,entropy,14,6,log2,471,0.7777777777777778,0.6848484848484848,0.6874322036040135,0.6848484848484849,0.6851726659945837
0,entropy,14,6,log2,471,0.7777777777777778,0.6848484848484848,0.6874322036040135,0.6848484848484849,0.6851726659945837
0,entropy,11,11,log2,494,0.7578027465667915,0.6848484848484848,0.6791520026814144,0.6848484848484849,0.6814745040871664
0,entropy,11,11,log2,494,0.7578027465667915,0.6848484848484848,0.6791520026814144,0.6848484848484849,0.6814745040871664
0,gini,5,7,sqrt,471,0.7215980024968789,0.6848484848484848,0.6959360120116743,0.6848484848484849,0.6854779703769358
0,gini,5,7,sqrt,471,0.7215980024968789,0.6848484848484848,0.6959360120116743,0.6848484848484849,0.6854779703769358
0,entropy,2,12,0.33,646,0.700374532,0.6848484848484848,0.7128399905686694,0.6848484848484849,0.6908078781993154
0,gini,12,1,log2,654,0.8901373283395755,0.6848484848484848,0.685777734,0.6848484848484849,0.6852456226270268
0,gini,12,1,log2,654,0.8901373283395755,0.6848484848484848,0.685777734,0.6848484848484849,0.6852456226270268
0,entropy,2,12,log2,585,0.6541822721598003,0.6848484848484848,0.7550247371675942,0.6848484848484847,0.6836752604824894
0,gini,3,8,log2,608,0.6928838951310862,0.6848484848484848,0.6885748659942208,0.6848484848484849,0.6577599355377134
0,gini,6,13,sqrt,473,0.7503121098626716,0.6848484848484848,0.6851851851851852,0.6848484848484849,0.6805331434899542
0,entropy,12,9,log2,566,0.731585518,0.6848484848484848,0.6834802213568354,0.6848484848484849,0.6830027350549678
0,entropy,8,11,log2,680,0.7328339575530587,0.6848484848484848,0.7129386544935657,0.6848484848484849,0.6899155724396605
0,entropy,10,12,sqrt,672,0.7815230961298377,0.6848484848484848,0.6889825495415557,0.6848484848484849,0.6806933231784716
0,gini,3,7,log2,490,0.6791510611735331,0.6848484848484848,0.7811515580945633,0.6848484848484847,0.6877191455409277
0,gini,2,14,0.33,537,0.686641698,0.6848484848484848,0.7800925752952654,0.6848484848484849,0.6749476706531922
0,gini,2,14,0.33,537,0.686641698,0.6848484848484848,0.7800925752952654,0.6848484848484849,0.6749476706531922
0,gini,14,10,sqrt,427,0.7116104868913857,0.6848484848484848,0.6991470142866548,0.6848484848484849,0.6857559204082228
0,gini,2,6,0.33,658,0.700374532,0.6848484848484848,0.7128399905686694,0.6848484848484849,0.6908078781993154
0,entropy,9,9,log2,729,0.7990012484394506,0.6818181818181818,0.6779246006518734,0.6818181818181818,0.6789875969619503
0,entropy,2,3,0.33,638,0.6953807740324595,0.6818181818181818,0.7462223311279915,0.6818181818181818,0.6672759977641279
0,gini,10,6,log2,618,0.7827715355805244,0.6818181818181818,0.693140491,0.6818181818181818,0.6844536257217014
0,entropy,2,8,0.33,654,0.7028714107365793,0.6818181818181818,0.7026120364513786,0.6818181818181818,0.6880697887482904
0,gini,12,2,log2,499,0.8114856429463171,0.6818181818181818,0.6823812022585946,0.6818181818181818,0.6771595593083878
0,entropy,10,6,log2,427,0.7528089887640449,0.6818181818181818,0.6853221951048037,0.6818181818181818,0.6832418801852557
0,gini,4,2,sqrt,611,0.7328339575530587,0.6818181818181818,0.6834371922646407,0.6818181818181818,0.6706696574113207
0,gini,4,2,sqrt,611,0.7328339575530587,0.6818181818181818,0.6834371922646407,0.6818181818181818,0.6706696574113207
0,gini,3,3,log2,403,0.7103620474406991,0.6818181818181818,0.6868601753792402,0.6818181818181818,0.6769955936701276
0,entropy,4,12,sqrt,428,0.7365792759051186,0.6818181818181818,0.6854557710016213,0.6818181818181818,0.6806306660635976
0,entropy,4,9,0.33,624,0.7240948813982522,0.6818181818181818,0.7531976266732364,0.6818181818181818,0.6896090021090021
0,entropy,4,9,0.33,624,0.7240948813982522,0.6818181818181818,0.7531976266732364,0.6818181818181818,0.6896090021090021
0,entropy,4,5,log2,552,0.7191011235955056,0.6787878787878788,0.6936966417964716,0.6787878787878787,0.6773103135852914
0,entropy,4,5,log2,552,0.7191011235955056,0.6787878787878788,0.6936966417964716,0.6787878787878787,0.6773103135852914
0,gini,11,3,log2,473,0.7927590511860175,0.6787878787878788,0.688424568,0.6787878787878787,0.6817485283504702
0,entropy,10,10,sqrt,436,0.7415730337078652,0.6787878787878788,0.6820605449395779,0.6787878787878788,0.6802401488246237
0,gini,5,14,sqrt,461,0.6966292134831461,0.6787878787878788,0.6673835815784969,0.6787878787878788,0.666739162
0,gini,5,14,sqrt,461,0.6966292134831461,0.6787878787878788,0.6673835815784969,0.6787878787878788,0.666739162
0,gini,3,3,sqrt,462,0.7016229712858927,0.6787878787878788,0.6744413194938295,0.6787878787878787,0.6747669974189573
0,entropy,3,7,log2,676,0.6691635455680399,0.6787878787878788,0.7001320205654572,0.6787878787878787,0.673746169
0,entropy,2,10,0.33,618,0.6916354556803995,0.6787878787878788,0.7289001122334455,0.6787878787878787,0.6869030865934892
0,entropy,2,10,0.33,618,0.6916354556803995,0.6787878787878788,0.7289001122334455,0.6787878787878787,0.6869030865934892
0,entropy,14,12,sqrt,793,0.7478152309612984,0.6787878787878788,0.6931734788545935,0.6787878787878787,0.6817416786608058
0,entropy,14,12,sqrt,793,0.7478152309612984,0.6787878787878788,0.6931734788545935,0.6787878787878787,0.6817416786608058
0,entropy,6,13,sqrt,790,0.762796504,0.6787878787878788,0.6696223471395756,0.6787878787878787,0.6699042082348283
0,entropy,6,13,sqrt,790,0.762796504,0.6787878787878788,0.6696223471395756,0.6787878787878787,0.6699042082348283
0,entropy,3,1,log2,736,0.665418227,0.6787878787878788,0.6696372097225987,0.6787878787878787,0.6509998137065027
0,gini,3,2,sqrt,490,0.7103620474406991,0.6787878787878788,0.7546710078311202,0.6787878787878787,0.6843434343434343
0,gini,4,4,sqrt,745,0.731585518,0.6787878787878788,0.6871893904563874,0.6787878787878788,0.6751364406152286
0,gini,4,4,sqrt,745,0.731585518,0.6787878787878788,0.6871893904563874,0.6787878787878788,0.6751364406152286
0,entropy,3,9,log2,438,0.6903870162297129,0.6787878787878788,0.6890069701725499,0.6787878787878787,0.6761885170536184
0,gini,11,3,log2,406,0.7915106117353309,0.6787878787878788,0.6756037398213817,0.6787878787878787,0.6746203068383316
0,entropy,13,10,log2,740,0.7615480649188514,0.6787878787878788,0.6805184889542862,0.6787878787878787,0.6718934548583068
0,gini,5,5,sqrt,780,0.7790262172284644,0.6757575757575758,0.6771466251086107,0.6757575757575758,0.673081379
0,entropy,5,14,log2,562,0.7028714107365793,0.6757575757575758,0.6769374416433239,0.6757575757575758,0.675811059
0,entropy,5,14,log2,562,0.7028714107365793,0.6757575757575758,0.6769374416433239,0.6757575757575758,0.675811059
0,gini,5,8,sqrt,436,0.7340823970037453,0.6757575757575758,0.7290147664003873,0.6757575757575758,0.6806714820759764
0,entropy,5,14,sqrt,740,0.7253433208489388,0.6757575757575758,0.6671545471296715,0.6757575757575758,0.6667540193634344
0,entropy,5,14,sqrt,740,0.7253433208489388,0.6757575757575758,0.6671545471296715,0.6757575757575758,0.6667540193634344
0,gini,10,10,log2,489,0.7590511860174781,0.6757575757575758,0.7092995044689349,0.6757575757575758,0.67724041
0,gini,10,10,log2,489,0.7590511860174781,0.6757575757575758,0.7092995044689349,0.6757575757575758,0.67724041
0,entropy,2,11,log2,512,0.6504369538077404,0.6757575757575758,0.6629915097068381,0.6757575757575758,0.627461886
0,gini,10,10,log2,489,0.7590511860174781,0.6757575757575758,0.7092995044689349,0.6757575757575758,0.67724041
0,entropy,3,1,log2,558,0.6841448189762797,0.6757575757575758,0.6807992202729044,0.6757575757575758,0.6702835113926474
0,entropy,3,1,log2,558,0.6841448189762797,0.6757575757575758,0.6807992202729044,0.6757575757575758,0.6702835113926474
0,gini,9,4,sqrt,514,0.7902621722846442,0.6757575757575758,0.6836649892677057,0.6757575757575758,0.6777847265652145
0,entropy,4,9,log2,694,0.7228464419475655,0.6757575757575758,0.7065655064614843,0.6757575757575758,0.680639067
0,entropy,2,11,sqrt,425,0.6679151061173533,0.6757575757575758,0.6873372948500283,0.6757575757575758,0.66704451
0,gini,6,2,sqrt,528,0.787765293,0.6757575757575758,0.6806081234399818,0.6757575757575758,0.6774129439347432
0,gini,6,2,sqrt,528,0.787765293,0.6757575757575758,0.6806081234399818,0.6757575757575758,0.6774129439347432
0,entropy,2,13,0.33,521,0.6978776529338327,0.6757575757575758,0.7071774112042567,0.6757575757575758,0.682168757
0,entropy,2,11,log2,510,0.651685393,0.6727272727272727,0.6663682673427017,0.6727272727272727,0.6360171449571194
0,entropy,2,11,log2,510,0.651685393,0.6727272727272727,0.6663682673427017,0.6727272727272727,0.6360171449571194
0,gini,14,10,log2,729,0.7677902621722846,0.6727272727272727,0.6708918498819044,0.6727272727272727,0.6706285874836144
0,entropy,12,11,log2,448,0.7677902621722846,0.6727272727272727,0.667174274,0.6727272727272727,0.6635890795229337
0,gini,4,5,log2,447,0.7215980024968789,0.6727272727272727,0.6700791235544736,0.6727272727272727,0.6698684032017366
0,gini,4,5,log2,447,0.7215980024968789,0.6727272727272727,0.6700791235544736,0.6727272727272727,0.6698684032017366
0,entropy,6,12,log2,696,0.7403245942571786,0.6727272727272727,0.6960317460317459,0.6727272727272727,0.677439873
0,entropy,6,12,log2,696,0.7403245942571786,0.6727272727272727,0.6960317460317459,0.6727272727272727,0.677439873
0,gini,14,1,log2,515,0.8626716604244694,0.6727272727272727,0.6673303768063473,0.6727272727272727,0.6662209886785534
0,gini,14,1,log2,515,0.8626716604244694,0.6727272727272727,0.6673303768063473,0.6727272727272727,0.6662209886785534
0,gini,5,7,sqrt,416,0.6941323345817728,0.6696969696969697,0.6803370217333563,0.6696969696969698,0.6647393037636941
0,entropy,2,4,sqrt,574,0.6429463171036205,0.6696969696969697,0.662456007,0.6696969696969698,0.664388064
0,entropy,2,4,sqrt,574,0.6429463171036205,0.6696969696969697,0.662456007,0.6696969696969698,0.664388064
0,entropy,3,13,sqrt,418,0.6541822721598003,0.6696969696969697,0.7596938529141918,0.6696969696969696,0.6485715813648391
0,gini,15,9,sqrt,459,0.7690387016229713,0.6696969696969697,0.6712013295346629,0.6696969696969696,0.6655248773615551
0,gini,15,9,sqrt,459,0.7690387016229713,0.6696969696969697,0.6712013295346629,0.6696969696969696,0.6655248773615551
0,gini,6,7,log2,616,0.7303370786516854,0.6696969696969697,0.70650133,0.6696969696969698,0.6778742580483615
0,gini,2,5,sqrt,606,0.6629213483146067,0.6696969696969697,0.7471485973234225,0.6696969696969698,0.6522720290462226
0,entropy,14,13,log2,614,0.7652933832709113,0.6696969696969697,0.6681186067324681,0.6696969696969696,0.6662680685629052
0,entropy,6,14,log2,410,0.7016229712858927,0.6696969696969697,0.6598698427056636,0.6696969696969698,0.6603967686085298
0,entropy,5,1,log2,521,0.731585518,0.6696969696969697,0.7067135628779465,0.6696969696969696,0.6743729214573597
0,entropy,5,1,log2,521,0.731585518,0.6696969696969697,0.7067135628779465,0.6696969696969696,0.6743729214573597
0,gini,2,11,0.33,737,0.6579275905118602,0.6696969696969697,0.7755709005021815,0.6696969696969698,0.6518032629389235
0,gini,13,14,log2,524,0.7103620474406991,0.6666666666666666,0.6723326954544193,0.6666666666666666,0.6687590112930041
0,gini,13,14,log2,524,0.7103620474406991,0.6666666666666666,0.6723326954544193,0.6666666666666666,0.6687590112930041
0,entropy,15,13,log2,465,0.7328339575530587,0.6666666666666666,0.6611192167664344,0.6666666666666666,0.6630704019186436
0,entropy,15,13,log2,465,0.7328339575530587,0.6666666666666666,0.6611192167664344,0.6666666666666666,0.6630704019186436
0,gini,2,6,sqrt,797,0.6554307116104869,0.6666666666666666,0.7444444444444445,0.6666666666666666,0.6753650201926065
0,entropy,3,5,log2,699,0.6878901373283396,0.6666666666666666,0.7335724263915754,0.6666666666666666,0.6682435211846977
0,entropy,3,5,log2,699,0.6878901373283396,0.6666666666666666,0.7335724263915754,0.6666666666666666,0.6682435211846977
0,entropy,2,6,sqrt,712,0.686641698,0.6666666666666666,0.7190958354391133,0.6666666666666666,0.6595584985959068
0,gini,4,1,log2,626,0.6754057428214731,0.6666666666666666,0.6820486738999397,0.6666666666666666,0.6157623151846402
0,gini,4,1,log2,626,0.6754057428214731,0.6666666666666666,0.6820486738999397,0.6666666666666666,0.6157623151846402
0,gini,2,1,sqrt,435,0.6666666666666666,0.6636363636363637,0.6758119113029828,0.6636363636363637,0.6677545928507995
0,gini,2,1,sqrt,435,0.6666666666666666,0.6636363636363637,0.6758119113029828,0.6636363636363637,0.6677545928507995
0,entropy,4,10,log2,697,0.7128589263420724,0.6636363636363637,0.7062593499252006,0.6636363636363636,0.6642059624190049
0,gini,13,14,log2,549,0.7328339575530587,0.6636363636363637,0.6612942612942613,0.6636363636363637,0.6620847427837236
0,gini,13,14,log2,549,0.7328339575530587,0.6636363636363637,0.6612942612942613,0.6636363636363637,0.6620847427837236
0,gini,2,6,sqrt,497,0.6666666666666666,0.6636363636363637,0.6758119113029828,0.6636363636363637,0.6677545928507995
0,entropy,15,12,log2,549,0.7265917602996255,0.6636363636363637,0.6669158427779117,0.6636363636363636,0.6649092863963428
0,entropy,2,14,log2,677,0.6491885143570537,0.6606060606060606,0.6706733857022874,0.6606060606060606,0.6005182137852174
0,entropy,2,1,0.33,774,0.686641698,0.6606060606060606,0.7160760313187704,0.6606060606060606,0.6483854256698945
0,gini,2,9,sqrt,739,0.6903870162297129,0.6606060606060606,0.6853991419208811,0.6606060606060606,0.6673564100455871
0,gini,2,1,0.33,774,0.686641698,0.6606060606060606,0.7160760313187704,0.6606060606060606,0.6483854256698945
0,gini,2,1,0.33,774,0.686641698,0.6606060606060606,0.7160760313187704,0.6606060606060606,0.6483854256698945
0,gini,3,9,log2,434,0.6679151061173533,0.6606060606060606,0.657075874,0.6606060606060606,0.6429921985446576
0,gini,3,9,log2,434,0.6679151061173533,0.6606060606060606,0.657075874,0.6606060606060606,0.6429921985446576
0,gini,2,12,log2,458,0.6691635455680399,0.6606060606060606,0.6943967090185215,0.6606060606060606,0.6681533087923054
0,gini,2,14,sqrt,706,0.6604244694132334,0.6606060606060606,0.7379299847792998,0.6606060606060605,0.6676256989079805
0,gini,2,14,sqrt,706,0.6604244694132334,0.6606060606060606,0.7379299847792998,0.6606060606060605,0.6676256989079805
0,entropy,2,13,sqrt,597,0.6466916354556804,0.6575757575757576,0.7458144343492862,0.6575757575757576,0.6328045055364643
0,entropy,2,14,log2,536,0.6566791510611736,0.6575757575757576,0.7252581425988908,0.6575757575757576,0.6639695884482064
0,entropy,2,14,log2,536,0.6566791510611736,0.6575757575757576,0.7252581425988908,0.6575757575757576,0.6639695884482064
0,entropy,2,13,log2,693,0.661672909,0.6575757575757576,0.6613670384856826,0.6575757575757576,0.6589815445756636
0,gini,11,10,log2,591,0.7490636704119851,0.6575757575757576,0.6712469735834777,0.6575757575757576,0.6616926702396998
0,gini,3,12,sqrt,659,0.6916354556803995,0.6575757575757576,0.6886050756369931,0.6575757575757576,0.6483306324591833
0,gini,3,7,log2,585,0.6354556803995006,0.6575757575757576,0.6999502699630576,0.6575757575757576,0.6499299058284015
0,gini,3,7,log2,585,0.6354556803995006,0.6575757575757576,0.6999502699630576,0.6575757575757576,0.6499299058284015
0,gini,3,8,sqrt,776,0.6666666666666666,0.6545454545454545,0.6957066278289513,0.6545454545454544,0.6463040880993195
0,gini,4,4,sqrt,635,0.7103620474406991,0.6545454545454545,0.6572811083756589,0.6545454545454544,0.649579977
0,entropy,3,8,sqrt,524,0.6779026217228464,0.6545454545454545,0.6873472222222222,0.6545454545454545,0.6504668860223896
0,entropy,5,11,sqrt,763,0.6878901373283396,0.6545454545454545,0.6957838756225853,0.6545454545454545,0.658888313
0,entropy,15,11,sqrt,407,0.6978776529338327,0.6545454545454545,0.6642635725732821,0.6545454545454544,0.6521329844156764
0,entropy,15,11,sqrt,407,0.6978776529338327,0.6545454545454545,0.6642635725732821,0.6545454545454544,0.6521329844156764
0,gini,4,6,log2,581,0.7028714107365793,0.6545454545454545,0.6690705128205128,0.6545454545454547,0.6593082398249805
0,gini,3,4,sqrt,596,0.665418227,0.6515151515151515,0.674741284,0.6515151515151515,0.6569859467328644
0,gini,3,4,sqrt,596,0.665418227,0.6515151515151515,0.674741284,0.6515151515151515,0.6569859467328644
0,entropy,2,13,sqrt,461,0.6541822721598003,0.6515151515151515,0.6689316201253499,0.6515151515151515,0.6554460254644191
0,entropy,2,9,sqrt,698,0.6367041198501873,0.6515151515151515,0.7042328042328042,0.6515151515151515,0.653931123
0,gini,3,14,log2,510,0.6541822721598003,0.6515151515151515,0.6895852867635567,0.6515151515151515,0.6493736106979601
0,gini,2,14,log2,457,0.6454431960049938,0.6515151515151515,0.7587857961053838,0.6515151515151515,0.6352087410306589
0,gini,3,9,log2,672,0.6729088639200999,0.6515151515151515,0.6511782974059189,0.6515151515151515,0.6500181989765235
0,gini,3,9,log2,672,0.6729088639200999,0.6515151515151515,0.6511782974059189,0.6515151515151515,0.6500181989765235
0,gini,2,10,log2,760,0.6591760299625468,0.6484848484848484,0.6704680977936791,0.6484848484848484,0.6532888295505118
0,gini,2,10,log2,760,0.6591760299625468,0.6484848484848484,0.6704680977936791,0.6484848484848484,0.6532888295505118
0,entropy,8,8,log2,460,0.7303370786516854,0.6484848484848484,0.6474827641494308,0.6484848484848486,0.6479451094129994
0,entropy,8,8,log2,460,0.7303370786516854,0.6484848484848484,0.6474827641494308,0.6484848484848486,0.6479451094129994
0,entropy,2,3,sqrt,475,0.6092384519350812,0.6484848484848484,0.6370380136233794,0.6484848484848484,0.6333933185677372
0,entropy,2,14,sqrt,728,0.6204744069912609,0.6454545454545455,0.7134747035170763,0.6454545454545454,0.6508824173982545
0,entropy,4,7,sqrt,698,0.6878901373283396,0.6454545454545455,0.6548372743452835,0.6454545454545455,0.6482809002003064
0,entropy,3,11,log2,431,0.6392009987515606,0.6454545454545455,0.6286734266483543,0.6454545454545454,0.614558129
0,gini,3,1,log2,706,0.6878901373283396,0.6424242424242425,0.6941777051956692,0.6424242424242425,0.6487858386775355
0,entropy,3,7,log2,556,0.6679151061173533,0.6424242424242425,0.6324160904297307,0.6424242424242425,0.6221214525308559
0,entropy,5,13,log2,432,0.7166042446941323,0.6424242424242425,0.6502812226886926,0.6424242424242425,0.6297991551472837
0,entropy,5,13,log2,432,0.7166042446941323,0.6424242424242425,0.6502812226886926,0.6424242424242425,0.6297991551472837
0,gini,2,12,log2,551,0.6404494382022472,0.6424242424242425,0.8009690512430239,0.6424242424242425,0.6304655073527122
0,entropy,2,11,log2,627,0.6429463171036205,0.6424242424242425,0.665708136,0.6424242424242425,0.6487366893870958
0,gini,3,7,sqrt,768,0.6591760299625468,0.6424242424242425,0.7729474843218919,0.6424242424242425,0.6341209518779612
0,gini,3,7,sqrt,768,0.6591760299625468,0.6424242424242425,0.7729474843218919,0.6424242424242425,0.6341209518779612
0,gini,3,2,sqrt,411,0.6479400749063671,0.6393939393939394,0.6264450083501422,0.6393939393939393,0.6255819468261696
0,gini,3,2,sqrt,411,0.6479400749063671,0.6393939393939394,0.6264450083501422,0.6393939393939393,0.6255819468261696
0,entropy,2,7,sqrt,650,0.6229712858926342,0.6393939393939394,0.6298720448745727,0.6393939393939394,0.6008635476720583
0,entropy,2,7,sqrt,650,0.6229712858926342,0.6393939393939394,0.6298720448745727,0.6393939393939394,0.6008635476720583
0,gini,3,11,sqrt,508,0.7053682896379525,0.6393939393939394,0.720098128,0.6393939393939394,0.6414782129067843
0,gini,3,3,sqrt,722,0.6579275905118602,0.6393939393939394,0.7426501035196688,0.6393939393939394,0.6209961685823755
0,gini,3,10,sqrt,635,0.6716604244694132,0.6393939393939394,0.6483086553509089,0.6393939393939395,0.6298084346250433
0,gini,3,10,sqrt,635,0.6716604244694132,0.6393939393939394,0.6483086553509089,0.6393939393939395,0.6298084346250433
0,entropy,8,8,log2,574,0.7727840199750312,0.6393939393939394,0.6640523607369092,0.6393939393939393,0.6450869374239977
0,entropy,8,8,log2,574,0.7727840199750312,0.6393939393939394,0.6640523607369092,0.6393939393939393,0.6450869374239977
0,entropy,2,5,sqrt,683,0.6566791510611736,0.6393939393939394,0.7010833056979839,0.6393939393939394,0.6421161966226132
0,entropy,2,3,sqrt,473,0.6142322097378277,0.6363636363636364,0.6795829442888266,0.6363636363636364,0.637083668
0,gini,4,13,log2,599,0.6766541822721598,0.6363636363636364,0.6369574894573117,0.6363636363636364,0.630727177
0,entropy,4,13,sqrt,420,0.6566791510611736,0.6363636363636364,0.6226504976504977,0.6363636363636364,0.6167775630392452
0,entropy,3,1,sqrt,634,0.6891385767790262,0.6333333333333333,0.6626306543697847,0.6333333333333334,0.6386161693092386
0,entropy,3,1,sqrt,634,0.6891385767790262,0.6333333333333333,0.6626306543697847,0.6333333333333334,0.6386161693092386
0,gini,2,3,log2,667,0.6229712858926342,0.6303030303030303,0.6634833019018122,0.6303030303030304,0.63813058
0,gini,2,3,log2,667,0.6229712858926342,0.6303030303030303,0.6634833019018122,0.6303030303030304,0.63813058
0,gini,2,2,log2,500,0.6404494382022472,0.6303030303030303,0.672113956,0.6303030303030303,0.6406970920059926
0,gini,2,2,log2,500,0.6404494382022472,0.6303030303030303,0.672113956,0.6303030303030303,0.6406970920059926
0,entropy,2,5,log2,427,0.6092384519350812,0.6303030303030303,0.4257090814467864,0.6303030303030304,0.5067307649743474
0,entropy,2,5,log2,427,0.6092384519350812,0.6303030303030303,0.4257090814467864,0.6303030303030304,0.5067307649743474
0,entropy,3,14,log2,612,0.6716604244694132,0.6303030303030303,0.6577163577163577,0.6303030303030303,0.6303824170324841
0,entropy,3,14,log2,612,0.6716604244694132,0.6303030303030303,0.6577163577163577,0.6303030303030303,0.6303824170324841
0,entropy,2,7,log2,442,0.661672909,0.6303030303030303,0.6831275179541075,0.6303030303030304,0.6338137249929305
0,gini,3,10,log2,643,0.6691635455680399,0.6303030303030303,0.6475749559082892,0.6303030303030303,0.6348632576199681
0,entropy,1,5,sqrt,610,0.6079900124843945,0.6272727272727273,0.41936512609164955,0.6272727272727273,0.5024522776189971
0,entropy,1,5,sqrt,610,0.6079900124843945,0.6272727272727273,0.41936512609164955,0.6272727272727273,0.5024522776189971
0,gini,1,2,log2,769,0.6079900124843945,0.6272727272727273,0.41936512609164955,0.6272727272727273,0.5024522776189971
0,gini,1,2,log2,769,0.6079900124843945,0.6272727272727273,0.41936512609164955,0.6272727272727273,0.5024522776189971
0,entropy,1,11,sqrt,513,0.6079900124843945,0.6272727272727273,0.41936512609164955,0.6272727272727273,0.5024522776189971
0,entropy,1,14,0.33,713,0.6079900124843945,0.6272727272727273,0.41936512609164955,0.6272727272727273,0.5024522776189971
0,gini,1,2,sqrt,715,0.6079900124843945,0.6272727272727273,0.41936512609164955,0.6272727272727273,0.5024522776189971
0,gini,1,2,sqrt,715,0.6079900124843945,0.6272727272727273,0.41936512609164955,0.6272727272727273,0.5024522776189971
0,gini,1,11,0.33,436,0.6079900124843945,0.6272727272727273,0.41936512609164955,0.6272727272727273,0.5024522776189971
0,gini,1,11,0.33,436,0.6079900124843945,0.6272727272727273,0.41936512609164955,0.6272727272727273,0.5024522776189971
0,gini,1,14,0.33,624,0.6079900124843945,0.6272727272727273,0.41936512609164955,0.6272727272727273,0.5024522776189971
0,gini,1,14,0.33,624,0.6079900124843945,0.6272727272727273,0.41936512609164955,0.6272727272727273,0.5024522776189971
0,entropy,1,8,0.33,546,0.6079900124843945,0.6272727272727273,0.41936512609164955,0.6272727272727273,0.5024522776189971
0,entropy,3,5,log2,589,0.6566791510611736,0.6272727272727273,0.6280871127076785,0.6272727272727272,0.614713973
0,gini,1,3,0.33,463,0.6079900124843945,0.6272727272727273,0.41936512609164955,0.6272727272727273,0.5024522776189971
0,gini,1,1,sqrt,692,0.6079900124843945,0.6272727272727273,0.41936512609164955,0.6272727272727273,0.5024522776189971
0,gini,1,6,0.33,752,0.6079900124843945,0.6272727272727273,0.41936512609164955,0.6272727272727273,0.5024522776189971
0,entropy,1,1,log2,498,0.6079900124843945,0.6272727272727273,0.41936512609164955,0.6272727272727273,0.5024522776189971
0,entropy,2,13,log2,489,0.6079900124843945,0.6272727272727273,0.41936512609164955,0.6272727272727273,0.5024522776189971
0,entropy,2,13,log2,489,0.6079900124843945,0.6272727272727273,0.41936512609164955,0.6272727272727273,0.5024522776189971
0,entropy,1,7,0.33,614,0.6079900124843945,0.6272727272727273,0.41936512609164955,0.6272727272727273,0.5024522776189971
0,gini,1,9,log2,409,0.6079900124843945,0.6272727272727273,0.41936512609164955,0.6272727272727273,0.5024522776189971
0,gini,1,13,0.33,540,0.6079900124843945,0.6272727272727273,0.41936512609164955,0.6272727272727273,0.5024522776189971
0,entropy,1,10,sqrt,506,0.6079900124843945,0.6272727272727273,0.41936512609164955,0.6272727272727273,0.5024522776189971
0,gini,1,8,0.33,540,0.6079900124843945,0.6272727272727273,0.41936512609164955,0.6272727272727273,0.5024522776189971
0,entropy,14,14,sqrt,762,0.7215980024968789,0.6272727272727273,0.6172976816148233,0.6272727272727273,0.6145674576890442
0,entropy,1,9,0.33,738,0.6079900124843945,0.6272727272727273,0.41936512609164955,0.6272727272727273,0.5024522776189971
0,entropy,1,9,log2,794,0.6079900124843945,0.6272727272727273,0.41936512609164955,0.6272727272727273,0.5024522776189971
0,gini,1,11,0.33,715,0.6079900124843945,0.6272727272727273,0.41936512609164955,0.6272727272727273,0.5024522776189971
0,gini,1,11,0.33,715,0.6079900124843945,0.6272727272727273,0.41936512609164955,0.6272727272727273,0.5024522776189971
0,gini,1,6,0.33,452,0.6079900124843945,0.6272727272727273,0.41936512609164955,0.6272727272727273,0.5024522776189971
0,entropy,1,11,sqrt,614,0.6079900124843945,0.6272727272727273,0.41936512609164955,0.6272727272727273,0.5024522776189971
0,entropy,1,11,0.33,508,0.6079900124843945,0.6272727272727273,0.41936512609164955,0.6272727272727273,0.5024522776189971
0,gini,1,1,sqrt,550,0.6079900124843945,0.6272727272727273,0.41936512609164955,0.6272727272727273,0.5024522776189971
0,gini,1,1,sqrt,550,0.6079900124843945,0.6272727272727273,0.41936512609164955,0.6272727272727273,0.5024522776189971
0,gini,2,6,0.33,798,0.6454431960049938,0.6242424242424243,0.7456746956746957,0.6242424242424243,0.6118998678739598
0,gini,2,6,0.33,798,0.6454431960049938,0.6242424242424243,0.7456746956746957,0.6242424242424243,0.6118998678739598
0,gini,2,9,log2,450,0.6204744069912609,0.6212121212121212,0.4260681013073131,0.6212121212121212,0.501926306
0,gini,2,3,log2,786,0.634207241,0.6212121212121212,0.6427792283806332,0.6212121212121212,0.6232672830812409
0,entropy,3,10,sqrt,536,0.6554307116104869,0.6212121212121212,0.6409170434405086,0.6212121212121212,0.6278507019400593
0,gini,2,5,sqrt,408,0.6454431960049938,0.6212121212121212,0.7533662166839736,0.6212121212121212,0.6028794716369817
0,gini,2,5,sqrt,408,0.6454431960049938,0.6212121212121212,0.7533662166839736,0.6212121212121212,0.6028794716369817
0,gini,2,10,0.33,604,0.6479400749063671,0.6212121212121212,0.6293744617955145,0.6212121212121212,0.6223488686254645
0,gini,2,9,sqrt,793,0.6267166042446941,0.6212121212121212,0.7412664055521199,0.6212121212121212,0.6057177590646151
0,gini,1,12,log2,560,0.6104868913857678,0.6181818181818182,0.4288461538461538,0.6181818181818182,0.5008064516129033
0,gini,1,12,log2,560,0.6104868913857678,0.6181818181818182,0.4288461538461538,0.6181818181818182,0.5008064516129033
0,gini,1,11,0.33,728,0.6104868913857678,0.6181818181818182,0.4288461538461538,0.6181818181818182,0.5008064516129033
0,gini,1,8,sqrt,471,0.6104868913857678,0.6181818181818182,0.4288461538461538,0.6181818181818182,0.5008064516129033
0,entropy,1,10,0.33,592,0.6104868913857678,0.6181818181818182,0.4288461538461538,0.6181818181818182,0.5008064516129033
0,entropy,1,10,0.33,592,0.6104868913857678,0.6181818181818182,0.4288461538461538,0.6181818181818182,0.5008064516129033
0,gini,1,14,0.33,643,0.6104868913857678,0.6181818181818182,0.4288461538461538,0.6181818181818182,0.5008064516129033
0,gini,1,13,0.33,744,0.6104868913857678,0.6181818181818182,0.4288461538461538,0.6181818181818182,0.5008064516129033
0,entropy,1,6,0.33,447,0.6104868913857678,0.6181818181818182,0.4288461538461538,0.6181818181818182,0.5008064516129033
0,gini,1,6,log2,606,0.6104868913857678,0.6181818181818182,0.4288461538461538,0.6181818181818182,0.5008064516129033
0,gini,1,6,log2,606,0.6104868913857678,0.6181818181818182,0.4288461538461538,0.6181818181818182,0.5008064516129033
0,entropy,1,12,log2,560,0.6104868913857678,0.6181818181818182,0.4288461538461538,0.6181818181818182,0.5008064516129033
0,gini,1,12,0.33,581,0.6104868913857678,0.6181818181818182,0.4288461538461538,0.6181818181818182,0.5008064516129033
0,gini,1,2,0.33,458,0.6104868913857678,0.6181818181818182,0.4288461538461538,0.6181818181818182,0.5008064516129033
0,gini,1,11,0.33,680,0.6104868913857678,0.6181818181818182,0.4288461538461538,0.6181818181818182,0.5008064516129033
0,gini,1,11,0.33,680,0.6104868913857678,0.6181818181818182,0.4288461538461538,0.6181818181818182,0.5008064516129033
0,entropy,2,1,log2,789,0.6354556803995006,0.6181818181818182,0.6444605692523215,0.6181818181818182,0.6193512013184145
0,gini,1,4,log2,713,0.6104868913857678,0.6181818181818182,0.4288461538461538,0.6181818181818182,0.5008064516129033
0,gini,2,11,log2,778,0.6204744069912609,0.6181818181818182,0.7160062160062161,0.6181818181818182,0.5887843540114829
0,entropy,6,12,log2,725,0.7253433208489388,0.6181818181818182,0.6356719017308078,0.6181818181818182,0.6240149678955649
0,entropy,6,12,log2,725,0.7253433208489388,0.6181818181818182,0.6356719017308078,0.6181818181818182,0.6240149678955649
0,entropy,1,12,log2,677,0.6104868913857678,0.6181818181818182,0.4288461538461538,0.6181818181818182,0.5008064516129033
0,entropy,1,12,log2,677,0.6104868913857678,0.6181818181818182,0.4288461538461538,0.6181818181818182,0.5008064516129033
0,gini,1,5,0.33,472,0.6104868913857678,0.6181818181818182,0.4288461538461538,0.6181818181818182,0.5008064516129033
0,gini,1,13,0.33,599,0.6104868913857678,0.6181818181818182,0.4288461538461538,0.6181818181818182,0.5008064516129033
0,entropy,1,14,log2,606,0.6104868913857678,0.6181818181818182,0.4288461538461538,0.6181818181818182,0.5008064516129033
0,entropy,6,12,log2,725,0.7253433208489388,0.6181818181818182,0.6356719017308078,0.6181818181818182,0.6240149678955649
0,entropy,1,7,0.33,765,0.6104868913857678,0.6181818181818182,0.4288461538461538,0.6181818181818182,0.5008064516129033
0,entropy,1,7,0.33,765,0.6104868913857678,0.6181818181818182,0.4288461538461538,0.6181818181818182,0.5008064516129033
0,entropy,1,14,0.33,511,0.6104868913857678,0.6181818181818182,0.4288461538461538,0.6181818181818182,0.5008064516129033
0,entropy,1,14,0.33,511,0.6104868913857678,0.6181818181818182,0.4288461538461538,0.6181818181818182,0.5008064516129033
0,gini,2,14,log2,542,0.6104868913857678,0.6151515151515151,0.41250246402523166,0.6151515151515151,0.49310856658184904
0,gini,2,14,log2,542,0.6104868913857678,0.6151515151515151,0.41250246402523166,0.6151515151515151,0.49310856658184904
0,entropy,2,2,log2,784,0.651685393,0.6151515151515151,0.6452766377868977,0.6151515151515151,0.6123892136709771
0,gini,3,4,sqrt,599,0.6279650436953808,0.6090909090909091,0.6154372860255213,0.6090909090909091,0.6075022125055431
0,gini,3,4,sqrt,599,0.6279650436953808,0.6090909090909091,0.6154372860255213,0.6090909090909091,0.6075022125055431
0,gini,2,14,sqrt,428,0.5830212234706617,0.6060606060606061,0.5842573849152797,0.6060606060606061,0.5902111108884773
0,entropy,4,10,log2,401,0.6454431960049938,0.6060606060606061,0.6264524051490515,0.6060606060606061,0.6096806113749847
0,entropy,4,10,log2,401,0.6454431960049938,0.6060606060606061,0.6264524051490515,0.6060606060606061,0.6096806113749847
0,entropy,1,10,0.33,746,0.5805243445692884,0.5969696969696969,0.3986212339832525,0.596969697,0.47720814717593146
0,gini,1,3,sqrt,746,0.5805243445692884,0.5969696969696969,0.3986212339832525,0.596969697,0.47720814717593146
0,gini,1,3,sqrt,746,0.5805243445692884,0.5969696969696969,0.3986212339832525,0.596969697,0.47720814717593146
0,entropy,1,10,0.33,431,0.5805243445692884,0.5969696969696969,0.3986212339832525,0.596969697,0.47720814717593146
0,entropy,1,10,0.33,431,0.5805243445692884,0.5969696969696969,0.3986212339832525,0.596969697,0.47720814717593146
0,entropy,1,4,0.33,454,0.5805243445692884,0.5969696969696969,0.3986212339832525,0.596969697,0.47720814717593146
0,entropy,1,12,log2,670,0.5805243445692884,0.5969696969696969,0.3986212339832525,0.596969697,0.47720814717593146
0,entropy,1,6,0.33,407,0.5805243445692884,0.5969696969696969,0.3986212339832525,0.596969697,0.47720814717593146
0,gini,1,3,log2,458,0.5805243445692884,0.5969696969696969,0.3986212339832525,0.596969697,0.47720814717593146
0,gini,1,3,log2,458,0.5805243445692884,0.5969696969696969,0.3986212339832525,0.596969697,0.47720814717593146
0,gini,1,14,log2,438,0.5805243445692884,0.5969696969696969,0.3986212339832525,0.596969697,0.47720814717593146
0,entropy,1,1,0.33,500,0.5805243445692884,0.5969696969696969,0.3986212339832525,0.596969697,0.47720814717593146
0,gini,1,6,log2,400,0.5805243445692884,0.5969696969696969,0.3986212339832525,0.596969697,0.47720814717593146
0,entropy,1,11,0.33,746,0.5805243445692884,0.5969696969696969,0.3986212339832525,0.596969697,0.47720814717593146
0,gini,1,2,0.33,469,0.5805243445692884,0.5969696969696969,0.3986212339832525,0.596969697,0.47720814717593146
0,entropy,2,6,log2,564,0.5892634207240949,0.5909090909090909,0.7614426200329284,0.5909090909090909,0.5776576539187815
0,entropy,2,6,log2,564,0.5892634207240949,0.5909090909090909,0.7614426200329284,0.5909090909090909,0.5776576539187815
0,entropy,2,1,log2,572,0.6179775280898876,0.5909090909090909,0.5956767644347883,0.5909090909090909,0.5662918450882017
0,entropy,2,3,log2,705,0.6104868913857678,0.5909090909090909,0.6262207486481447,0.5909090909090909,0.5840910101906812
0,entropy,2,4,log2,770,0.6129837702871411,0.5909090909090909,0.7604922577113902,0.5909090909090909,0.5702085519160861
0,gini,1,9,log2,514,0.5667915106117354,0.5818181818181818,0.3989237486039192,0.5818181818181818,0.46923104396585585
0,gini,1,9,log2,514,0.5667915106117354,0.5818181818181818,0.3989237486039192,0.5818181818181818,0.46923104396585585
0,gini,1,5,0.33,479,0.5667915106117354,0.5818181818181818,0.3989237486039192,0.5818181818181818,0.46923104396585585
0,gini,1,5,0.33,479,0.5667915106117354,0.5818181818181818,0.3989237486039192,0.5818181818181818,0.46923104396585585
0,gini,1,14,log2,475,0.5667915106117354,0.5818181818181818,0.3989237486039192,0.5818181818181818,0.46923104396585585
0,entropy,3,10,log2,419,0.6092384519350812,0.5757575757575758,0.573424301,0.5757575757575758,0.5744866754041066
0,gini,2,12,log2,558,0.5917602996254682,0.5727272727272728,0.5508888412936389,0.5727272727272726,0.5518518518518518
0,gini,2,6,sqrt,520,0.5892634207240949,0.5696969696969697,0.6110983411868368,0.5696969696969697,0.5673691082786704
0,gini,2,6,sqrt,520,0.5892634207240949,0.5696969696969697,0.6110983411868368,0.5696969696969697,0.5673691082786704
0,gini,2,5,log2,520,0.5955056179775281,0.5696969696969697,0.7480171665607425,0.5696969696969697,0.5537799787200853
0,entropy,2,6,log2,492,0.5767790262172284,0.5696969696969697,0.40757575757575754,0.5696969696969697,0.4616161616161616
0,entropy,2,6,log2,492,0.5767790262172284,0.5696969696969697,0.40757575757575754,0.5696969696969697,0.4616161616161616
0,gini,2,2,sqrt,611,0.5792759051186017,0.5666666666666667,0.5899870801033592,0.5666666666666668,0.557832525
0,gini,2,2,sqrt,611,0.5792759051186017,0.5666666666666667,0.5899870801033592,0.5666666666666668,0.557832525
0,entropy,2,13,sqrt,487,0.5805243445692884,0.5636363636363636,0.6509657359360843,0.5636363636363636,0.5464602051447184
0,entropy,2,11,log2,549,0.5867665418227216,0.5606060606060606,0.6165343915343915,0.5606060606060606,0.5699364903681451
0,entropy,2,9,log2,549,0.5867665418227216,0.5606060606060606,0.6165343915343915,0.5606060606060606,0.5699364903681451
0,gini,1,13,sqrt,712,0.5642946317103621,0.5575757575757576,0.3920506591262097,0.5575757575757576,0.4513914395969654
0,entropy,1,9,0.33,661,0.5642946317103621,0.5575757575757576,0.3920506591262097,0.5575757575757576,0.4513914395969654
0,entropy,1,9,0.33,661,0.5642946317103621,0.5575757575757576,0.3920506591262097,0.5575757575757576,0.4513914395969654
0,entropy,1,4,log2,482,0.5642946317103621,0.5575757575757576,0.3920506591262097,0.5575757575757576,0.4513914395969654
0,gini,1,11,sqrt,418,0.5642946317103621,0.5575757575757576,0.3920506591262097,0.5575757575757576,0.4513914395969654
0,entropy,1,1,0.33,666,0.5642946317103621,0.5575757575757576,0.3920506591262097,0.5575757575757576,0.4513914395969654
0,gini,1,13,sqrt,548,0.5642946317103621,0.5575757575757576,0.3920506591262097,0.5575757575757576,0.4513914395969654
0,gini,1,8,sqrt,712,0.5642946317103621,0.5575757575757576,0.3920506591262097,0.5575757575757576,0.4513914395969654
0,gini,1,8,log2,736,0.5642946317103621,0.5575757575757576,0.3920506591262097,0.5575757575757576,0.4513914395969654
0,gini,1,8,log2,736,0.5642946317103621,0.5575757575757576,0.3920506591262097,0.5575757575757576,0.4513914395969654
0,gini,1,9,sqrt,783,0.5642946317103621,0.5575757575757576,0.3920506591262097,0.5575757575757576,0.4513914395969654
0,gini,1,14,log2,722,0.5642946317103621,0.5575757575757576,0.3920506591262097,0.5575757575757576,0.4513914395969654
0,entropy,1,1,0.33,584,0.5642946317103621,0.5575757575757576,0.3920506591262097,0.5575757575757576,0.4513914395969654
0,gini,1,1,sqrt,556,0.5642946317103621,0.5575757575757576,0.3920506591262097,0.5575757575757576,0.4513914395969654
0,gini,1,3,0.33,482,0.5642946317103621,0.5575757575757576,0.3920506591262097,0.5575757575757576,0.4513914395969654
0,entropy,1,1,log2,482,0.5642946317103621,0.5575757575757576,0.3920506591262097,0.5575757575757576,0.4513914395969654
0,entropy,1,6,0.33,784,0.5642946317103621,0.5575757575757576,0.3920506591262097,0.5575757575757576,0.4513914395969654
0,entropy,1,14,0.33,586,0.5642946317103621,0.5575757575757576,0.3920506591262097,0.5575757575757576,0.4513914395969654
0,entropy,1,5,0.33,583,0.5642946317103621,0.5575757575757576,0.3920506591262097,0.5575757575757576,0.4513914395969654
0,gini,2,3,log2,655,0.5418227215980025,0.5515151515151515,0.6033898725388087,0.5515151515151515,0.5459905695041897
0,entropy,2,13,log2,448,0.5830212234706617,0.5515151515151515,0.6061695118298892,0.5515151515151515,0.5302121997027068
0,entropy,2,13,log2,448,0.5830212234706617,0.5515151515151515,0.6061695118298892,0.5515151515151515,0.5302121997027068
0,entropy,2,8,log2,430,0.5593008739076155,0.5484848484848485,0.5067350427350427,0.5484848484848485,0.45728791225826454
0,entropy,2,13,sqrt,799,0.5767790262172284,0.5454545454545454,0.5378320539838807,0.5454545454545454,0.5220894823982457
0,entropy,2,13,sqrt,547,0.5380774032459426,0.5393939393939394,0.6383346624136098,0.5393939393939394,0.5063622874581474
0,entropy,2,13,sqrt,547,0.5380774032459426,0.5393939393939394,0.6383346624136098,0.5393939393939394,0.5063622874581474
0,entropy,2,7,sqrt,748,0.5630461922596754,0.5333333333333333,0.56560676,0.5333333333333333,0.5390052337567377
0,entropy,1,13,sqrt,444,0.5268414481897628,0.5242424242424243,0.3663221110603733,0.5242424242424243,0.4184818846077796
0,entropy,1,13,sqrt,444,0.5268414481897628,0.5242424242424243,0.3663221110603733,0.5242424242424243,0.4184818846077796
0,gini,1,10,0.33,762,0.5393258426966292,0.5242424242424243,0.38705140420126133,0.5242424242424243,0.42232033427501975
0,gini,1,10,0.33,762,0.5393258426966292,0.5242424242424243,0.38705140420126133,0.5242424242424243,0.42232033427501975
0,gini,1,12,log2,632,0.5393258426966292,0.5242424242424243,0.38705140420126133,0.5242424242424243,0.42232033427501975
0,entropy,1,4,sqrt,782,0.5268414481897628,0.5242424242424243,0.3663221110603733,0.5242424242424243,0.4184818846077796
0,gini,1,4,sqrt,717,0.5268414481897628,0.5242424242424243,0.3663221110603733,0.5242424242424243,0.4184818846077796
0,entropy,1,3,log2,782,0.5268414481897628,0.5242424242424243,0.3663221110603733,0.5242424242424243,0.4184818846077796
0,entropy,1,10,sqrt,724,0.5268414481897628,0.5242424242424243,0.3663221110603733,0.5242424242424243,0.4184818846077796
0,entropy,1,8,sqrt,432,0.5268414481897628,0.5242424242424243,0.3663221110603733,0.5242424242424243,0.4184818846077796
0,gini,1,2,0.33,487,0.5268414481897628,0.5242424242424243,0.3663221110603733,0.5242424242424243,0.4184818846077796
0,gini,1,2,0.33,487,0.5268414481897628,0.5242424242424243,0.3663221110603733,0.5242424242424243,0.4184818846077796
0,gini,1,12,log2,760,0.5393258426966292,0.5242424242424243,0.38705140420126133,0.5242424242424243,0.42232033427501975
0,entropy,1,10,log2,470,0.5268414481897628,0.5242424242424243,0.3663221110603733,0.5242424242424243,0.4184818846077796
0,entropy,1,10,log2,470,0.5268414481897628,0.5242424242424243,0.3663221110603733,0.5242424242424243,0.4184818846077796
0,entropy,1,2,sqrt,764,0.5393258426966292,0.5242424242424243,0.38705140420126133,0.5242424242424243,0.42232033427501975
0,entropy,1,4,log2,432,0.5268414481897628,0.5242424242424243,0.3663221110603733,0.5242424242424243,0.4184818846077796
0,entropy,1,4,log2,432,0.5268414481897628,0.5242424242424243,0.3663221110603733,0.5242424242424243,0.4184818846077796
0,gini,1,10,0.33,425,0.5393258426966292,0.5242424242424243,0.38705140420126133,0.5242424242424243,0.42232033427501975
0,entropy,1,12,log2,771,0.5393258426966292,0.5242424242424243,0.38705140420126133,0.5242424242424243,0.42232033427501975
0,entropy,1,4,log2,683,0.5393258426966292,0.5242424242424243,0.38705140420126133,0.5242424242424243,0.42232033427501975
0,gini,2,2,sqrt,442,0.5555555555555556,0.5242424242424243,0.5483527131782946,0.5242424242424243,0.4836124520730278
0,gini,1,14,0.33,430,0.5393258426966292,0.5242424242424243,0.38705140420126133,0.5242424242424243,0.42232033427501975
0,gini,1,14,0.33,430,0.5393258426966292,0.5242424242424243,0.38705140420126133,0.5242424242424243,0.42232033427501975
0,gini,1,9,sqrt,641,0.5268414481897628,0.5242424242424243,0.3663221110603733,0.5242424242424243,0.4184818846077796
0,gini,1,9,log2,699,0.5268414481897628,0.5242424242424243,0.3663221110603733,0.5242424242424243,0.4184818846077796
0,entropy,1,10,sqrt,478,0.4968789013732834,0.5121212121212121,0.33979496738117426,0.5121212121212121,0.40708984158635203
0,entropy,1,10,sqrt,478,0.4968789013732834,0.5121212121212121,0.33979496738117426,0.5121212121212121,0.40708984158635203
0,entropy,1,8,log2,490,0.4968789013732834,0.5121212121212121,0.33979496738117426,0.5121212121212121,0.40708984158635203
0,entropy,1,8,log2,490,0.4968789013732834,0.5121212121212121,0.33979496738117426,0.5121212121212121,0.40708984158635203
0,entropy,1,1,sqrt,776,0.5031210986267166,0.5060606060606061,0.33725144480360464,0.506060606,0.40475686730843824
0,entropy,1,1,sqrt,776,0.5031210986267166,0.5060606060606061,0.33725144480360464,0.506060606,0.40475686730843824
0,entropy,1,11,sqrt,434,0.5031210986267166,0.5060606060606061,0.33725144480360464,0.506060606,0.40475686730843824
0,entropy,1,11,sqrt,434,0.5031210986267166,0.5060606060606061,0.33725144480360464,0.506060606,0.40475686730843824
0,entropy,1,9,0.33,771,0.5255930087390761,0.5060606060606061,0.3600269632625548,0.506060606,0.41094017094017093
0,gini,1,10,0.33,559,0.5255930087390761,0.5060606060606061,0.3600269632625548,0.506060606,0.41094017094017093
0,gini,1,10,0.33,559,0.5255930087390761,0.5060606060606061,0.3600269632625548,0.506060606,0.41094017094017093
0,entropy,1,10,0.33,774,0.5255930087390761,0.5060606060606061,0.3600269632625548,0.506060606,0.41094017094017093
0,gini,1,6,sqrt,420,0.5255930087390761,0.5060606060606061,0.3600269632625548,0.506060606,0.41094017094017093
0,entropy,1,13,sqrt,420,0.5255930087390761,0.5060606060606061,0.3600269632625548,0.506060606,0.41094017094017093
0,entropy,1,10,0.33,590,0.5255930087390761,0.5060606060606061,0.3600269632625548,0.506060606,0.41094017094017093
0,entropy,1,5,sqrt,546,0.5255930087390761,0.5060606060606061,0.3600269632625548,0.506060606,0.41094017094017093
0,entropy,1,5,sqrt,546,0.5255930087390761,0.5060606060606061,0.3600269632625548,0.506060606,0.41094017094017093
0,entropy,1,12,log2,509,0.5255930087390761,0.5060606060606061,0.3600269632625548,0.506060606,0.41094017094017093
0,entropy,1,12,log2,509,0.5255930087390761,0.5060606060606061,0.3600269632625548,0.506060606,0.41094017094017093
0,entropy,1,5,sqrt,615,0.5031210986267166,0.5060606060606061,0.33725144480360464,0.506060606,0.40475686730843824
0,entropy,1,5,sqrt,615,0.5031210986267166,0.5060606060606061,0.33725144480360464,0.506060606,0.40475686730843824
0,gini,1,8,0.33,499,0.5255930087390761,0.5060606060606061,0.3600269632625548,0.506060606,0.41094017094017093
0,entropy,1,6,log2,431,0.5031210986267166,0.5060606060606061,0.33725144480360464,0.506060606,0.40475686730843824
0,entropy,1,6,log2,431,0.5031210986267166,0.5060606060606061,0.33725144480360464,0.506060606,0.40475686730843824
0,gini,1,14,0.33,772,0.5255930087390761,0.5060606060606061,0.3600269632625548,0.506060606,0.41094017094017093
0,gini,1,13,log2,721,0.5255930087390761,0.5060606060606061,0.3600269632625548,0.506060606,0.41094017094017093
0,gini,1,10,sqrt,434,0.5031210986267166,0.5060606060606061,0.33725144480360464,0.506060606,0.40475686730843824
0,entropy,1,11,0.33,757,0.5255930087390761,0.5060606060606061,0.3600269632625548,0.506060606,0.41094017094017093
0,entropy,1,7,sqrt,675,0.5043695380774033,0.49393939393939396,0.35382541287495783,0.49393939393939396,0.40273504273504274
0,entropy,1,3,log2,706,0.5043695380774033,0.49393939393939396,0.35382541287495783,0.49393939393939396,0.40273504273504274
0,gini,1,7,0.33,672,0.5043695380774033,0.49393939393939396,0.35382541287495783,0.49393939393939396,0.40273504273504274
0,gini,1,7,0.33,672,0.5043695380774033,0.49393939393939396,0.35382541287495783,0.49393939393939396,0.40273504273504274
0,gini,1,12,sqrt,612,0.5043695380774033,0.49393939393939396,0.35382541287495783,0.49393939393939396,0.40273504273504274
0,gini,1,12,sqrt,612,0.5043695380774033,0.49393939393939396,0.35382541287495783,0.49393939393939396,0.40273504273504274
0,gini,1,1,sqrt,663,0.5043695380774033,0.49393939393939396,0.35382541287495783,0.49393939393939396,0.40273504273504274
0,gini,1,1,sqrt,663,0.5043695380774033,0.49393939393939396,0.35382541287495783,0.49393939393939396,0.40273504273504274
0,entropy,1,1,0.33,611,0.5043695380774033,0.49393939393939396,0.35382541287495783,0.49393939393939396,0.40273504273504274
0,entropy,1,12,sqrt,659,0.5043695380774033,0.49393939393939396,0.35382541287495783,0.49393939393939396,0.40273504273504274
0,entropy,1,9,0.33,691,0.5043695380774033,0.49393939393939396,0.35382541287495783,0.49393939393939396,0.40273504273504274
0,gini,1,9,sqrt,667,0.48564294631710364,0.48787878787878786,0.3786205389412813,0.48787878787878786,0.39311729616438756
0,gini,1,1,log2,520,0.5143570536828964,0.4818181818181818,0.3663729466797209,0.48181818181818176,0.39194071019866666
0,entropy,2,12,log2,463,0.5043695380774033,0.46060606060606063,0.30687092073521666,0.46060606060606063,0.36832802175762464
0,entropy,2,12,log2,463,0.5043695380774033,0.46060606060606063,0.30687092073521666,0.46060606060606063,0.36832802175762464
0,gini,1,4,log2,441,0.4706616729088639,0.45454545454545453,0.31441173400146155,0.4545454545454546,0.36598867611525837
0,gini,1,3,log2,529,0.43196004993757803,0.44545454545454544,0.3015979689366786,0.4454545454545455,0.35826771653543305
0,entropy,1,13,log2,448,0.4469413233458177,0.43636363636363634,0.29148148148148145,0.43636363636363634,0.34880636604774534
0,entropy,1,13,log2,448,0.4469413233458177,0.43636363636363634,0.29148148148148145,0.43636363636363634,0.34880636604774534
0,gini,1,8,sqrt,545,0.4469413233458177,0.43636363636363634,0.29148148148148145,0.43636363636363634,0.34880636604774534
0,gini,1,3,log2,528,0.4469413233458177,0.43636363636363634,0.29148148148148145,0.43636363636363634,0.34880636604774534
0,entropy,1,6,log2,601,0.4469413233458177,0.43636363636363634,0.29148148148148145,0.43636363636363634,0.34880636604774534
0,entropy,1,6,log2,601,0.4469413233458177,0.43636363636363634,0.29148148148148145,0.43636363636363634,0.34880636604774534
0,gini,1,7,log2,780,0.41947565543071164,0.43333333333333335,0.30012621709340065,0.43333333333333335,0.33722467792511995
0,gini,1,10,log2,767,0.43570536828963796,0.42727272727272725,0.4559643255295429,0.42727272727272725,0.325871208
0,entropy,1,5,log2,763,0.43570536828963796,0.42727272727272725,0.4559643255295429,0.42727272727272725,0.325871208
0,gini,1,12,log2,757,0.43570536828963796,0.42727272727272725,0.4559643255295429,0.42727272727272725,0.325871208
0,gini,1,12,log2,757,0.43570536828963796,0.42727272727272725,0.4559643255295429,0.42727272727272725,0.325871208
0,entropy,1,10,log2,486,0.4394506866416979,0.42424242424242425,0.4268707482993197,0.42424242424242425,0.3272525882725259
0,entropy,1,10,log2,486,0.4394506866416979,0.42424242424242425,0.4268707482993197,0.42424242424242425,0.3272525882725259
0,gini,1,10,log2,411,0.4394506866416979,0.42424242424242425,0.4268707482993197,0.42424242424242425,0.3272525882725259
0,gini,1,10,log2,411,0.4394506866416979,0.42424242424242425,0.4268707482993197,0.42424242424242425,0.3272525882725259
0,gini,1,14,log2,641,0.4394506866416979,0.42424242424242425,0.4268707482993197,0.42424242424242425,0.3272525882725259
0,gini,1,14,log2,641,0.4394506866416979,0.42424242424242425,0.4268707482993197,0.42424242424242425,0.3272525882725259
0,entropy,1,4,log2,492,0.4394506866416979,0.42424242424242425,0.4268707482993197,0.42424242424242425,0.3272525882725259
0,entropy,1,4,log2,709,0.4394506866416979,0.42424242424242425,0.4268707482993197,0.42424242424242425,0.3272525882725259
0,entropy,1,4,log2,709,0.4394506866416979,0.42424242424242425,0.4268707482993197,0.42424242424242425,0.3272525882725259
0,gini,1,5,log2,456,0.42446941323345816,0.3939393939393939,0.27092415851694746,0.39393939393939387,0.31585455562926756
0,gini,1,5,log2,456,0.42446941323345816,0.3939393939393939,0.27092415851694746,0.39393939393939387,0.31585455562926756
0,entropy,8,1,sqrt,707,0.8813982521847691,0.806060606,0.8101999987810528,0.806060606,0.8062962960868835
0,entropy,13,12,0.33,515,0.8064918851435705,0.806060606,0.8099115349755995,0.806060606,0.8026789666230499
0,gini,13,11,0.33,752,0.8139825218476904,0.806060606,0.8152194639461193,0.806060606,0.8082486194394373
0,entropy,8,4,log2,777,0.8489388264669163,0.806060606,0.8034856306427103,0.806060606,0.8029766828582624
0,entropy,13,14,0.33,502,0.8064918851435705,0.806060606,0.8078992846234225,0.806060606,0.8065606023012357
0,entropy,13,1,0.33,605,0.9138576779026217,0.806060606,0.805434,0.806060606,0.8040334186344373
0,gini,15,6,0.33,623,0.8377028714107366,0.806060606,0.8087437254103921,0.8060606060606061,0.8069901220202599
0,gini,13,5,0.33,786,0.8539325842696629,0.806060606,0.8095866559232401,0.806060606,0.8043390194767004
0,gini,11,5,sqrt,595,0.8401997503121099,0.806060606,0.8106401174582993,0.806060606,0.8074105855023047
0,gini,11,5,sqrt,595,0.8401997503121099,0.806060606,0.8106401174582993,0.806060606,0.8074105855023047
0,entropy,15,11,0.33,781,0.8314606741573034,0.806060606,0.8084521687462863,0.806060606,0.8032392233211564
0,gini,12,10,log2,588,0.81897628,0.806060606,0.8077025096560911,0.806060606,0.8067316178192816
0,entropy,15,12,0.33,768,0.832709114,0.806060606,0.8084736613196203,0.806060606,0.8043954930191024
0,gini,13,4,0.33,713,0.8838951310861424,0.803030303,0.8053016351103442,0.8030303030303031,0.8021469379104303
0,gini,13,4,0.33,713,0.8838951310861424,0.803030303,0.8053016351103442,0.8030303030303031,0.8021469379104303
0,gini,9,4,0.33,574,0.8401997503121099,0.803030303,0.8045611327469837,0.8030303030303031,0.8036547215734137
0,entropy,5,1,sqrt,575,0.7990012484394506,0.803030303,0.8049410029498526,0.8030303030303031,0.8036684687705181
0,entropy,5,1,sqrt,575,0.7990012484394506,0.803030303,0.8049410029498526,0.8030303030303031,0.8036684687705181
0,gini,10,4,0.33,794,0.8726591760299626,0.803030303,0.800539539,0.8030303030303031,0.8002700692503772
0,entropy,5,1,sqrt,678,0.8426966292134831,0.803030303,0.8032066993464052,0.8030303030303031,0.8005390835579514
0,entropy,13,9,0.33,782,0.8389513108614233,0.803030303,0.8009258412768068,0.8030303030303031,0.8001942137080803
0,gini,10,4,0.33,740,0.8951310861423221,0.803030303,0.8016068496364063,0.8030303030303031,0.8011118674835488
0,entropy,7,6,sqrt,566,0.8389513108614233,0.803030303,0.8085353535353536,0.8030303030303031,0.8046740698914611
0,entropy,7,6,sqrt,566,0.8389513108614233,0.803030303,0.8085353535353536,0.8030303030303031,0.8046740698914611
0,entropy,10,11,0.33,523,0.8202247191011236,0.803030303,0.8082078409861188,0.8030303030303031,0.8045247842195535
0,entropy,10,11,0.33,523,0.8202247191011236,0.803030303,0.8082078409861188,0.8030303030303031,0.8045247842195535
0,gini,9,12,sqrt,409,0.7802746566791511,0.803030303,0.8018916427870302,0.8030303030303031,0.8007380282422728
0,entropy,14,11,0.33,523,0.8202247191011236,0.803030303,0.8082078409861188,0.8030303030303031,0.8045247842195535
0,gini,7,4,0.33,428,0.8314606741573034,0.803030303,0.8034750204898637,0.8030303030303031,0.8025533473345657
0,entropy,14,3,0.33,682,0.8926342072409488,0.803030303,0.8041860528085274,0.8030303030303031,0.8034627671926539
0,gini,8,1,0.33,476,0.8776529338327091,0.803030303,0.8017890772128061,0.8030303030303031,0.8018457429979247
0,entropy,5,14,0.33,740,0.8277153558052435,0.803030303,0.8047321830216568,0.8030303030303031,0.8035616557812819
0,gini,15,13,0.33,456,0.7890137328339576,0.803030303,0.8032247945291423,0.8030303030303031,0.8028376791167489
0,entropy,12,10,0.33,523,0.8202247191011236,0.803030303,0.8082078409861188,0.8030303030303031,0.8045247842195535
0,entropy,14,1,0.33,641,0.9063670411985019,0.803030303,0.8064192749958461,0.8030303030303031,0.8036108071510478
0,gini,15,5,log2,560,0.8302122347066168,0.803030303,0.8024057146214735,0.8030303030303031,0.7967254697613745
0,entropy,10,2,0.33,605,0.8801498127340824,0.803030303,0.8006044459941752,0.8030303030303031,0.7994906210966306
0,entropy,15,4,sqrt,738,0.8726591760299626,0.803030303,0.8014105777263673,0.8030303030303031,0.8019195764522866
0,entropy,6,8,0.33,574,0.8539325842696629,0.803030303,0.8034751396333317,0.8030303030303031,0.8026658002289441
0,gini,8,1,0.33,542,0.8813982521847691,0.803030303,0.8045828202767015,0.8030303030303031,0.8034170104654687
0,gini,15,2,log2,446,0.8227215980024969,0.803030303,0.8083077129588757,0.8030303030303031,0.8014194906032789
0,gini,12,6,sqrt,472,0.8401997503121099,0.8,0.8000178900918796,0.7999999999999999,0.7940204319882196
0,gini,12,6,sqrt,674,0.8339575530586767,0.8,0.8002130155360941,0.7999999999999999,0.7994574029130321
0,gini,7,2,0.33,620,0.8514357053682896,0.8,0.8007255090588424,0.7999999999999999,0.8003190847227545
0,entropy,10,9,sqrt,558,0.8064918851435705,0.8,0.7999326955748974,0.7999999999999999,0.7994693904381869
0,entropy,10,9,sqrt,558,0.8064918851435705,0.8,0.7999326955748974,0.7999999999999999,0.7994693904381869
0,gini,4,14,0.33,671,0.7915106117353309,0.8,0.8027763721214165,0.7999999999999999,0.8010961964643868
0,gini,8,5,sqrt,613,0.8227215980024969,0.8,0.800693452,0.7999999999999999,0.7986797685073549
0,gini,8,5,sqrt,613,0.8227215980024969,0.8,0.800693452,0.7999999999999999,0.7986797685073549
0,entropy,7,3,0.33,580,0.8526841448189763,0.8,0.8045940088573657,0.8000000000000002,0.8015005375589618
0,gini,9,10,sqrt,750,0.7990012484394506,0.8,0.803848833,0.7999999999999999,0.8008420174419243
0,entropy,12,12,sqrt,581,0.8064918851435705,0.8,0.7986697513013303,0.8000000000000002,0.7959628781119731
0,entropy,6,13,0.33,777,0.8289637952559301,0.8,0.7984252675429145,0.7999999999999999,0.7961246233864535
0,entropy,10,5,0.33,706,0.8651685393258427,0.8,0.8066848816029144,0.7999999999999999,0.8020219139010661
0,entropy,10,5,0.33,706,0.8651685393258427,0.8,0.8066848816029144,0.7999999999999999,0.8020219139010661
0,entropy,5,10,sqrt,620,0.8014981273408239,0.8,0.8016395154553049,0.7999999999999999,0.8004882385723507
0,gini,4,14,0.33,652,0.8002496878901373,0.8,0.8009700476514636,0.7999999999999999,0.8001760194459578
0,entropy,11,7,0.33,752,0.8514357053682896,0.8,0.8057976062473813,0.7999999999999999,0.801788668
0,gini,13,4,0.33,602,0.8439450686641697,0.8,0.8000639911136869,0.7999999999999999,0.7994295848695581
0,entropy,13,6,log2,565,0.8352059925093633,0.8,0.7974435580821974,0.7999999999999999,0.7965801664744405
0,entropy,13,6,log2,565,0.8352059925093633,0.8,0.7974435580821974,0.7999999999999999,0.7965801664744405
0,gini,11,10,0.33,754,0.8177278401997503,0.8,0.8032876759266397,0.7999999999999999,0.8008650353918587
0,gini,11,1,0.33,788,0.9113607990012484,0.8,0.8042857142857143,0.7999999999999999,0.8002529001044588
0,entropy,9,1,log2,613,0.8626716604244694,0.8,0.8001514531888364,0.8000000000000002,0.7999960675482498
0,gini,14,3,0.33,622,0.8626716604244694,0.8,0.7988882335742874,0.7999999999999999,0.7986009872543662
0,gini,5,8,0.33,765,0.81897628,0.8,0.8108861898335583,0.7999999999999999,0.8020892418226507
0,gini,15,3,log2,485,0.850187266,0.8,0.7985946420729029,0.7999999999999999,0.7990290501918409
0,gini,9,6,0.33,703,0.8626716604244694,0.8,0.7980573710965868,0.7999999999999999,0.7981214862535843
0,gini,9,6,0.33,703,0.8626716604244694,0.8,0.7980573710965868,0.7999999999999999,0.7981214862535843
0,gini,10,6,sqrt,406,0.8089887640449438,0.8,0.7969707897583844,0.7999999999999999,0.7963536291709666
0,gini,10,6,sqrt,406,0.8089887640449438,0.8,0.7969707897583844,0.7999999999999999,0.7963536291709666
0,entropy,12,3,log2,535,0.8401997503121099,0.8,0.8096122592323695,0.8000000000000002,0.8015532122778476
0,entropy,14,10,0.33,791,0.8526841448189763,0.8,0.7999342181246641,0.7999999999999999,0.7996412688657274
0,gini,7,14,0.33,629,0.8264669163545568,0.8,0.7995473484905435,0.8000000000000002,0.799694471
0,gini,11,6,0.33,722,0.8514357053682896,0.8,0.8002646347584067,0.7999999999999999,0.7984827089423144
0,entropy,6,5,log2,797,0.8202247191011236,0.796969697,0.7959285153607949,0.796969697,0.7948235549505466
0,entropy,8,1,log2,576,0.8801498127340824,0.796969697,0.7972575842131837,0.7969696969696969,0.7969667318982387
0,gini,13,5,sqrt,627,0.8352059925093633,0.796969697,0.8064535264277533,0.796969697,0.7990807063191528
0,entropy,8,5,0.33,645,0.867665418,0.796969697,0.7981461265219928,0.7969696969696969,0.7957083549728404
0,entropy,12,10,sqrt,468,0.7990012484394506,0.796969697,0.7954107327887417,0.7969696969696969,0.7958813323350142
0,entropy,12,10,sqrt,468,0.7990012484394506,0.796969697,0.7954107327887417,0.7969696969696969,0.7958813323350142
0,entropy,6,9,0.33,626,0.815230961,0.796969697,0.7960238780513804,0.796969697,0.7959714100064978
0,gini,11,6,log2,657,0.8314606741573034,0.796969697,0.7962962962962963,0.7969696969696969,0.792907587
0,gini,11,6,log2,657,0.8314606741573034,0.796969697,0.7962962962962963,0.7969696969696969,0.792907587
0,entropy,13,8,0.33,712,0.8564294631710362,0.796969697,0.800259944,0.796969697,0.7910031870147524
0,gini,9,4,log2,660,0.8539325842696629,0.796969697,0.7971314451706609,0.796969697,0.7961802550343315
0,gini,12,4,0.33,691,0.836454432,0.796969697,0.8026337320965644,0.7969696969696969,0.7982348414757756
0,entropy,2,3,0.33,446,0.7453183520599251,0.796969697,0.7960723082557024,0.7969696969696969,0.7963069127555662
0,entropy,10,6,0.33,537,0.8339575530586767,0.796969697,0.7954493768704601,0.7969696969696969,0.7953497808440998
0,entropy,10,10,sqrt,468,0.7990012484394506,0.796969697,0.7954107327887417,0.7969696969696969,0.7958813323350142
0,entropy,12,9,log2,531,0.7965043695380774,0.796969697,0.7951472962066183,0.796969697,0.7951522951522952
0,entropy,9,5,0.33,466,0.8514357053682896,0.796969697,0.7974365272315204,0.796969697,0.7920221158396404
0,entropy,8,5,0.33,783,0.8551810237203495,0.796969697,0.796422559,0.7969696969696969,0.7966538682135011
0,entropy,9,8,0.33,580,0.8239700374531835,0.796969697,0.7974358974358974,0.7969696969696969,0.7967672635937749
0,entropy,9,8,0.33,580,0.8239700374531835,0.796969697,0.7974358974358974,0.7969696969696969,0.7967672635937749
0,gini,7,5,log2,563,0.8239700374531835,0.796969697,0.7997019729541083,0.7969696969696969,0.7980120681764573
0,gini,7,5,log2,563,0.8239700374531835,0.796969697,0.7997019729541083,0.7969696969696969,0.7980120681764573
0,gini,3,5,0.33,446,0.7765293383270911,0.796969697,0.7944537621928308,0.796969697,0.794316137
0,gini,3,5,0.33,446,0.7765293383270911,0.796969697,0.7944537621928308,0.796969697,0.794316137
0,entropy,2,10,0.33,545,0.7453183520599251,0.796969697,0.7960723082557024,0.7969696969696969,0.7963069127555662
0,gini,4,2,0.33,645,0.8027465667915106,0.796969697,0.798562816,0.7969696969696969,0.7971526376936295
0,entropy,4,10,0.33,643,0.7940074906367042,0.796969697,0.7968750078345425,0.7969696969696969,0.7967747196094522
0,gini,15,7,0.33,594,0.8264669163545568,0.796969697,0.7958019256668475,0.7969696969696969,0.7959632872308928
0,gini,15,11,sqrt,711,0.8127340823970037,0.796969697,0.8028198052462967,0.7969696969696969,0.7969222789077436
0,entropy,4,12,0.33,550,0.8039950062421972,0.796969697,0.7954381145170618,0.796969697,0.795908559
0,gini,5,2,sqrt,539,0.8401997503121099,0.796969697,0.7951089152694862,0.7969696969696969,0.7941518582818566
0,gini,5,2,sqrt,539,0.8401997503121099,0.796969697,0.7951089152694862,0.7969696969696969,0.7941518582818566
0,gini,12,5,0.33,683,0.8576779026217228,0.796969697,0.794773605,0.7969696969696969,0.7942338447717369
0,gini,2,1,0.33,794,0.7453183520599251,0.796969697,0.7960723082557024,0.7969696969696969,0.7963069127555662
0,gini,9,11,sqrt,660,0.8314606741573034,0.796969697,0.7950016789358131,0.7969696969696969,0.7920168847753485
0,gini,9,8,0.33,571,0.8252184769038702,0.796969697,0.8068696603580324,0.7969696969696969,0.7977598338981554
0,gini,14,5,sqrt,694,0.850187266,0.796969697,0.8052778724715485,0.7969696969696969,0.7980431775084368
0,gini,14,5,sqrt,694,0.850187266,0.796969697,0.8052778724715485,0.7969696969696969,0.7980431775084368
0,gini,8,7,0.33,515,0.8389513108614233,0.796969697,0.79757181,0.796969697,0.7968182266773814
0,gini,8,7,0.33,515,0.8389513108614233,0.796969697,0.79757181,0.796969697,0.7968182266773814
0,entropy,15,6,0.33,466,0.8576779026217228,0.796969697,0.7972250052472516,0.796969697,0.7930566160235734
0,gini,4,7,0.33,788,0.8089887640449438,0.793939394,0.8160618699759664,0.793939394,0.7983489725093106
0,gini,3,4,0.33,705,0.7752808988764045,0.793939394,0.7904683296649546,0.793939394,0.7900509748596116
0,entropy,14,12,sqrt,467,0.7777777777777778,0.793939394,0.7912210811310171,0.793939394,0.7887825292161179
0,entropy,14,12,sqrt,467,0.7777777777777778,0.793939394,0.7912210811310171,0.793939394,0.7887825292161179
0,gini,5,5,0.33,754,0.8239700374531835,0.793939394,0.7971840986644887,0.793939394,0.7949656603403162
0,gini,5,5,0.33,754,0.8239700374531835,0.793939394,0.7971840986644887,0.793939394,0.7949656603403162
0,entropy,7,5,0.33,735,0.8476903870162297,0.793939394,0.7966965133631801,0.793939394,0.7949148565078463
0,entropy,9,13,0.33,542,0.8127340823970037,0.793939394,0.7939895852939332,0.793939394,0.7936762978623445
0,entropy,9,13,0.33,542,0.8127340823970037,0.793939394,0.7939895852939332,0.793939394,0.7936762978623445
0,entropy,15,11,sqrt,703,0.815230961,0.793939394,0.8049095726063374,0.793939394,0.7968045338684173
0,entropy,7,3,0.33,598,0.8576779026217228,0.793939394,0.7942569759083519,0.793939394,0.7940876564567136
0,gini,11,3,sqrt,769,0.8614232209737828,0.793939394,0.7968843816616094,0.793939394,0.7946700066665827
0,gini,9,12,0.33,798,0.8227215980024969,0.793939394,0.7940405793616803,0.793939394,0.7939784631162552
0,entropy,7,11,0.33,574,0.8401997503121099,0.793939394,0.7946705643799947,0.793939394,0.7931556583692779
0,gini,5,7,0.33,714,0.8352059925093633,0.793939394,0.8003050045436974,0.793939394,0.7958496279151429
0,entropy,5,5,log2,597,0.7952559300873908,0.793939394,0.8090320672406621,0.793939394,0.7959896615401435
0,entropy,12,12,0.33,614,0.8214731585518102,0.793939394,0.7937372735537873,0.793939394,0.7938268822233367
0,entropy,12,12,0.33,614,0.8214731585518102,0.793939394,0.7937372735537873,0.793939394,0.7938268822233367
0,entropy,6,4,0.33,661,0.8451935081148564,0.793939394,0.7915942028985506,0.793939394,0.7919576719576721
0,gini,12,4,0.33,595,0.8664169787765293,0.793939394,0.7981338656504248,0.793939394,0.7952332351597508
0,gini,12,4,0.33,595,0.8664169787765293,0.793939394,0.7981338656504248,0.793939394,0.7952332351597508
0,entropy,13,5,sqrt,549,0.8127340823970037,0.793939394,0.804064392,0.793939394,0.7963394412927512
0,gini,10,12,0.33,690,0.8127340823970037,0.793939394,0.7991326547178388,0.793939394,0.7947465895313649
0,entropy,8,5,0.33,619,0.8489388264669163,0.793939394,0.7938872855539523,0.793939394,0.7938712691006269
0,entropy,14,7,0.33,720,0.8526841448189763,0.793939394,0.7970234070639751,0.793939394,0.7948937416294237
0,gini,5,6,sqrt,678,0.8177278401997503,0.793939394,0.7975891654919197,0.793939394,0.7913359754527177
0,gini,5,6,sqrt,678,0.8177278401997503,0.793939394,0.7975891654919197,0.793939394,0.7913359754527177
0,entropy,3,9,0.33,541,0.7990012484394506,0.793939394,0.7915599603971484,0.793939394,0.7906769326700535
0,entropy,6,8,0.33,720,0.846441948,0.793939394,0.7951432635643162,0.793939394,0.7943142641672054
0,entropy,6,8,0.33,720,0.846441948,0.793939394,0.7951432635643162,0.793939394,0.7943142641672054
0,gini,14,1,sqrt,747,0.9038701622971286,0.793939394,0.7926767676767676,0.793939394,0.7922454357236965
0,gini,10,5,0.33,575,0.846441948,0.793939394,0.790836513,0.793939394,0.7906286514410508
0,entropy,6,1,0.33,626,0.8514357053682896,0.793939394,0.7917002659649718,0.793939394,0.7917051210546958
0,entropy,4,14,0.33,720,0.8052434456928839,0.793939394,0.7911252268602541,0.793939394,0.7917175867397107
0,entropy,8,4,0.33,796,0.8539325842696629,0.793939394,0.7965849240601716,0.793939394,0.7944782162374079
0,gini,12,7,0.33,635,0.8139825218476904,0.793939394,0.790483571,0.793939394,0.7905295718153994
0,gini,10,6,log2,440,0.8002496878901373,0.793939394,0.7932948684325553,0.793939394,0.791008178
0,gini,10,6,log2,440,0.8002496878901373,0.793939394,0.7932948684325553,0.793939394,0.791008178
0,gini,9,14,sqrt,788,0.8014981273408239,0.793939394,0.7922171312205677,0.793939394,0.7909638669723199
0,gini,8,3,sqrt,689,0.8339575530586767,0.793939394,0.7945526695526696,0.793939394,0.7942028767716841
0,gini,12,5,0.33,575,0.846441948,0.793939394,0.790836513,0.793939394,0.7906286514410508
0,entropy,15,8,0.33,581,0.8377028714107366,0.793939394,0.7923428962263914,0.793939394,0.7926245767221135
0,entropy,15,8,0.33,581,0.8377028714107366,0.793939394,0.7923428962263914,0.793939394,0.7926245767221135
0,gini,15,8,0.33,603,0.8451935081148564,0.793939394,0.7917932268581619,0.793939394,0.791443034
0,entropy,6,13,0.33,682,0.8214731585518102,0.793939394,0.7940132793343802,0.793939394,0.7939647513378376
0,gini,10,12,0.33,533,0.8177278401997503,0.793939394,0.7939446288906377,0.793939394,0.7897725895905082
0,gini,10,12,0.33,533,0.8177278401997503,0.793939394,0.7939446288906377,0.793939394,0.7897725895905082
0,gini,10,1,sqrt,631,0.9001248439450686,0.793939394,0.7937105405938641,0.793939394,0.7905378495280967
0,gini,9,12,0.33,534,0.7802746566791511,0.793939394,0.8079117190069521,0.793939394,0.7973158329638858
0,entropy,5,2,0.33,582,0.8302122347066168,0.793939394,0.7923290002718306,0.793939394,0.7915572263398349
0,entropy,5,2,0.33,582,0.8302122347066168,0.793939394,0.7923290002718306,0.793939394,0.7915572263398349
0,entropy,12,8,0.33,773,0.8551810237203495,0.793939394,0.8025107450404564,0.793939394,0.7958789602978986
0,gini,13,4,0.33,505,0.867665418,0.793939394,0.792332713,0.793939394,0.7924548942343997
0,entropy,14,7,log2,793,0.8239700374531835,0.793939394,0.7996951833650693,0.793939394,0.7863284999927901
0,gini,6,5,0.33,751,0.8352059925093633,0.793939394,0.8004998843188508,0.793939394,0.795863872
0,entropy,8,6,0.33,775,0.8776529338327091,0.793939394,0.797545145,0.793939394,0.7921629797693326
0,gini,10,6,log2,578,0.8289637952559301,0.793939394,0.7939800368745629,0.793939394,0.7919572305982738
0,gini,6,9,0.33,777,0.8439450686641697,0.793939394,0.7923395885925161,0.793939394,0.7916365243951451
0,entropy,11,6,0.33,659,0.8639200998751561,0.793939394,0.7971525600835946,0.793939394,0.7951544223978266
0,gini,14,9,0.33,799,0.815230961,0.793939394,0.7942178923817341,0.793939394,0.7935333560973801
0,entropy,15,5,sqrt,628,0.8476903870162297,0.793939394,0.79875898,0.793939394,0.7942583611766865
0,entropy,15,5,sqrt,628,0.8476903870162297,0.793939394,0.79875898,0.793939394,0.7942583611766865
0,entropy,15,5,log2,651,0.8651685393258427,0.793939394,0.8002709328480805,0.793939394,0.7959200616734864
0,gini,7,14,sqrt,420,0.731585518,0.706060606,0.7029161748841931,0.706060606,0.7028434759500398
0,gini,15,9,sqrt,770,0.7578027465667915,0.706060606,0.7117443024419767,0.706060606,0.7047215332866331
0,gini,15,9,sqrt,770,0.7578027465667915,0.706060606,0.7117443024419767,0.706060606,0.7047215332866331
0,entropy,15,1,0.33,583,0.8951310861423221,0.706060606,0.7069086378227628,0.706060606,0.7058963570737893
0,gini,7,8,log2,406,0.7702871410736579,0.706060606,0.7047483380816715,0.706060606,0.7050418143476175
0,gini,10,5,log2,544,0.784019975,0.706060606,0.70482866,0.706060606,0.7051778747468157
0,gini,10,5,log2,544,0.784019975,0.706060606,0.70482866,0.706060606,0.7051778747468157
0,gini,9,4,sqrt,556,0.815230961,0.706060606,0.705070362,0.706060606,0.7053002188600247
0,gini,9,4,sqrt,556,0.815230961,0.706060606,0.705070362,0.706060606,0.7053002188600247
0,gini,14,6,log2,400,0.7690387016229713,0.706060606,0.6972241392531249,0.706060606,0.6948478524625008
0,gini,9,6,sqrt,600,0.7915106117353309,0.706060606,0.719290557,0.706060606,0.7103440417723866
0,gini,9,12,log2,523,0.731585518,0.706060606,0.7137161306986957,0.706060606,0.706284324
0,gini,9,12,log2,523,0.731585518,0.706060606,0.7137161306986957,0.706060606,0.706284324
0,gini,13,2,log2,600,0.8514357053682896,0.706060606,0.7127784278830136,0.706060606,0.7077539794680288
0,entropy,12,14,log2,581,0.7827715355805244,0.706060606,0.7634609868043603,0.706060606,0.7143708666556575
0,entropy,12,14,log2,581,0.7827715355805244,0.706060606,0.7634609868043603,0.706060606,0.7143708666556575
0,gini,6,4,log2,737,0.784019975,0.706060606,0.708280646,0.706060606,0.6972536481390392
0,entropy,10,2,log2,412,0.8014981273408239,0.706060606,0.7011273659985604,0.706060606,0.702268708
0,entropy,10,2,log2,412,0.8014981273408239,0.706060606,0.7011273659985604,0.706060606,0.702268708
0,gini,14,14,log2,691,0.766541823,0.706060606,0.711885425,0.706060606,0.7075667429443172
0,entropy,11,8,sqrt,664,0.787765293,0.706060606,0.7345172538591735,0.706060606,0.7114485217163788
0,gini,6,4,sqrt,428,0.7865168539325843,0.706060606,0.702958241,0.706060606,0.7037712640185824
0,gini,6,4,sqrt,428,0.7865168539325843,0.706060606,0.702958241,0.706060606,0.7037712640185824
0,gini,10,4,sqrt,624,0.7940074906367042,0.706060606,0.7186575610158523,0.706060606,0.7090950143768144
0,gini,10,4,sqrt,624,0.7940074906367042,0.706060606,0.7186575610158523,0.706060606,0.7090950143768144
0,gini,5,9,log2,623,0.7340823970037453,0.706060606,0.7068092428711897,0.706060606,0.706238661
0,entropy,5,4,log2,755,0.7478152309612984,0.706060606,0.7255694196870667,0.706060606,0.7095253952396811
0,gini,13,3,sqrt,656,0.8277153558052435,0.706060606,0.7123831250363163,0.706060606,0.7082524820131696
0,gini,3,7,sqrt,658,0.714107366,0.706060606,0.7023307508744402,0.706060606,0.703731489
0,gini,11,7,log2,406,0.7602996254681648,0.706060606,0.7015505634974661,0.706060606,0.703082948
0,gini,3,11,0.33,406,0.735330836,0.706060606,0.7039146487676895,0.706060606,0.7047964160837791
0,entropy,4,14,0.33,594,0.7565543071161048,0.706060606,0.7343975987593009,0.706060606,0.7107255869225774
0,gini,5,6,log2,628,0.7740324594257179,0.706060606,0.7248367095797046,0.706060606,0.7099924205465005
0,gini,5,2,sqrt,666,0.7378277153558053,0.706060606,0.7262667887667887,0.706060606,0.7064647626349755
0,entropy,2,13,log2,433,0.7303370786516854,0.706060606,0.70951776,0.706060606,0.7002579943045569
0,entropy,14,3,log2,549,0.8439450686641697,0.706060606,0.6992995510517953,0.706060606,0.7007449531536754
0,entropy,14,3,log2,549,0.8439450686641697,0.706060606,0.6992995510517953,0.706060606,0.7007449531536754
0,entropy,6,4,log2,780,0.8027465667915106,0.706060606,0.7076603354115316,0.706060606,0.7049255622426355
0,entropy,14,9,sqrt,434,0.7727840199750312,0.706060606,0.7233366572706549,0.706060606,0.7097254349348153
0,gini,5,9,log2,507,0.7265917602996255,0.706060606,0.6995631697495052,0.706060606,0.7018243031238626
0,gini,5,9,log2,507,0.7265917602996255,0.706060606,0.6995631697495052,0.706060606,0.7018243031238626
0,gini,14,8,sqrt,463,0.787765293,0.706060606,0.7001619392093407,0.706060606,0.7014499773519569
0,gini,14,8,sqrt,463,0.787765293,0.706060606,0.7001619392093407,0.706060606,0.7014499773519569
0,gini,4,12,log2,542,0.7278401997503121,0.703030303,0.6976076187239689,0.703030303,0.6992842683632157
0,gini,10,11,log2,760,0.7790262172284644,0.703030303,0.7012997222763963,0.703030303,0.7013947125754383
0,gini,9,8,sqrt,620,0.8114856429463171,0.703030303,0.6971667620319155,0.7030303030303031,0.698339832
0,entropy,5,8,sqrt,535,0.7303370786516854,0.703030303,0.7060676231049564,0.7030303030303031,0.7036094358066362
0,entropy,3,11,sqrt,796,0.7053682896379525,0.703030303,0.7271956011430905,0.703030303,0.7084840707834075
0,entropy,3,11,sqrt,796,0.7053682896379525,0.703030303,0.7271956011430905,0.703030303,0.7084840707834075
0,gini,13,3,sqrt,544,0.7902621722846442,0.703030303,0.6982882041705571,0.703030303,0.6958814818188661
0,gini,8,4,0.33,400,0.8014981273408239,0.703030303,0.7080626091016117,0.7030303030303031,0.7038957743515338
0,gini,14,5,sqrt,691,0.815230961,0.703030303,0.7046193705284614,0.703030303,0.7029711528298792
0,entropy,8,13,log2,559,0.735330836,0.703030303,0.7244041608818209,0.7030303030303031,0.7083538511136661
0,entropy,11,14,log2,540,0.7403245942571786,0.703030303,0.7102866344605475,0.7030303030303031,0.7033884948778567
0,gini,7,11,log2,432,0.7403245942571786,0.703030303,0.7182840796661935,0.703030303,0.7023427624872579
0,entropy,12,6,log2,432,0.7890137328339576,0.703030303,0.711227574,0.703030303,0.7054073361399151
0,gini,8,12,sqrt,407,0.7103620474406991,0.703030303,0.712185393,0.703030303,0.6958202442073409
0,gini,8,12,sqrt,407,0.7103620474406991,0.703030303,0.712185393,0.703030303,0.6958202442073409
0,entropy,7,2,log2,404,0.7740324594257179,0.703030303,0.7148953672488315,0.7030303030303031,0.7023882642227836
0,entropy,6,8,sqrt,720,0.7690387016229713,0.703030303,0.7187268978765949,0.703030303,0.7073753228813521
0,entropy,12,14,sqrt,506,0.731585518,0.703030303,0.689262023,0.703030303,0.6902085455406395
0,entropy,11,12,log2,559,0.735330836,0.703030303,0.7244041608818209,0.7030303030303031,0.7083538511136661
0,gini,9,7,sqrt,443,0.766541823,0.703030303,0.709772405,0.7030303030303031,0.7051995668837269
0,entropy,14,11,log2,721,0.7790262172284644,0.703030303,0.7158106030873889,0.7030303030303031,0.7071776949456993
0,gini,13,10,sqrt,784,0.7615480649188514,0.703030303,0.7053179406585919,0.7030303030303031,0.7035901220025432
0,gini,8,13,log2,650,0.7203495630461922,0.703030303,0.6979163346754631,0.7030303030303031,0.6993994942792602
0,entropy,13,5,log2,529,0.7790262172284644,0.703030303,0.7050955439647123,0.7030303030303031,0.703510991
0,gini,2,4,sqrt,656,0.7103620474406991,0.7,0.7260541639402311,0.7000000000000001,0.7061241469919484
0,gini,2,4,sqrt,656,0.7103620474406991,0.7,0.7260541639402311,0.7000000000000001,0.7061241469919484
0,gini,4,13,log2,428,0.7553058676654182,0.7,0.7017246679783571,0.7000000000000001,0.6980462680744997
0,gini,4,13,log2,428,0.7553058676654182,0.7,0.7017246679783571,0.7000000000000001,0.6980462680744997
0,gini,9,5,log2,415,0.7553058676654182,0.7,0.6936431623931624,0.7000000000000001,0.6954792352765066
0,entropy,9,11,log2,615,0.7615480649188514,0.7,0.7087624226021066,0.7000000000000001,0.7031159629843841
0,entropy,7,5,log2,710,0.7790262172284644,0.7,0.6991552956465238,0.7000000000000001,0.6994593709043251
0,entropy,7,5,log2,710,0.7790262172284644,0.7,0.6991552956465238,0.7000000000000001,0.6994593709043251
0,gini,15,12,sqrt,484,0.7590511860174781,0.7,0.7211651397697909,0.7000000000000001,0.7050548608990167
0,entropy,5,4,sqrt,740,0.7565543071161048,0.7,0.7028290597647343,0.7000000000000001,0.7012244207677997
0,entropy,5,4,sqrt,740,0.7565543071161048,0.7,0.7028290597647343,0.7000000000000001,0.7012244207677997
0,entropy,4,2,log2,722,0.731585518,0.7,0.713454315,0.7000000000000001,0.7032349696525765
0,entropy,4,2,log2,722,0.731585518,0.7,0.713454315,0.7000000000000001,0.7032349696525765
0,entropy,12,1,log2,504,0.8776529338327091,0.7,0.693350104,0.7000000000000001,0.69232269
0,gini,2,5,sqrt,519,0.6903870162297129,0.7,0.7042890352576521,0.7000000000000001,0.6982994429878634
0,gini,15,6,sqrt,410,0.7765293383270911,0.7,0.6984126604149777,0.7000000000000001,0.6923377389003038
0,gini,15,6,sqrt,410,0.7765293383270911,0.7,0.6984126604149777,0.7000000000000001,0.6923377389003038
0,gini,5,9,log2,601,0.7240948813982522,0.7,0.6955680269216598,0.6999999999999998,0.6945852534562212
0,gini,5,9,log2,601,0.7240948813982522,0.7,0.6955680269216598,0.6999999999999998,0.6945852534562212
0,gini,11,5,sqrt,437,0.7553058676654182,0.7,0.6971286678292516,0.7000000000000001,0.6975548044041195
0,gini,8,8,sqrt,632,0.7852684144818977,0.7,0.7103859298157874,0.7000000000000001,0.700253048
0,gini,8,8,sqrt,632,0.7852684144818977,0.7,0.7103859298157874,0.7000000000000001,0.700253048
0,entropy,4,4,log2,773,0.7303370786516854,0.7,0.7047383119109499,0.7000000000000001,0.6967732970724118
0,entropy,4,12,sqrt,741,0.7378277153558053,0.7,0.7394690630535813,0.7000000000000001,0.691074734
0,entropy,7,7,sqrt,712,0.7752808988764045,0.7,0.702778368,0.7000000000000001,0.7009975899241989
0,gini,2,3,0.33,644,0.7116104868913857,0.7,0.7135811900517783,0.7000000000000001,0.6896218153795858
0,gini,7,12,0.33,486,0.7403245942571786,0.7,0.7010356552879428,0.7000000000000001,0.6995015054963133
0,entropy,14,14,sqrt,740,0.7727840199750312,0.7,0.69984272,0.7000000000000001,0.6992381040871333
0,entropy,7,14,log2,596,0.7565543071161048,0.7,0.7175162725088943,0.7000000000000001,0.7044156821098279
0,entropy,14,10,log2,480,0.762796504,0.7,0.6984028393966283,0.7000000000000001,0.6927593297791317
0,entropy,14,10,log2,480,0.762796504,0.7,0.6984028393966283,0.7000000000000001,0.6927593297791317
0,entropy,13,10,log2,468,0.7365792759051186,0.7,0.70450998,0.6999999999999998,0.7017144408211061
0,entropy,13,10,log2,468,0.7365792759051186,0.7,0.70450998,0.6999999999999998,0.7017144408211061
0,gini,8,8,sqrt,421,0.7578027465667915,0.7,0.7048085767754623,0.7000000000000001,0.6997305565420611
0,entropy,11,8,log2,594,0.7590511860174781,0.7,0.6990592379074441,0.7000000000000001,0.699311686
0,entropy,2,6,sqrt,634,0.6941323345817728,0.696969697,0.6998050682261208,0.6969696969696969,0.6939439190310269
0,entropy,4,4,log2,690,0.7340823970037453,0.696969697,0.7362418754608907,0.6969696969696969,0.6934335044800161
0,entropy,4,4,log2,690,0.7340823970037453,0.696969697,0.7362418754608907,0.6969696969696969,0.6934335044800161
0,entropy,12,14,log2,527,0.7215980024968789,0.696969697,0.6961791300469341,0.6969696969696969,0.6951250333976011
0,entropy,6,14,log2,573,0.7790262172284644,0.696969697,0.6985127826941987,0.6969696969696969,0.6975528453680502
0,entropy,6,14,log2,573,0.7790262172284644,0.696969697,0.6985127826941987,0.6969696969696969,0.6975528453680502
0,gini,13,11,sqrt,706,0.7652933832709113,0.696969697,0.7054914297574681,0.6969696969696969,0.6974104555181747
0,entropy,13,3,sqrt,793,0.8601747815230961,0.696969697,0.6987208116229703,0.6969696969696969,0.6977585363669553
0,entropy,14,5,log2,514,0.7528089887640449,0.696969697,0.6939161290517166,0.6969696969696969,0.6950544459690957
0,gini,9,5,sqrt,412,0.7553058676654182,0.696969697,0.6913183496375347,0.6969696969696969,0.6902731857793268
0,gini,2,6,log2,502,0.6978776529338327,0.696969697,0.6931867855401984,0.6969696969696969,0.6903114387248129
0,entropy,4,14,log2,637,0.7203495630461922,0.696969697,0.7123763515067862,0.6969696969696969,0.6746716133828005
0,gini,3,10,log2,545,0.7091136079900124,0.696969697,0.7540428958292978,0.6969696969696969,0.6745416268879586
0,gini,3,10,log2,545,0.7091136079900124,0.696969697,0.7540428958292978,0.6969696969696969,0.6745416268879586
0,gini,6,13,log2,625,0.7590511860174781,0.696969697,0.7044557333131145,0.6969696969696969,0.6996777955682064
0,gini,3,4,sqrt,697,0.7091136079900124,0.696969697,0.7146351575456054,0.6969696969696969,0.7021087388746151
0,entropy,3,13,sqrt,506,0.6978776529338327,0.696969697,0.6890445538306197,0.6969696969696969,0.6837857523283096
0,gini,11,5,log2,785,0.8102372034956304,0.696969697,0.697841291,0.6969696969696969,0.6917877285868994
0,gini,2,11,0.33,639,0.700374532,0.696969697,0.7046936149227131,0.6969696969696969,0.6939797888380953
0,gini,13,7,log2,649,0.7852684144818977,0.696969697,0.7008852675909923,0.6969696969696969,0.6985015491221912
0,entropy,10,10,sqrt,519,0.7640449438202247,0.696969697,0.6939285466848341,0.6969696969696969,0.6927503310365507
0,gini,8,7,sqrt,575,0.8177278401997503,0.696969697,0.6890247290914142,0.6969696969696969,0.6901835047388586
0,entropy,4,7,log2,614,0.7378277153558053,0.696969697,0.6877838519764508,0.6969696969696969,0.6886680818106012
0,gini,6,6,log2,596,0.7553058676654182,0.696969697,0.6980729060168311,0.6969696969696969,0.6974516272428986
0,gini,13,8,log2,609,0.762796504,0.696969697,0.693500033,0.6969696969696969,0.6939972477402262
0,entropy,8,2,sqrt,492,0.850187266,0.696969697,0.6919854836521503,0.6969696969696969,0.6899443275706153
0,entropy,5,14,0.33,606,0.7815230961298377,0.696969697,0.6974789915966385,0.6969696969696969,0.6954482464556019
0,entropy,5,5,sqrt,459,0.7490636704119851,0.696969697,0.711950452,0.6969696969696969,0.7007671290458175
0,entropy,11,11,0.33,468,0.787765293,0.696969697,0.6954486919007214,0.6969696969696969,0.6951814099938151
0,gini,12,9,log2,495,0.7553058676654182,0.693939394,0.6883144562172695,0.693939394,0.6888466139190337
0,gini,12,9,log2,495,0.7553058676654182,0.693939394,0.6883144562172695,0.693939394,0.6888466139190337
0,gini,15,10,log2,427,0.7428214731585518,0.693939394,0.6907861858544412,0.6939393939393939,0.683200114
0,gini,10,12,log2,502,0.7403245942571786,0.693939394,0.6982744948774067,0.693939394,0.693456948
0,gini,10,12,log2,502,0.7403245942571786,0.693939394,0.6982744948774067,0.693939394,0.693456948
0,entropy,11,9,sqrt,412,0.7515605493133583,0.693939394,0.6926028882260239,0.6939393939393939,0.693151649
0,gini,4,1,log2,764,0.7328339575530587,0.693939394,0.6837012338818397,0.693939394,0.6860375075620085
0,gini,2,6,log2,758,0.6803995006242197,0.693939394,0.6934319430527337,0.693939394,0.6913813139019119
0,gini,10,1,log2,639,0.8539325842696629,0.693939394,0.7011404621319238,0.693939394,0.6963643082064136
0,gini,5,4,sqrt,558,0.7740324594257179,0.693939394,0.7125150392790583,0.693939394,0.6982521022031164
0,gini,5,4,sqrt,558,0.7740324594257179,0.693939394,0.7125150392790583,0.693939394,0.6982521022031164
0,gini,11,12,log2,605,0.7815230961298377,0.693939394,0.7004913445515175,0.693939394,0.6963786196896361
0,gini,15,2,sqrt,414,0.8039950062421972,0.693939394,0.6953851996884408,0.693939394,0.6903116197314443
0,entropy,7,11,sqrt,432,0.7365792759051186,0.693939394,0.6977213413495272,0.693939394,0.6948922856887458
0,entropy,5,1,log2,618,0.7515605493133583,0.693939394,0.7133271988344453,0.693939394,0.6967903129191927
0,gini,2,14,log2,464,0.6766541822721598,0.693939394,0.7062373876352962,0.693939394,0.6837962350830527
0,gini,2,14,log2,464,0.6766541822721598,0.693939394,0.7062373876352962,0.693939394,0.6837962350830527
0,gini,2,2,0.33,583,0.6991260923845194,0.693939394,0.7510503783353245,0.693939394,0.6962728534665098
0,gini,2,2,0.33,583,0.6991260923845194,0.693939394,0.7510503783353245,0.693939394,0.6962728534665098
0,gini,12,10,sqrt,681,0.7902621722846442,0.693939394,0.6951788898193625,0.693939394,0.6940543318510998
0,gini,12,10,sqrt,681,0.7902621722846442,0.693939394,0.6951788898193625,0.693939394,0.6940543318510998
0,gini,15,8,log2,414,0.7415730337078652,0.693939394,0.6929272887606222,0.693939394,0.6933971502778843
0,gini,15,8,log2,414,0.7415730337078652,0.693939394,0.6929272887606222,0.693939394,0.6933971502778843
0,gini,1,14,0.33,725,0.5855181023720349,0.603030303,0.4224390243902439,0.603030303,0.48960936620511086
0,entropy,1,10,0.33,735,0.5855181023720349,0.603030303,0.4224390243902439,0.603030303,0.48960936620511086
0,entropy,1,2,log2,695,0.5855181023720349,0.603030303,0.4224390243902439,0.603030303,0.48960936620511086
0,gini,3,4,log2,667,0.6541822721598003,0.603030303,0.6434208268999828,0.603030303,0.5979699843590406
0,gini,3,4,log2,667,0.6541822721598003,0.603030303,0.6434208268999828,0.603030303,0.5979699843590406
0,gini,1,5,0.33,674,0.5855181023720349,0.603030303,0.4224390243902439,0.603030303,0.48960936620511086
0,entropy,1,7,sqrt,514,0.5855181023720349,0.603030303,0.4224390243902439,0.603030303,0.48960936620511086
0,entropy,1,7,sqrt,514,0.5855181023720349,0.603030303,0.4224390243902439,0.603030303,0.48960936620511086
0,entropy,1,10,0.33,673,0.5855181023720349,0.603030303,0.4224390243902439,0.603030303,0.48960936620511086
0,gini,1,13,log2,433,0.5855181023720349,0.603030303,0.4224390243902439,0.603030303,0.48960936620511086
0,gini,1,13,log2,433,0.5855181023720349,0.603030303,0.4224390243902439,0.603030303,0.48960936620511086
0,entropy,1,14,0.33,415,0.5855181023720349,0.603030303,0.4224390243902439,0.603030303,0.48960936620511086
0,entropy,2,2,0.33,444,0.6154806491885143,0.603030303,0.5988377698437807,0.603030303,0.6006764894844352
0,entropy,1,1,0.33,718,0.5855181023720349,0.603030303,0.4224390243902439,0.603030303,0.48960936620511086
0,gini,3,2,log2,530,0.6279650436953808,0.603030303,0.6208456466197267,0.603030303,0.6082370231643569
0,entropy,1,2,sqrt,747,0.5855181023720349,0.603030303,0.4224390243902439,0.603030303,0.48960936620511086
0,entropy,1,2,sqrt,747,0.5855181023720349,0.603030303,0.4224390243902439,0.603030303,0.48960936620511086
0,entropy,1,4,0.33,654,0.5855181023720349,0.603030303,0.4224390243902439,0.603030303,0.48960936620511086
0,entropy,1,4,0.33,654,0.5855181023720349,0.603030303,0.4224390243902439,0.603030303,0.48960936620511086
0,gini,1,12,sqrt,474,0.5855181023720349,0.603030303,0.4224390243902439,0.603030303,0.48960936620511086
0,gini,1,12,sqrt,474,0.5855181023720349,0.603030303,0.4224390243902439,0.603030303,0.48960936620511086
0,gini,1,12,sqrt,755,0.5855181023720349,0.603030303,0.4224390243902439,0.603030303,0.48960936620511086
0,entropy,1,3,sqrt,627,0.5855181023720349,0.603030303,0.4224390243902439,0.603030303,0.48960936620511086
0,entropy,2,7,log2,414,0.5905118601747815,0.603030303,0.6152882977028534,0.603030303,0.6014428723904074
0,gini,1,12,0.33,787,0.5855181023720349,0.603030303,0.4224390243902439,0.603030303,0.48960936620511086
0,gini,1,14,0.33,642,0.5855181023720349,0.603030303,0.4224390243902439,0.603030303,0.48960936620511086
0,entropy,1,13,log2,753,0.5855181023720349,0.603030303,0.4224390243902439,0.603030303,0.48960936620511086
0,entropy,1,13,log2,753,0.5855181023720349,0.603030303,0.4224390243902439,0.603030303,0.48960936620511086
0,gini,1,7,0.33,650,0.5855181023720349,0.603030303,0.4224390243902439,0.603030303,0.48960936620511086
0,gini,1,7,0.33,650,0.5855181023720349,0.603030303,0.4224390243902439,0.603030303,0.48960936620511086
0,gini,1,6,0.33,405,0.5855181023720349,0.603030303,0.4224390243902439,0.603030303,0.48960936620511086
0,entropy,1,10,0.33,553,0.5855181023720349,0.603030303,0.4224390243902439,0.603030303,0.48960936620511086
0,gini,1,5,0.33,656,0.5855181023720349,0.603030303,0.4224390243902439,0.603030303,0.48960936620511086
0,gini,1,5,0.33,656,0.5855181023720349,0.603030303,0.4224390243902439,0.603030303,0.48960936620511086
0,entropy,1,4,log2,627,0.5855181023720349,0.603030303,0.4224390243902439,0.603030303,0.48960936620511086
0,entropy,1,4,log2,627,0.5855181023720349,0.603030303,0.4224390243902439,0.603030303,0.48960936620511086
0,gini,1,5,0.33,429,0.5855181023720349,0.603030303,0.4224390243902439,0.603030303,0.48960936620511086
0,entropy,1,8,0.33,576,0.5855181023720349,0.603030303,0.4224390243902439,0.603030303,0.48960936620511086
0,entropy,1,8,0.33,576,0.5855181023720349,0.603030303,0.4224390243902439,0.603030303,0.48960936620511086
0,gini,1,13,0.33,664,0.5855181023720349,0.603030303,0.4224390243902439,0.603030303,0.48960936620511086
0,gini,1,13,0.33,664,0.5855181023720349,0.603030303,0.4224390243902439,0.603030303,0.48960936620511086
0,entropy,2,1,log2,645,0.6079900124843945,0.6,0.4037037037037037,0.6,0.4816976127320955
0,entropy,3,1,log2,724,0.661672909,0.6,0.6185310875750641,0.6,0.581988677
0,gini,2,5,sqrt,722,0.6292134831460674,0.6,0.6467092578203689,0.6000000000000001,0.6079174093879977
0,gini,2,5,sqrt,722,0.6292134831460674,0.6,0.6467092578203689,0.6000000000000001,0.6079174093879977
0,entropy,2,9,0.33,557,0.6329588014981273,0.593939394,0.7256873028931853,0.5939393939393939,0.5809113144018804
0,entropy,2,2,log2,611,0.6204744069912609,0.593939394,0.6040439144046914,0.5939393939393939,0.5890592220490021
0,gini,2,3,log2,611,0.6204744069912609,0.593939394,0.6040439144046914,0.5939393939393939,0.5890592220490021
0,entropy,1,4,sqrt,601,0.5205992509363296,0.503030303,0.38735177865612647,0.503030303,0.40166369578134287
0,entropy,1,4,sqrt,601,0.5205992509363296,0.503030303,0.38735177865612647,0.503030303,0.40166369578134287
0,gini,1,8,sqrt,696,0.5205992509363296,0.503030303,0.38735177865612647,0.503030303,0.40166369578134287
0,gini,1,8,sqrt,696,0.5205992509363296,0.503030303,0.38735177865612647,0.503030303,0.40166369578134287
