unique_id,painting,emotional_intensity,evokes_sombre,evokes_content,evokes_calm,evokes_uneasy,prominent_colour_count,prominent_object_count,place_bedroom,place_office,place_living_room,place_dining_room,view_friends,view_family,view_coworkers,view_by_yourself,like_fall,like_winter,like_spring,like_summer,monetary_value,text_clock_feels,text_clock_food,text_clock_music,text_starry_feels,text_starry_food,text_starry_music,text_lilies_feels,text_lilies_food,text_lilies_music
1,The Persistence of Memory,0,0,0,0,0,5,0,0,0,0,0,0,0,0,0,0,0,0,0,0.0,0.0,0.0,0.0,0.0,0.0,0.0,0.0,0.0,0.0
2,The Persistence of Memory,5,4,3,2,1,2,4,1,0,0,0,0,0,0,1,1,0,0,0,0.0,0.08861164427383235,0.004459308807134894,0.005769230769230769,0.007447864945382323,0.0011560693641618498,0.000441306266548985,0.003569607343192249,0.0011682242990654205,0.002152389151958674
3,The Persistence of Memory,7,4,1,1,4,4,3,1,0,0,1,0,0,1,1,1,0,0,0,5.0,0.08861164427383238,0.0011148272017837235,0.02,0.011420059582919563,0.0,0.006619593998234775,0.00815910249872514,0.0,0.008179078777442962
5,The Persistence of Memory,7,3,4,5,3,4,6,0,0,1,0,1,0,0,0,0,0,1,1,300.0,0.027191298784388994,0.013377926421404684,0.065,0.013902681231380337,0.017341040462427744,0.02824360105913504,0.0071392146863844975,0.005841121495327103,0.017649591046061126
6,The Persistence of Memory,7,4,2,1,5,5,6,0,1,1,0,1,1,0,1,1,0,0,1,90000.0,0.04030710172744721,0.0011148272017837235,0.010769230769230769,0.034756703078450836,0.0,0.003089143865842895,0.03161652218255992,0.0,0.0008609556607834697
10,The Persistence of Memory,10,5,3,1,5,3,5,0,0,1,0,1,1,0,1,1,0,0,0,100000000.0,0.1289187460012796,0.0033444816053511705,0.07846153846153846,0.024329692154915594,0.0023121387283236996,0.029567519858781997,0.003059663437021928,0.0011682242990654205,0.018941024537236333
11,The Persistence of Memory,7,4,2,4,3,3,5,0,1,0,1,0,0,0,1,1,0,0,0,400.0,0.15323096609085088,0.060200668896321065,0.11884615384615388,0.0451837140019861,0.015028901734104046,0.062224183583406895,0.04028556858745538,0.010514018691588784,0.05940594059405941
13,The Persistence of Memory,7,5,1,2,5,7,8,0,1,0,0,1,1,0,1,1,0,0,0,5.0,0.208893154190659,0.011148272017837236,0.00923076923076923,0.030784508440913603,0.025433526011560695,0.00176522506619594,0.020907700152983176,0.02570093457943925,0.0034438226431338786
14,The Persistence of Memory,6,4,3,4,4,5,3,0,0,1,1,1,0,0,1,1,0,0,1,100000.0,0.09053103007037748,0.004459308807134894,0.07807692307692311,0.011916583912611717,0.0011560693641618498,0.032656663724624904,0.00815910249872514,0.0,0.02023245802841154
15,The Persistence of Memory,3,4,3,4,1,3,5,0,1,0,0,0,0,0,1,0,0,0,1,5000.0,0.18969929622520793,0.006688963210702342,0.056153846153846165,0.03227408142999007,0.0011560693641618498,0.03883495145631068,0.02804691483936767,0.0011682242990654205,0.039603960396039604
17,The Persistence of Memory,8,4,2,2,4,5,6,0,1,0,0,0,0,0,1,0,0,0,1,50.0,0.090850927703135,0.03901895206243032,0.07461538461538461,0.006454816285998013,0.012716763005780347,0.03618711385701677,0.00407955124936257,0.02453271028037383,0.028411536805854502
19,The Persistence of Memory,3,4,1,1,4,3,6,0,0,0,1,0,0,0,1,0,1,0,0,100.0,0.007357645553422904,0.0379041248606466,0.05269230769230769,0.003972194637537239,0.005780346820809248,0.02118270079435128,0.0005099439061703213,0.009345794392523364,0.015066724063710719
21,The Persistence of Memory,7,4,2,1,4,5,3,0,0,1,0,1,0,0,0,0,1,0,0,50.0,0.30198336532309666,0.026755852842809364,0.08576923076923076,0.05461767626613705,0.006936416184971098,0.041482789055604596,0.03416624171341152,0.010514018691588784,0.03874300473525613
22,The Persistence of Memory,5,4,2,3,4,8,9,0,0,0,0,1,0,0,0,0,1,0,0,50.0,0.18969929622520793,0.0011148272017837235,0.07538461538461538,0.08192651439920558,0.0,0.03574580759046779,0.09026007139214685,0.0,0.03486870426173052
25,The Persistence of Memory,7,4,2,2,4,4,7,1,0,0,0,0,0,0,1,1,0,0,0,150.0,0.07677543186180423,0.0033444816053511705,0.006923076923076923,0.007447864945382323,0.0,0.001323918799646955,0.015298317185109638,0.0,0.0
26,The Persistence of Memory,4,5,2,2,4,3,8,1,1,1,0,1,1,0,0,1,0,0,1,100.0,0.08029430582213692,0.005574136008918618,0.05307692307692308,0.004965243296921549,0.0023121387283236996,0.021624007060900268,0.0015298317185109638,0.0011682242990654205,0.015497201894102454
28,The Persistence of Memory,6,4,3,2,4,7,8,0,1,1,0,0,0,0,1,0,0,0,1,50.0,0.005118362124120281,0.008918617614269788,0.015769230769230768,0.0014895729890764648,0.005780346820809248,0.014563106796116505,0.0005099439061703213,0.018691588785046728,0.006887645286267757
30,The Persistence of Memory,10,5,1,1,5,2,3,0,0,0,1,0,0,0,1,1,0,0,0,300.0,0.20441458733205375,0.004459308807134894,0.10153846153846158,0.046176762661370406,0.003468208092485549,0.0684024713150927,0.03722590515043346,0.0,0.061558329746018076
31,The Persistence of Memory,5,3,2,3,4,5,3,1,0,0,0,0,0,0,1,1,0,0,0,1.0,0.025911708253358926,0.004459308807134894,0.07884615384615384,0.007944389275074478,0.0011560693641618498,0.050308914386584296,0.0010198878123406426,0.0035046728971962616,0.03874300473525613
32,The Persistence of Memory,4,4,2,2,4,5,9,0,1,0,0,0,0,0,1,0,0,0,1,20.0,0.0,0.0033444816053511705,0.0026923076923076926,0.0,0.008092485549132947,0.00088261253309797,0.0,0.002336448598130841,0.00043047783039173483
33,The Persistence of Memory,8,5,2,2,3,3,4,0,1,0,0,1,0,0,1,1,1,0,0,50.0,0.008637236084452975,0.011148272017837236,0.0038461538461538464,0.007944389275074478,0.025433526011560695,0.001323918799646955,0.008669046404895462,0.02570093457943925,0.0017219113215669393
34,The Persistence of Memory,7,3,1,4,4,5,5,0,1,0,0,0,0,0,1,0,1,0,0,500.0,0.4027511196417149,0.030100334448160536,0.0003846153846153846,0.048659384309831175,0.006936416184971098,0.0,0.03416624171341153,0.005841121495327103,0.0
35,The Persistence of Memory,1,5,1,3,4,3,5,0,1,0,0,0,1,0,1,1,0,0,0,3.14,0.09852847088931543,0.006688963210702341,0.007307692307692308,0.01936444885799404,0.009248554913294798,0.001323918799646955,0.011728709841917389,0.0011682242990654205,0.0012914334911752045
36,The Persistence of Memory,7,5,2,3,4,4,4,0,1,0,0,0,0,0,1,1,0,0,0,888.0,0.01215611004478567,0.002229654403567447,0.06423076923076924,0.004468718967229395,0.0,0.027802294792586058,0.002039775624681285,0.0,0.024106758501937147
37,The Persistence of Memory,8,4,2,5,4,5,2,0,1,0,0,1,1,1,1,0,0,0,1,20.0,0.10268714011516315,0.006688963210702341,0.12269230769230774,0.013902681231380337,0.009248554913294798,0.05957634598411301,0.00407955124936257,0.0011682242990654205,0.05596211795092552
38,The Persistence of Memory,8,4,2,1,5,6,4,1,0,0,0,1,1,0,0,1,0,0,0,1000.0,0.02111324376199616,0.005574136008918618,0.018846153846153846,0.01638530287984111,0.0,0.0035304501323918797,0.00866904640489546,0.0011682242990654205,0.002152389151958674
40,The Persistence of Memory,5,2,1,1,4,3,3,0,1,0,0,0,0,0,1,1,0,0,0,10000.0,0.045745361484325016,0.12709030100334448,0.04153846153846154,0.05759682224428997,0.10751445086705201,0.0617828773168579,0.0479347271800102,0.012850467289719626,0.053379250968575126
41,The Persistence of Memory,8,4,1,4,5,6,5,0,1,1,0,0,0,0,1,1,0,0,1,15000.0,0.16090850927703135,0.03121516164994426,0.09384615384615386,0.03922542204568023,0.006936416184971098,0.046337157987643436,0.0382457929627741,0.005841121495327103,0.0271201033146793
42,The Persistence of Memory,8,5,2,2,4,4,5,0,1,1,0,0,0,0,1,1,1,0,0,100000.0,0.010236724248240563,0.06354515050167224,0.01769230769230769,0.0,0.015028901734104046,0.011032656663724624,0.0,0.016355140186915886,0.017219113215669393
43,The Persistence of Memory,4,2,1,4,3,4,4,0,1,0,0,0,0,1,0,0,1,0,0,400.0,0.010236724248240563,0.013377926421404684,0.03038461538461539,0.004965243296921549,0.017341040462427744,0.013239187996469552,0.001529831718510964,0.005841121495327103,0.01162290142057684
44,The Persistence of Memory,8,3,1,2,5,4,5,0,0,0,0,0,1,0,1,0,0,0,1,50.0,0.14011516314779268,0.024526198439241916,0.021153846153846155,0.02333664349553128,0.027745664739884393,0.018976169461606355,0.018357980622131568,0.003504672897196261,0.015497201894102454
45,The Persistence of Memory,7,3,4,2,4,5,7,0,1,0,0,0,0,1,0,1,0,0,0,20.0,0.09852847088931542,0.045707915273132664,0.04038461538461539,0.02333664349553128,0.010404624277456646,0.050308914386584296,0.01274859765425803,0.004672897196261682,0.034868704261730527
46,The Persistence of Memory,6,4,3,4,4,5,7,0,1,0,0,0,0,0,1,1,0,0,1,0.0,0.09053103007037748,0.017837235228539576,0.05153846153846154,0.007944389275074478,0.021965317919075144,0.045895851721094436,0.00407955124936257,0.0011682242990654205,0.04003443822643134
48,The Persistence of Memory,7,5,2,5,5,4,5,0,0,1,0,0,1,0,1,1,0,0,0,1000.0,0.034548944337811895,0.002229654403567447,0.04692307692307693,0.009930486593843098,0.0011560693641618498,0.012797881729920565,0.0035696073431922487,0.0,0.005596211795092553
49,The Persistence of Memory,8,4,2,4,4,9,5,0,1,1,0,0,0,0,1,1,0,0,0,20.0,0.3227767114523354,0.005574136008918618,0.08807692307692311,0.07149950347567031,0.0023121387283236996,0.04545454545454546,0.04487506374298827,0.0,0.041325871717606544
50,The Persistence of Memory,6,4,2,2,4,4,5,0,0,1,0,0,0,0,1,1,0,0,0,200000000.0,0.024632117722328855,0.026755852842809364,0.01346153846153846,0.010427010923535252,0.006936416184971098,0.003089143865842895,0.0005099439061703213,0.010514018691588784,0.00043047783039173483
51,The Persistence of Memory,6,4,3,2,4,4,4,1,0,0,0,0,0,0,1,0,0,0,1,0.0,0.31797824696097254,0.0011148272017837235,0.04038461538461538,0.0461767626613704,0.0,0.04677846425419241,0.035696073431922486,0.0,0.03616013775290573
52,The Persistence of Memory,5,3,2,2,4,4,4,1,0,0,0,0,0,1,0,0,1,0,0,3.0,0.0006397952655150352,0.0011148272017837235,0.06538461538461539,0.0,0.0011560693641618498,0.03795233892321271,0.0,0.0011682242990654205,0.034868704261730527
53,The Persistence of Memory,5,2,2,2,4,4,5,1,0,0,0,1,0,0,0,0,1,0,0,25.0,0.005118362124120281,0.026755852842809364,0.025384615384615387,0.05312810327706058,0.006936416184971098,0.043689320388349516,0.06425293217746048,0.010514018691588784,0.041325871717606544
54,The Persistence of Memory,7,3,3,4,4,8,7,0,1,0,0,0,0,0,1,0,0,1,0,1000.0,0.02079334612923864,0.03567447045707915,0.06192307692307692,0.003972194637537239,0.006936416184971098,0.029126213592233014,0.005099439061703213,0.005841121495327103,0.024537236332328884
56,The Persistence of Memory,9,4,2,2,4,4,7,0,1,0,0,0,0,0,1,0,0,0,1,3500000.0,0.19961612284069097,0.026755852842809368,0.05769230769230769,0.030784508440913606,0.03583815028901734,0.02383053839364519,0.006119326874043855,0.008177570093457943,0.01764959104606113
58,The Persistence of Memory,6,4,3,2,5,6,5,1,1,1,1,0,1,0,1,1,0,0,0,3000.0,0.06717850287907869,0.005574136008918618,0.0019230769230769232,0.03922542204568024,0.0011560693641618498,0.00088261253309797,0.03824579296277409,0.0011682242990654205,0.0008609556607834697
59,The Persistence of Memory,7,5,3,2,5,4,6,0,0,1,0,0,0,0,1,0,1,0,0,10000000.0,0.1781829814459373,0.002229654403567447,0.026153846153846156,0.0695134061569017,0.0023121387283236996,0.02162400706090027,0.07139214686384497,0.0011682242990654205,0.02927249246663797
61,The Persistence of Memory,7,4,1,1,5,4,5,0,1,1,0,1,0,0,1,1,1,0,0,10000.0,0.11132437619961612,0.007803790412486065,0.0034615384615384616,0.014399205561072492,0.013872832369942197,0.0,0.011218765935747067,0.002336448598130841,0.0
63,The Persistence of Memory,7,4,2,2,5,7,4,0,1,0,1,0,0,0,1,1,0,0,0,80000.0,0.01215611004478567,0.03901895206243032,0.0726923076923077,0.0014895729890764646,0.048554913294797684,0.053839364518976175,0.0,0.009345794392523364,0.04132587171760654
64,The Persistence of Memory,5,5,2,2,4,3,6,0,0,0,0,0,1,0,1,1,0,0,0,200.0,0.07869481765834932,0.0011148272017837235,0.0019230769230769232,0.004965243296921549,0.0,0.010591350397175639,0.0015298317185109638,0.0,0.004735256134309083
65,The Persistence of Memory,4,2,2,3,2,5,4,0,0,1,0,0,0,0,1,1,0,0,0,10.0,0.15642994241842617,0.002229654403567447,0.10230769230769231,0.04667328699106255,0.0011560693641618498,0.04501323918799648,0.035186129525752154,0.004672897196261682,0.04476969436074042
66,The Persistence of Memory,3,4,1,2,4,12,6,1,0,0,0,0,0,0,1,0,1,0,0,0.0,0.08029430582213692,0.008918617614269788,0.04961538461538462,0.005958291956305859,0.004624277456647399,0.08120035304501325,0.002039775624681285,0.0011682242990654205,0.06500215238915195
67,The Persistence of Memory,8,5,1,3,4,3,6,0,0,1,0,1,0,0,1,1,0,0,0,500.0,0.15483045425463854,0.042363433667781496,0.0696153846153846,0.009930486593843098,0.006936416184971098,0.04324801412180053,0.0035696073431922487,0.009345794392523364,0.02582866982350409
68,The Persistence of Memory,8,4,1,3,4,5,7,0,1,0,0,0,0,0,1,1,0,0,0,2000.0,0.09085092770313498,0.004459308807134894,0.02961538461538462,0.03227408142999007,0.0,0.00970873786407767,0.03569607343192249,0.0011682242990654205,0.007318123116659492
69,The Persistence of Memory,8,5,2,2,5,4,4,0,0,1,0,1,0,0,0,1,0,0,0,6000000.0,0.3160588611644274,0.024526198439241916,0.11230769230769232,0.044687189672293945,0.03005780346820809,0.059135039717564,0.01937786843447221,0.0011682242990654205,0.06112785191562635
71,The Persistence of Memory,6,4,2,3,5,4,6,0,1,1,0,0,0,0,1,0,0,0,1,10.0,0.030070377479206656,0.002229654403567447,0.04807692307692307,0.015888778550148957,0.0011560693641618498,0.059135039717563995,0.007649158592554819,0.002336448598130841,0.04175634954799828
72,The Persistence of Memory,8,2,4,5,2,4,5,1,0,1,1,1,1,0,1,0,0,1,1,1000.0,0.005118362124120281,0.004459308807134894,0.06461538461538462,0.004965243296921549,0.0,0.033539276257722864,0.011218765935747067,0.0,0.026259147653895823
73,The Persistence of Memory,5,5,1,1,4,7,7,1,1,1,1,1,1,1,0,1,0,0,0,10000000.0,0.0047984644913627635,0.03121516164994426,0.013461538461538462,0.006454816285998014,0.006936416184971098,0.0057369814651368044,0.007649158592554819,0.005841121495327103,0.002582866982350409
74,The Persistence of Memory,8,1,3,3,4,14,10,0,1,0,0,1,0,0,1,1,0,0,0,30000000.0,0.036468330134357005,0.01226309921962096,0.06384615384615384,0.016385302879841114,0.016184971098265895,0.026478375992939104,0.0025497195308516064,0.005841121495327103,0.02023245802841154
76,The Persistence of Memory,9,5,1,3,4,4,4,0,0,1,0,1,0,1,0,1,0,0,0,10000.0,0.0780550223928343,0.006688963210702342,0.026153846153846156,0.005461767626613704,0.0011560693641618498,0.008384819064430716,0.0015298317185109638,0.0,0.010331467929401636
77,The Persistence of Memory,7,4,2,4,4,4,4,1,0,0,0,0,0,0,1,1,0,0,0,15.0,0.0012795905310300703,0.0033444816053511705,0.022307692307692306,0.008440913604766634,0.009248554913294798,0.04060017652250662,0.025497195308516064,0.008177570093457943,0.040895393887214804
78,The Persistence of Memory,7,4,2,4,4,5,9,0,1,0,0,0,0,0,1,0,1,0,0,10000.0,0.028790786948176574,0.030100334448160536,0.04384615384615386,0.026812313803376366,0.006936416184971098,0.022065313327449255,0.018867924528301886,0.005841121495327103,0.022815325010761948
79,The Persistence of Memory,7,3,3,4,4,3,5,0,1,0,0,0,0,0,1,1,0,0,0,1000000.0,0.07997440818937941,0.004459308807134894,0.0726923076923077,0.007944389275074478,0.005780346820809248,0.026919682259488095,0.0030596634370219276,0.0,0.01808006887645286
80,The Persistence of Memory,9,4,2,2,4,5,6,1,1,1,1,0,0,0,1,1,1,0,0,50.0,0.08029430582213691,0.002229654403567447,0.013076923076923076,0.012413108242303874,0.0,0.002206531332744925,0.010198878123406425,0.0,0.002152389151958674
81,The Persistence of Memory,6,4,2,3,4,3,5,0,1,1,0,0,0,0,1,0,0,0,1,200.0,0.016634676903390915,0.022296544035674472,0.06576923076923077,0.005958291956305858,0.02543352601156069,0.03574580759046779,0.005099439061703213,0.003504672897196261,0.02023245802841154
82,The Persistence of Memory,6,4,3,4,4,5,5,0,1,0,0,0,0,0,1,1,0,0,0,10.0,0.01599488163787588,0.005574136008918618,0.008846153846153846,0.012413108242303872,0.006936416184971098,0.0,0.010708822029576747,0.0,0.0
83,The Persistence of Memory,8,4,1,1,5,3,3,0,0,1,0,0,0,0,1,1,1,0,0,1000.0,0.07709532949456174,0.007803790412486065,0.00923076923076923,0.024826216484607748,0.013872832369942197,0.0057369814651368044,0.03212646608873024,0.002336448598130841,0.008609556607834697
84,The Persistence of Memory,5,3,2,2,3,2,5,0,0,1,0,1,0,0,0,1,0,0,0,100.0,0.09181062060140756,0.005574136008918618,0.07307692307692308,0.008937437934458788,0.0023121387283236996,0.040158870255957636,0.009178990311065782,0.0011682242990654205,0.036160137752905726
87,The Persistence of Memory,6,3,2,2,3,3,4,1,0,0,0,1,0,0,1,1,0,0,0,100.0,0.0003198976327575176,0.0011148272017837235,0.0011538461538461537,0.0,0.0,0.0,0.0,0.0,0.0
91,The Persistence of Memory,9,4,2,3,4,6,7,0,0,0,0,0,0,0,1,1,0,0,1,100000.0,0.09820857325655791,0.012263099219620958,0.0034615384615384616,0.021350546176762658,0.0011560693641618498,0.0,0.011728709841917389,0.002336448598130841,0.0
92,The Persistence of Memory,7,4,2,4,4,8,9,0,1,1,0,0,0,0,1,1,0,0,0,1000.0,0.007037747920665387,0.032329988851727984,0.016923076923076923,0.0019860973187686196,0.008092485549132947,0.00353045013239188,0.0,0.005841121495327103,0.0008609556607834697
93,The Persistence of Memory,9,5,4,1,5,3,3,0,1,0,0,0,0,0,1,0,0,1,0,0.0,0.0012795905310300703,0.002229654403567447,0.01076923076923077,0.0,0.0,0.007943512797881731,0.0,0.0011682242990654205,0.006026689625484288
94,The Persistence of Memory,6,4,2,3,4,5,5,0,1,0,0,0,0,0,1,1,0,0,0,250.0,0.017914267434420986,0.06577480490523968,0.004230769230769231,0.004965243296921549,0.015028901734104046,0.0,0.0,0.015186915887850466,0.0
95,The Persistence of Memory,7,2,1,2,4,8,4,1,0,0,0,1,1,0,0,0,0,0,1,20.0,0.037108125399872044,0.023411371237458196,0.12038461538461541,0.035253227408143,0.021965317919075144,0.06663724624889675,0.027536970933197347,0.010514018691588784,0.05639259578131726
96,The Persistence of Memory,8,5,1,2,4,4,3,0,1,1,0,0,0,0,1,1,1,0,0,250000.0,0.015355086372360847,0.008918617614269788,0.04653846153846154,0.06951340615690169,0.005780346820809248,0.05516328331862313,0.07904130545639979,0.018691588785046728,0.037882049074472665
97,The Persistence of Memory,7,4,2,2,4,6,4,0,1,0,0,0,0,0,1,0,0,0,1,100.0,0.004158669225847729,0.0011148272017837235,0.004230769230769231,0.0,0.0,0.0057369814651368044,0.0,0.0011682242990654205,0.0038743004735256135
98,The Persistence of Memory,8,5,3,4,4,5,6,0,1,0,0,0,0,0,1,0,0,0,1,15.0,0.009916826615483045,0.0033444816053511705,0.0026923076923076926,0.0029791459781529296,0.0011560693641618498,0.000441306266548985,0.005099439061703213,0.0,0.007318123116659492
99,The Persistence of Memory,8,5,1,2,5,4,4,0,0,1,0,0,0,0,1,1,1,0,0,50.0,0.13275751759436982,0.0011148272017837235,0.027692307692307693,0.027308838133068523,0.0011560693641618498,0.04236540158870256,0.009688934217236104,0.0011682242990654205,0.037882049074472665
101,The Persistence of Memory,4,4,3,4,2,6,8,0,0,1,0,0,0,0,1,1,0,0,0,1000000.0,0.0028790786948176585,0.042363433667781496,0.05384615384615385,0.0,0.011560693641618497,0.02118270079435128,0.0,0.009345794392523364,0.015066724063710719
102,The Persistence of Memory,8,5,2,3,4,8,7,0,1,0,0,1,0,0,1,0,0,0,1,10000.0,0.08253358925143954,0.042363433667781496,0.08269230769230769,0.007944389275074478,0.005780346820809248,0.05869373345101501,0.0025497195308516064,0.009345794392523364,0.04433921653034868
104,The Persistence of Memory,3,3,4,5,2,7,7,0,0,1,1,0,0,0,1,0,0,0,1,100.0,0.015355086372360846,0.0011148272017837235,0.0034615384615384616,0.02333664349553128,0.0,0.007943512797881731,0.021417644059153494,0.0,0.0185105467068446
105,The Persistence of Memory,3,3,4,2,4,4,4,0,1,0,0,1,0,0,0,1,0,0,0,1000000.0,0.002879078694817658,0.004459308807134894,0.037307692307692306,0.0029791459781529296,0.0,0.07105030891438659,0.001529831718510964,0.0011682242990654205,0.06629358588032716
107,The Persistence of Memory,8,4,2,2,5,5,4,0,1,0,0,0,0,0,1,1,0,0,0,100000.0,0.02559181062060141,0.0379041248606466,0.011538461538461539,0.013406156901688181,0.005780346820809248,0.007502206531332745,0.007649158592554819,0.009345794392523364,0.0012914334911752045
108,The Persistence of Memory,6,2,3,3,4,7,4,0,1,0,0,0,0,0,1,0,0,0,1,150.0,0.04638515674984006,0.004459308807134894,0.11653846153846155,0.02929493545183714,0.0,0.08737864077669906,0.016318204997450278,0.0035046728971962616,0.07318123116659492
109,The Persistence of Memory,9,4,2,2,5,5,7,0,0,1,1,1,0,0,0,1,0,0,0,5000.0,0.0003198976327575176,0.0011148272017837235,0.05653846153846154,0.0,0.0,0.021624007060900268,0.0,0.0,0.015497201894102454
110,The Persistence of Memory,9,5,2,4,3,3,3,0,0,1,1,0,0,0,1,1,0,0,0,200.0,0.09884836852207296,0.0011148272017837235,0.019230769230769232,0.014399205561072496,0.0023121387283236996,0.02162400706090026,0.010708822029576747,0.0011682242990654205,0.03314679294016358
112,The Persistence of Memory,5,4,3,4,2,2,1,0,0,1,0,1,0,0,0,1,0,0,0,0.0,0.11804222648752397,0.013377926421404682,0.07153846153846154,0.028798411122144988,0.008092485549132947,0.048984995586937335,0.021927587965323816,0.01985981308411215,0.0383125269048644
114,The Persistence of Memory,7,4,1,2,4,6,5,0,1,0,0,0,0,0,0,1,0,0,0,50.0,0.0003198976327575176,0.026755852842809364,0.0015384615384615385,0.0,0.006936416184971098,0.001323918799646955,0.0,0.010514018691588784,0.01248385708136031
117,The Persistence of Memory,7,5,2,3,4,5,6,1,0,0,0,0,0,0,1,0,0,1,0,0.0,0.010556621880998082,0.03121516164994426,0.07615384615384617,0.011420059582919563,0.038150289017341035,0.02912621359223301,0.004589495155532891,0.011682242990654203,0.02367628067154541
118,The Persistence of Memory,6,4,2,2,5,4,5,1,0,0,0,0,0,0,0,1,0,0,0,50.0,0.0873320537428023,0.025641025641025644,0.025769230769230777,0.08887785501489574,0.003468208092485549,0.014563106796116504,0.09178990311065782,0.0,0.015497201894102454
122,The Persistence of Memory,8,5,2,4,5,5,8,1,0,1,0,0,0,1,1,0,1,0,0,5000.0,0.019513755598208574,0.0379041248606466,0.02807692307692308,0.006951340615690168,0.005780346820809248,0.03045013239187997,0.0,0.009345794392523364,0.018510546706844596
123,The Persistence of Memory,4,5,3,4,2,4,3,0,1,0,1,0,0,1,1,1,0,0,0,175.0,0.10012795905310301,0.026755852842809364,0.026923076923076925,0.014895729890764648,0.09132947976878612,0.00529567519858782,0.009178990311065784,0.036214953271028034,0.004304778303917348
124,The Persistence of Memory,8,5,2,3,4,6,6,1,0,1,0,1,0,1,1,0,0,1,1,25.0,0.0067178502879078695,0.026755852842809364,0.04846153846153846,0.003475670307845084,0.09132947976878612,0.07105030891438659,0.0005099439061703213,0.036214953271028034,0.07016788635385278
125,The Persistence of Memory,7,4,2,3,4,7,4,0,1,0,0,1,0,0,0,0,0,0,1,700.0,0.038707613563659635,0.008918617614269788,0.0003846153846153846,0.01787487586891758,0.005780346820809248,0.0,0.00407955124936257,0.018691588785046728,0.0
126,The Persistence of Memory,4,4,1,3,5,4,6,0,1,1,0,0,0,0,1,1,0,0,0,150.0,0.06909788867562379,0.004459308807134894,0.046923076923076935,0.041211519364448855,0.003468208092485549,0.04148278905560459,0.040285568587455384,0.0,0.03616013775290572
127,The Persistence of Memory,5,4,2,3,5,4,5,0,1,0,0,0,0,0,1,1,0,0,0,20.0,0.005118362124120281,0.017837235228539576,0.02884615384615385,0.0009930486593843098,0.021965317919075144,0.01897616946160636,0.001529831718510964,0.0011682242990654205,0.022815325010761944
130,The Persistence of Memory,8,4,2,1,5,6,3,1,0,0,0,0,0,0,1,0,0,1,0,30.0,0.0003198976327575176,0.002229654403567447,0.0015384615384615385,0.0009930486593843098,0.0,0.0,0.0,0.002336448598130841,0.0
131,The Persistence of Memory,8,4,1,1,5,3,5,0,1,0,0,0,1,0,0,1,0,0,0,0.0,0.11356365962891876,0.010033444816053512,0.011153846153846155,0.011916583912611717,0.020809248554913295,0.008384819064430716,0.0015298317185109638,0.007009345794392523,0.021093413689195005
132,The Persistence of Memory,7,4,2,5,2,3,4,0,0,0,0,1,1,1,1,1,1,0,0,800.0,0.014075495841330773,0.03678929765886288,0.0726923076923077,0.003972194637537239,0.006936416184971098,0.034863195057369824,0.006629270780214176,0.010514018691588784,0.030994403788204908
134,The Persistence of Memory,3,4,2,3,4,5,5,0,0,1,0,1,0,0,0,0,0,0,1,50.0,0.09341010876519512,0.0858416945373467,0.06115384615384617,0.06901688182720954,0.017341040462427744,0.06398940864960283,0.07343192248852626,0.018691588785046728,0.060697374085234616
135,The Persistence of Memory,7,4,2,3,5,5,6,1,0,0,0,1,1,0,0,1,1,0,0,50.0,0.04830454254638515,0.026755852842809364,0.07153846153846154,0.03972194637537239,0.09132947976878612,0.0410414827890556,0.025497195308516067,0.036214953271028034,0.03788204907447266
138,The Persistence of Memory,8,4,2,3,4,4,5,1,0,0,0,1,0,0,0,0,1,0,0,100.0,0.07901471529110686,0.006688963210702341,0.028846153846153848,0.004965243296921549,0.0023121387283236996,0.009267431597528686,0.0015298317185109638,0.0011682242990654205,0.013775290572535515
139,The Persistence of Memory,6,4,2,3,2,5,5,0,1,0,0,0,0,0,1,1,0,0,0,10.0,0.001599488163787588,0.004459308807134894,0.005384615384615384,0.0014895729890764648,0.0,0.003089143865842895,0.014788373278939317,0.0011682242990654205,0.0008609556607834697
140,The Persistence of Memory,8,5,2,3,3,9,9,0,1,1,1,1,1,1,1,1,1,0,0,200.0,0.10044785668586054,0.03567447045707915,0.005384615384615385,0.007944389275074478,0.006936416184971098,0.0052956751985878195,0.006119326874043856,0.005841121495327103,0.006026689625484288
141,The Persistence of Memory,8,5,1,2,5,8,9,1,0,0,0,0,1,0,0,1,1,0,0,10000000.0,0.1583493282149712,0.03901895206243032,0.02384615384615385,0.013406156901688183,0.005780346820809248,0.01500441306266549,0.018357980622131564,0.009345794392523364,0.0185105467068446
142,The Persistence of Memory,8,4,3,3,2,5,5,0,0,1,0,0,1,0,1,0,1,0,0,7000.0,0.03742802303262956,0.006688963210702341,0.07884615384615384,0.08242303872889774,0.0,0.05516328331862312,0.07394186639469656,0.0,0.04778303917348256
144,The Persistence of Memory,8,4,2,3,3,2,3,1,0,0,0,0,0,0,1,0,0,0,1,100.0,0.10012795905310301,0.013377926421404682,0.020769230769230772,0.1092353525322741,0.009248554913294798,0.03398058252427185,0.10810810810810811,0.0011682242990654205,0.02798105897546277
145,The Persistence of Memory,5,4,4,5,1,8,3,0,1,0,0,0,0,0,1,1,0,0,0,50.0,0.26071657069737686,0.02452619843924192,0.05692307692307694,0.027805362462760677,0.03583815028901734,0.03971756398940865,0.02141764405915349,0.009345794392523364,0.035299182092122246
146,The Persistence of Memory,3,3,4,5,4,6,6,1,0,1,1,1,0,0,1,1,0,0,0,5.0,0.42226487523992323,0.041248606465997775,0.05269230769230771,0.04270109235352533,0.006936416184971098,0.01588702559576346,0.024477307496175424,0.008177570093457943,0.015497201894102454
147,The Persistence of Memory,8,5,4,1,5,4,5,0,1,1,0,0,0,0,1,1,0,0,0,1500.0,0.007357645553422905,0.0033444816053511705,0.018846153846153842,0.0019860973187686196,0.0,0.01809355692850839,0.0,0.0,0.020232458028411535
149,The Persistence of Memory,6,4,2,2,3,4,3,0,1,0,1,1,0,0,1,1,0,0,1,30.0,0.0003198976327575176,0.03901895206243032,0.07615384615384616,0.0,0.008092485549132947,0.04060017652250662,0.0,0.009345794392523364,0.022815325010761944
151,The Persistence of Memory,8,4,2,2,4,4,4,0,0,0,1,0,0,1,0,0,1,0,0,35.0,0.2872680742162509,0.0011148272017837235,0.20307692307692293,0.07745779543197616,0.0,0.16593115622241839,0.04436511983681792,0.0,0.13990529487731382
154,The Persistence of Memory,8,4,3,2,4,3,7,1,0,0,0,0,0,0,1,1,0,0,0,5.0,0.0,0.0,0.0,0.0,0.0,0.0,0.0,0.0,0.0
155,The Persistence of Memory,6,2,3,4,2,5,5,0,1,0,0,0,0,1,0,0,0,0,1,10000.0,0.0,0.0,0.008076923076923077,0.0004965243296921549,0.0011560693641618498,0.00353045013239188,0.0,0.0,0.002152389151958674
157,The Persistence of Memory,7,4,2,2,4,4,7,0,1,0,0,0,0,0,1,0,1,0,0,50.0,0.005758157389635317,0.023411371237458192,0.0007692307692307692,0.07149950347567033,0.023121387283236997,0.009708737864077669,0.06833248342682305,0.002336448598130841,0.020232458028411532
159,The Persistence of Memory,6,4,2,3,4,3,4,0,1,0,0,0,0,0,1,0,0,1,0,5.0,0.0,0.0,0.0,0.0004965243296921549,0.013872832369942197,0.003089143865842895,0.0,0.0011682242990654205,0.00043047783039173483
160,The Persistence of Memory,7,5,1,2,5,4,5,0,0,1,0,1,0,0,1,1,0,0,0,100.0,0.005758157389635317,0.0,0.014230769230769229,0.01638530287984111,0.008092485549132947,0.019417475728155338,0.001529831718510964,0.002336448598130841,0.0064571674558760225
162,The Persistence of Memory,8,3,2,2,4,6,6,0,1,1,1,1,1,1,0,1,0,0,1,50.0,0.001599488163787588,0.01226309921962096,0.019615384615384614,0.018371400198609732,0.06358381502890173,0.03442188879082083,0.029576746557878633,0.005841121495327103,0.019371502367628066
163,The Persistence of Memory,4,2,2,3,4,5,4,0,1,1,0,1,0,0,1,0,0,0,1,30.0,0.018234165067178502,0.011148272017837236,0.019230769230769232,0.0849056603773585,0.016184971098265895,0.030891438658428954,0.08057113717491073,0.005841121495327103,0.028411536805854495
164,The Persistence of Memory,8,4,1,1,4,3,6,1,0,0,0,1,0,0,1,0,1,0,0,50000.0,0.003838771593090211,0.004459308807134894,0.07307692307692308,0.002979145978152929,0.024277456647398842,0.058252427184466035,0.0005099439061703213,0.009345794392523364,0.04261730520878175
165,The Persistence of Memory,7,4,2,2,5,4,6,1,1,0,0,0,0,0,1,1,1,0,0,10000.0,0.029430582213691617,0.0,0.033846153846153845,0.02333664349553128,0.003468208092485549,0.04677846425419241,0.009688934217236104,0.0011682242990654205,0.037882049074472665
166,The Persistence of Memory,5,3,4,4,2,4,5,1,0,0,0,0,0,0,1,1,0,0,0,20.0,0.004158669225847729,0.016722408026755856,0.013461538461538462,0.011420059582919563,0.020809248554913295,0.010591350397175639,0.0035696073431922487,0.018691588785046728,0.004735256134309083
167,The Persistence of Memory,9,5,1,2,5,7,6,0,1,0,0,0,0,0,1,0,1,0,0,0.0,0.045105566218809984,0.0011148272017837235,0.0826923076923077,0.05908639523336644,0.0023121387283236996,0.13327449249779344,0.04283528811830698,0.0,0.12785191562634524
168,The Persistence of Memory,9,5,2,3,5,5,5,0,1,0,0,1,0,0,1,0,1,0,0,5000.0,0.0012795905310300703,0.0011148272017837235,0.07307692307692308,0.013406156901688183,0.048554913294797684,0.053839364518976175,0.028046914839367672,0.0011682242990654205,0.03874300473525613
169,The Persistence of Memory,8,5,2,2,4,5,4,1,0,1,1,1,0,0,1,1,0,0,0,200000000.0,0.0067178502879078695,0.011148272017837236,0.023076923076923078,0.05809334657398212,0.07283236994219652,0.044571932921447496,0.06425293217746048,0.02570093457943925,0.04175634954799827
170,The Persistence of Memory,6,4,1,2,4,8,7,0,0,0,0,1,0,1,0,1,0,0,0,300.0,0.00799744081893794,0.0011148272017837235,0.03807692307692308,0.07994041708043695,0.004624277456647399,0.07766990291262135,0.11932687404385517,0.002336448598130841,0.06371071889797675
171,The Persistence of Memory,8,4,2,2,5,3,4,0,0,1,0,0,1,0,1,1,0,0,0,15.0,0.005758157389635317,0.021181716833890748,0.05307692307692308,0.019860973187686197,0.03468208092485549,0.026037069726390118,0.030086690464048955,0.008177570093457943,0.034438226431338786
172,The Persistence of Memory,9,4,2,4,2,4,3,0,1,1,0,0,0,0,1,1,0,0,0,10000.0,0.006397952655150352,0.0,0.031153846153846153,0.013902681231380339,0.0011560693641618498,0.05781112091791704,0.01733809280979092,0.0,0.04864399483426604
174,The Persistence of Memory,7,4,2,3,5,4,5,1,1,1,1,1,0,0,1,1,0,0,0,10000.0,0.023352527191298787,0.022296544035674472,0.003076923076923077,0.04865938430983118,0.04393063583815028,0.008826125330979701,0.021927587965323816,0.008177570093457943,0.002582866982350409
175,The Persistence of Memory,5,5,2,4,5,8,5,0,0,1,1,0,0,1,1,1,1,0,0,30.0,0.0019193857965451055,0.0,0.0015384615384615385,0.0029791459781529296,0.0011560693641618498,0.0052956751985878195,0.0035696073431922487,0.0,0.0008609556607834697
177,The Persistence of Memory,6,4,2,3,4,27,12,1,1,0,0,1,1,0,1,1,0,0,0,100.0,0.02111324376199616,0.016722408026755856,0.0003846153846153846,0.010427010923535254,0.020809248554913295,0.00088261253309797,0.0010198878123406426,0.018691588785046728,0.0
182,The Persistence of Memory,4,2,2,1,3,3,4,1,0,0,0,0,0,0,1,1,0,0,0,50.0,0.003838771593090211,0.004459308807134894,0.011153846153846153,0.01638530287984111,0.010404624277456647,0.01897616946160636,0.006629270780214177,0.0011682242990654205,0.015497201894102454
183,The Persistence of Memory,9,5,2,2,5,2,5,0,1,0,0,0,0,0,1,1,0,0,0,10.0,0.01215611004478567,0.03567447045707915,0.06576923076923077,0.03574975173783515,0.09710982658959537,0.118270079435128,0.010708822029576747,0.05490654205607476,0.08136030994403788
184,The Persistence of Memory,8,3,1,4,2,5,7,0,1,0,0,0,0,0,1,1,0,0,0,100000000.0,0.005118362124120281,0.02452619843924192,0.0,0.003475670307845084,0.06358381502890173,0.0,0.0005099439061703213,0.02570093457943925,0.0
185,The Persistence of Memory,6,4,1,3,4,4,3,0,0,0,1,0,0,0,0,0,0,1,0,100.0,0.002239283429302623,0.007803790412486065,0.02961538461538462,0.030784508440913606,0.017341040462427744,0.056928508384819075,0.030596634370219276,0.002336448598130841,0.054670684459750325
186,The Persistence of Memory,6,4,1,2,4,3,4,0,0,1,0,1,0,0,0,0,0,0,1,0.0,0.06909788867562382,0.004459308807134894,0.0,0.14299900695134068,0.015028901734104046,0.00264783759929391,0.13768485466598673,0.005841121495327103,0.0008609556607834697
187,The Persistence of Memory,7,4,2,4,4,3,5,0,1,1,0,1,0,1,0,1,0,0,0,0.0,0.02111324376199616,0.0033444816053511705,0.016153846153846154,0.021847070506454815,0.004624277456647399,0.020741394527802295,0.0056093829678735335,0.0,0.017649591046061126
188,The Persistence of Memory,8,4,5,5,3,3,1,0,0,1,0,0,1,0,1,1,0,0,1,20.0,0.007677543186180422,0.05128205128205128,0.007692307692307693,0.06256206554121152,0.12138728323699421,0.011032656663724626,0.07292197858235594,0.037383177570093455,0.01076194575979337
189,The Persistence of Memory,8,4,3,2,4,9,7,0,1,1,1,0,0,0,1,0,0,0,1,30.0,0.0003198976327575176,0.0,0.04538461538461539,0.014399205561072492,0.017341040462427744,0.06575463371579877,0.0,0.004672897196261682,0.04950495049504951
193,The Persistence of Memory,5,2,3,4,3,8,4,1,0,0,0,0,0,0,1,0,0,0,1,40.0,0.01759436980166347,0.005574136008918618,0.016538461538461537,0.03376365441906653,0.06242774566473988,0.03662842012356575,0.022437531871494134,0.005841121495327103,0.012914334911752045
194,The Persistence of Memory,8,5,3,1,3,3,5,1,0,0,0,0,0,0,1,0,0,0,1,100.0,0.003838771593090211,0.021181716833890748,0.0007692307692307692,0.0014895729890764648,0.03468208092485549,0.0048543689320388345,0.0010198878123406426,0.008177570093457943,0.0008609556607834697
195,The Persistence of Memory,8,3,2,2,4,8,8,0,0,0,1,0,0,0,1,0,1,0,0,100.0,0.0009596928982725527,0.024526198439241916,0.005,0.028301886792452827,0.03121387283236994,0.015887025595763462,0.005099439061703213,0.0011682242990654205,0.008179078777442962
200,The Persistence of Memory,8,4,3,4,2,5,4,0,1,1,0,0,0,0,1,0,0,0,1,0.0,0.0028790786948176585,0.0011148272017837235,0.0023076923076923075,0.009930486593843098,0.008092485549132947,0.00706090026478376,0.00866904640489546,0.0035046728971962616,0.005596211795092553
201,The Persistence of Memory,7,4,2,1,5,4,11,0,0,1,0,0,0,0,1,0,0,0,1,1000.0,0.005438259756877798,0.0,0.004615384615384615,0.02184707050645482,0.017341040462427744,0.024271844660194178,0.006119326874043855,0.004672897196261682,0.002582866982350409
206,The Persistence of Memory,9,5,3,4,5,3,7,0,0,0,0,0,0,0,1,1,0,0,0,100.0,0.005118362124120281,0.026755852842809364,0.02192307692307692,0.01092353525322741,0.09132947976878612,0.02691968225948809,0.0005099439061703213,0.036214953271028034,0.03142488161859665
207,The Persistence of Memory,7,4,3,5,4,4,5,0,0,1,1,0,1,1,0,0,1,0,1,75.0,0.039987204094689706,0.0379041248606466,0.07,0.14498510427010924,0.048554913294797684,0.05472197705207414,0.10657827638959709,0.009345794392523364,0.041325871717606544
209,The Persistence of Memory,4,5,3,3,3,3,3,0,1,0,0,0,0,0,1,0,1,0,0,22.0,0.0,0.007803790412486065,0.0003846153846153846,0.006454816285998014,0.015028901734104046,0.001323918799646955,0.0015298317185109638,0.002336448598130841,0.0
210,The Persistence of Memory,7,4,2,4,3,5,11,0,1,1,0,1,1,0,1,1,1,0,0,200.0,0.02527191298784389,0.0011148272017837235,0.0007692307692307692,0.013406156901688183,0.0011560693641618498,0.004854368932038835,0.0005099439061703213,0.0011682242990654205,0.0008609556607834697
211,The Persistence of Memory,8,3,4,5,2,3,8,0,1,0,1,1,0,1,1,0,0,0,1,5000000.0,0.0031989763275751763,0.0,0.008076923076923077,0.029791459781529295,0.0023121387283236996,0.016328331862312445,0.044875063742988275,0.016355140186915886,0.021093413689195012
212,The Persistence of Memory,6,3,2,2,3,4,7,1,0,0,0,0,0,0,1,0,1,0,0,100.0,0.011196417146513116,0.0,0.0015384615384615385,0.09433962264150944,0.0011560693641618498,0.012356575463371579,0.16675165731769503,0.0,0.021093413689195005
215,The Persistence of Memory,3,4,2,3,4,3,5,1,0,0,0,0,0,0,1,1,0,0,0,10.0,0.007677543186180422,0.007803790412486065,0.031153846153846157,0.031777557100297914,0.015028901734104046,0.05119152691968226,0.00866904640489546,0.002336448598130841,0.04046491605682308
217,The Persistence of Memory,8,4,2,2,5,7,6,1,1,1,0,1,0,0,1,1,0,0,0,100.0,0.004798464491362764,0.005574136008918618,0.009615384615384616,0.012413108242303876,0.06242774566473988,0.02912621359223301,0.009178990311065782,0.005841121495327103,0.01808006887645286
218,The Persistence of Memory,8,5,2,4,4,4,5,0,0,0,1,1,1,1,1,1,0,0,0,100.0,0.0003198976327575176,0.008918617614269788,0.08115384615384616,0.015392254220456803,0.006936416184971098,0.05207413945278024,0.0,0.004672897196261682,0.04003443822643134
219,The Persistence of Memory,10,5,4,4,4,7,1,0,0,1,0,0,1,0,1,1,0,0,0,999999999.0,0.006078055022392835,0.027870680044593088,0.01,0.0014895729890764646,0.010404624277456647,0.013680494263018535,0.0005099439061703213,0.010514018691588784,0.006026689625484288
220,The Persistence of Memory,7,5,1,2,5,4,4,0,1,0,0,0,0,0,1,1,0,0,0,500.0,0.03262955854126679,0.0011148272017837235,0.029615384615384613,0.11469712015888782,0.0011560693641618498,0.04942630185348633,0.11065782763895969,0.0035046728971962616,0.044339216530348675
221,The Persistence of Memory,9,4,2,3,4,8,6,0,1,0,0,1,0,0,1,1,0,0,0,5000.0,0.006397952655150352,0.0011148272017837235,0.024615384615384615,0.024826216484607738,0.006936416184971098,0.06178287731685791,0.010198878123406425,0.0011682242990654205,0.04046491605682308
1,The Starry Night,0,0,0,0,0,0,0,0,0,0,0,0,0,0,0,0,0,0,0,0.0,0.0031989763275751763,0.004459308807134894,0.005384615384615385,0.008440913604766634,0.015028901734104046,0.0088261253309797,0.006119326874043855,0.005841121495327103,0.006026689625484288
2,The Starry Night,7,0,0,0,0,0,0,0,0,0,0,0,0,0,0,0,0,0,0,0.0,0.0067178502879078695,0.0033444816053511705,0.0,0.07149950347567031,0.010404624277456647,0.00088261253309797,0.09382967873533911,0.009345794392523364,0.0
3,The Starry Night,6,3,3,4,1,3,3,1,1,0,0,0,0,0,1,0,1,0,0,20.0,0.011516314779270634,0.007803790412486065,0.007692307692307692,0.012909632571996028,0.018497109826589593,0.016328331862312445,0.013258541560428353,0.02102803738317757,0.019371502367628066
5,The Starry Night,9,2,5,4,1,3,4,0,0,0,0,0,0,0,1,1,1,0,0,700.0,0.0019193857965451055,0.004459308807134894,0.09615384615384616,0.0024826216484607746,0.015028901734104046,0.07634598411297441,0.0005099439061703213,0.005841121495327103,0.05380972879896686
6,The Starry Night,6,3,3,4,2,3,5,1,1,0,0,0,1,0,1,0,1,0,0,70000.0,0.028470889315419065,0.021181716833890748,0.060384615384615384,0.023833167825223437,0.03352601156069364,0.032215357458075904,0.022437531871494137,0.003504672897196261,0.019801980198019802
10,The Starry Night,10,2,4,4,2,3,2,0,0,0,1,1,1,1,1,0,0,0,1,10000000.0,0.0003198976327575176,0.0011148272017837235,0.005384615384615384,0.003972194637537239,0.005780346820809249,0.011032656663724626,0.005099439061703213,0.004672897196261682,0.005596211795092553
11,The Starry Night,3,1,3,5,1,2,2,0,0,0,1,1,0,0,0,0,1,0,0,250.0,0.007677543186180422,0.0,0.0,0.031777557100297914,0.0023121387283236996,0.00264783759929391,0.008159102498725139,0.0,0.0
13,The Starry Night,8,4,3,4,4,6,5,0,0,0,0,1,1,1,1,0,0,1,0,10.0,0.0,0.026755852842809364,0.01346153846153846,0.004468718967229395,0.09132947976878612,0.03795233892321272,0.0010198878123406426,0.036214953271028034,0.047352561343090835
14,The Starry Night,8,2,4,4,2,5,6,0,0,0,0,1,0,1,1,0,0,1,1,10000000.0,0.0006397952655150352,0.021181716833890748,0.07115384615384616,0.003972194637537239,0.03352601156069364,0.06398940864960283,0.0,0.003504672897196261,0.06586310804993542
15,The Starry Night,3,2,4,5,1,1,3,1,0,1,1,1,1,0,1,0,0,0,1,10000000.0,0.006078055022392835,0.010033444816053512,0.010384615384615384,0.008937437934458788,0.027745664739884393,0.016769638128861432,0.004589495155532892,0.026869158878504672,0.015497201894102454
17,The Starry Night,9,3,4,4,3,4,7,0,0,1,0,0,0,0,1,0,0,0,1,200.0,0.08861164427383238,0.028985507246376812,0.010384615384615384,0.04369414101290964,0.038150289017341035,0.01676963812886143,0.034166241713411524,0.007009345794392523,0.01076194575979337
19,The Starry Night,2,2,4,3,1,5,2,0,0,1,0,1,1,1,0,0,0,0,1,100000.0,0.010876519513755598,0.033444816053511704,0.009615384615384616,0.08987090367428005,0.09595375722543352,0.017652250661959402,0.098419173890872,0.038551401869158876,0.009040034438226431
21,The Starry Night,5,1,1,1,5,5,3,0,0,0,0,0,1,0,0,0,1,0,0,10.0,0.008317338451695458,0.011148272017837236,0.06576923076923077,0.05759682224428997,0.03352601156069364,0.11341571050308914,0.00815910249872514,0.010514018691588784,0.0964270340077486
22,The Starry Night,8,3,4,5,2,5,3,0,0,1,0,1,1,0,1,0,1,0,0,100.0,0.0012795905310300703,0.01226309921962096,0.0,0.023336643495531283,0.03121387283236994,0.0044130626654898504,0.10249872514023457,0.026869158878504672,0.0
25,The Starry Night,9,1,4,5,2,2,4,1,0,1,1,1,1,0,1,1,0,1,1,300.0,0.010556621880998082,0.0011148272017837235,0.015769230769230768,0.013902681231380339,0.0011560693641618498,0.03309796999117388,0.00407955124936257,0.0,0.023676280671545417
26,The Starry Night,7,3,5,5,1,3,3,0,0,1,0,1,1,1,1,0,0,0,1,500.0,0.03518873960332693,0.010033444816053512,0.028846153846153848,0.0958291956305859,0.025433526011560695,0.03751103265666373,0.09892911779704232,0.02570093457943925,0.06241928540680155
28,The Starry Night,5,4,3,4,3,5,5,0,0,0,0,0,0,0,1,0,1,0,0,60.0,0.007357645553422904,0.0033444816053511705,0.012692307692307694,0.057100297914597815,0.003468208092485549,0.03486319505736982,0.06578276389597144,0.0,0.02410675850193715
30,The Starry Night,5,1,5,5,1,2,4,0,0,0,1,1,1,1,1,0,0,1,1,1200.0,0.09436980166346769,0.007803790412486065,0.05769230769230769,0.08440913604766632,0.018497109826589593,0.035304501323918804,0.07343192248852624,0.002336448598130841,0.02324580284115368
31,The Starry Night,7,4,4,4,1,3,3,0,1,1,0,1,1,0,1,0,1,0,0,15.0,0.02335252719129878,0.013377926421404682,0.036153846153846154,0.09285004965243297,0.048554913294797684,0.06001765225066197,0.10096889342172359,0.01985981308411215,0.07576409814894534
32,The Starry Night,3,2,4,5,1,3,3,0,0,0,0,1,0,0,0,0,0,1,1,500.0,0.005118362124120281,0.0033444816053511705,0.03076923076923077,0.009930486593843098,0.0011560693641618498,0.031774051191526924,0.00815910249872514,0.002336448598130841,0.02582866982350409
33,The Starry Night,8,1,5,4,1,3,3,0,0,1,1,1,1,1,1,0,1,1,0,100.0,0.005118362124120281,0.026755852842809364,0.01769230769230769,0.06405163853028799,0.006936416184971098,0.0353045013239188,0.12799592044875063,0.010514018691588784,0.045200172191132156
34,The Starry Night,8,3,3,4,2,4,2,0,0,0,0,0,0,0,1,1,0,0,0,3000.0,0.009596928982725527,0.0011148272017837235,0.008076923076923077,0.025819265143992052,0.047398843930635835,0.012356575463371579,0.030086690464048955,0.0,0.006026689625484288
35,The Starry Night,4,2,2,4,3,3,3,0,0,0,0,0,1,0,1,0,1,0,0,10.0,0.0006397952655150352,0.0,0.005,0.006951340615690168,0.0011560693641618498,0.010150044130626656,0.0056093829678735335,0.0,0.023245802841153677
36,The Starry Night,5,3,3,4,4,3,2,0,0,0,0,1,0,0,0,0,0,0,1,8888888.0,0.0009596928982725527,0.0,0.009230769230769232,0.004965243296921549,0.013872832369942197,0.00529567519858782,0.0,0.0011682242990654205,0.0034438226431338786
37,The Starry Night,3,5,2,1,5,3,3,0,0,1,0,0,1,0,0,0,1,0,0,10.0,0.007677543186180422,0.02564102564102564,0.008461538461538461,0.012909632571996028,0.048554913294797684,0.01412180052956752,0.01580826109127996,0.018691588785046728,0.013775290572535515
38,The Starry Night,10,4,4,4,2,5,5,0,0,0,0,1,1,1,1,0,1,0,1,20000000.0,0.0012795905310300703,0.0,0.031153846153846153,0.0029791459781529296,0.003468208092485549,0.044130626654898496,0.00407955124936257,0.0,0.04132587171760654
40,The Starry Night,8,3,4,4,2,3,4,0,0,1,1,0,1,0,0,0,1,0,0,10000000.0,0.0,0.026755852842809364,0.011538461538461539,0.0009930486593843098,0.09248554913294797,0.02824360105913504,0.0005099439061703213,0.037383177570093455,0.02324580284115368
41,The Starry Night,10,5,4,5,1,3,2,0,1,1,1,1,0,0,1,0,1,1,0,150000.0,0.028150991682661546,0.0011148272017837235,0.045384615384615384,0.10029791459781531,0.047398843930635835,0.05516328331862314,0.09739928607853135,0.0,0.04735256134309083
42,The Starry Night,5,2,4,4,2,3,3,0,0,1,0,1,0,0,1,0,1,0,0,500000.0,0.0009596928982725527,0.016722408026755856,0.0,0.0024826216484607746,0.020809248554913295,0.00353045013239188,0.0015298317185109638,0.018691588785046728,0.002582866982350409
43,The Starry Night,7,1,4,5,1,4,2,1,0,1,0,1,0,1,1,0,0,0,1,50000.0,0.03134996801023672,0.0,0.002307692307692308,0.02184707050645482,0.013872832369942197,0.0052956751985878195,0.017338092809790925,0.0011682242990654205,0.002582866982350409
44,The Starry Night,9,3,2,2,4,3,4,0,0,1,0,0,1,0,1,1,0,0,1,100.0,0.005758157389635317,0.0,0.02,0.014399205561072492,0.0011560693641618498,0.04015887025595764,0.00407955124936257,0.0,0.043908738699956956
45,The Starry Night,8,5,4,4,2,5,6,1,1,1,1,1,1,0,0,1,0,0,0,10000.0,0.0,0.026755852842809364,0.015769230769230768,0.0009930486593843098,0.09132947976878612,0.027802294792586054,0.0,0.036214953271028034,0.02324580284115368
46,The Starry Night,7,2,4,5,1,3,15,0,0,1,0,0,1,0,1,0,1,0,1,25.0,0.004158669225847728,0.026755852842809364,0.10884615384615384,0.03277060575968223,0.09364161849710982,0.11253309796999118,0.029066802651708315,0.036214953271028034,0.08867843306069738
48,The Starry Night,6,1,2,5,1,2,2,0,0,0,1,1,1,0,0,0,0,0,1,500.0,0.013115802943058221,0.002229654403567447,0.03846153846153846,0.08142999006951342,0.005780346820809249,0.055604589585172115,0.10351861295257521,0.0,0.06457167455876023
49,The Starry Night,4,4,2,4,2,3,3,0,0,1,1,1,1,0,0,0,1,0,0,50.0,0.08381317978246962,0.0,0.0,0.09980139026812314,0.03468208092485549,0.00088261253309797,0.06323304436511984,0.002336448598130841,0.0
50,The Starry Night,5,2,4,5,1,2,3,0,0,0,0,1,1,0,1,0,1,0,0,600000000.0,0.01695457453614843,0.0011148272017837235,0.004615384615384616,0.06852035749751738,0.008092485549132947,0.011032656663724626,0.07598164201937786,0.0035046728971962616,0.007748600947051227
51,The Starry Night,8,3,5,5,1,3,3,0,1,1,1,1,1,1,1,0,0,1,0,5000.0,0.0025591810620601407,0.010033444816053512,0.06884615384615385,0.004468718967229394,0.025433526011560695,0.048543689320388356,0.0025497195308516064,0.02570093457943925,0.027120103314679296
52,The Starry Night,7,4,5,5,1,3,4,0,1,1,1,1,1,1,1,0,0,0,1,25.0,0.001599488163787588,0.021181716833890748,0.0038461538461538464,0.018867924528301886,0.039306358381502884,0.01147396293027361,0.029576746557878633,0.018691588785046728,0.009040034438226431
53,The Starry Night,5,4,4,4,1,3,3,1,1,1,1,1,1,0,1,1,0,0,0,75.0,0.001599488163787588,0.0,0.06615384615384615,0.018371400198609732,0.016184971098265895,0.055604589585172115,0.029576746557878633,0.004672897196261682,0.0555316401205338
54,The Starry Night,9,4,2,4,4,9,15,0,0,0,0,0,0,0,1,0,1,0,0,2000.0,0.0025591810620601407,0.0,0.027307692307692307,0.010427010923535254,0.013872832369942197,0.05736981465136805,0.02090770015298317,0.0011682242990654205,0.04907447266465777
56,The Starry Night,7,2,4,4,2,5,7,0,0,1,0,1,0,0,0,0,1,0,0,5000000.0,0.011516314779270634,0.007803790412486065,0.012307692307692308,0.07795431976166832,0.015028901734104046,0.0026478375992939097,0.1300356960734319,0.002336448598130841,0.002152389151958674
58,The Starry Night,5,4,2,5,1,3,3,0,0,1,0,1,0,0,1,0,1,0,0,6000.0,0.03390914907229686,0.011148272017837236,0.02346153846153846,0.10675273088381332,0.030057803468208095,0.03089143865842895,0.12799592044875063,0.02570093457943925,0.0495049504950495
59,The Starry Night,10,1,5,4,1,3,2,0,0,1,1,1,1,0,0,1,1,0,0,50000000.0,0.005118362124120281,0.028985507246376812,0.004230769230769231,0.05312810327706058,0.04855491329479769,0.00794351279788173,0.06425293217746048,0.026869158878504672,0.006026689625484288
61,The Starry Night,6,2,4,5,1,3,5,0,0,1,0,1,0,0,0,0,1,0,1,10000.0,0.0003198976327575176,0.0011148272017837235,0.006153846153846154,0.005461767626613704,0.0023121387283236996,0.00706090026478376,0.0010198878123406426,0.0,0.005596211795092553
63,The Starry Night,8,2,4,2,4,4,3,0,0,1,0,0,0,0,1,0,0,1,0,40000000.0,0.01759436980166347,0.0011148272017837235,0.045384615384615384,0.09185700099304867,0.048554913294797684,0.06531332744924977,0.12136664966853644,0.0,0.05897546276366767
64,The Starry Night,6,5,4,4,1,3,4,0,1,1,1,1,1,1,0,0,1,1,0,500.0,0.019833653230966093,0.026755852842809364,0.015384615384615382,0.05263157894736841,0.03352601156069364,0.02603706972639012,0.024987251402345742,0.0011682242990654205,0.0198019801980198
65,The Starry Night,7,2,4,4,1,4,4,1,1,1,1,1,1,1,1,0,0,0,1,10000.0,0.018234165067178502,0.0,0.04923076923076924,0.02780536246276067,0.0011560693641618498,0.061341571050308935,0.028046914839367672,0.0,0.06629358588032716
66,The Starry Night,4,1,4,5,1,3,5,0,0,1,0,1,1,0,0,0,1,1,1,50.0,0.023032629558541268,0.002229654403567447,0.013076923076923076,0.03574975173783515,0.05202312138728323,0.025595763459841138,0.040285568587455384,0.0,0.007748600947051227
67,The Starry Night,7,2,4,2,2,3,3,0,1,0,1,0,1,0,1,0,0,0,1,350.0,0.0012795905310300703,0.0379041248606466,0.002307692307692308,0.0004965243296921549,0.005780346820809248,0.00617828773168579,0.0,0.009345794392523364,0.0
68,The Starry Night,10,2,3,4,3,3,4,0,0,1,0,1,1,1,1,0,0,0,1,100000.0,0.05726167626359565,0.006688963210702342,0.006923076923076923,0.09334657398212513,0.04277456647398844,0.010591350397175639,0.08873023967363589,0.008177570093457943,0.006887645286267757
69,The Starry Night,10,3,4,4,2,2,5,0,1,0,0,1,1,1,1,0,0,0,1,10000000.0,0.0,0.02564102564102564,0.033846153846153845,0.0014895729890764648,0.048554913294797684,0.05692850838481906,0.002039775624681285,0.018691588785046728,0.04778303917348257
71,The Starry Night,9,1,3,5,2,3,2,0,0,1,1,0,1,0,1,0,1,0,0,20.0,0.011836212412028152,0.026755852842809364,0.0,0.0660377358490566,0.09132947976878612,0.000441306266548985,0.06884242733299337,0.036214953271028034,0.0
72,The Starry Night,9,2,4,4,2,3,3,1,0,1,1,1,1,0,1,0,0,1,1,2000.0,0.07933461292386436,0.010033444816053512,0.03538461538461539,0.033267130089374375,0.025433526011560695,0.03353927625772287,0.015298317185109638,0.02570093457943925,0.025398191993112357
73,The Starry Night,5,4,3,3,4,4,4,1,0,1,1,1,1,1,0,0,0,1,1,10000000.0,0.019513755598208574,0.0,0.06230769230769231,0.07994041708043695,0.0011560693641618498,0.03486319505736982,0.07751147373788882,0.0,0.027981058975462766
74,The Starry Night,9,2,4,4,2,13,14,1,1,1,1,1,1,1,1,0,1,0,0,30000000.0,0.006397952655150352,0.03121516164994426,0.019230769230769232,0.00794438927507448,0.038150289017341035,0.03618711385701677,0.002039775624681285,0.011682242990654203,0.027981058975462762
76,The Starry Night,7,4,3,4,2,3,3,0,0,1,0,1,1,1,0,0,1,0,0,10000.0,0.008317338451695458,0.0,0.06999999999999999,0.06355511420059583,0.0011560693641618498,0.04148278905560459,0.07394186639469658,0.0,0.023676280671545417
77,The Starry Night,8,4,4,5,2,4,3,0,0,0,0,0,0,0,1,0,0,0,1,100.0,0.007677543186180424,0.0,0.028846153846153848,0.026315789473684213,0.019653179190751442,0.03442188879082084,0.013768485466598675,0.004672897196261682,0.02582866982350409
78,The Starry Night,9,5,2,2,5,5,22,0,1,1,0,0,1,1,1,0,1,0,1,100000.0,0.001599488163787588,0.010033444816053512,0.006923076923076923,0.018371400198609732,0.025433526011560695,0.013680494263018535,0.029576746557878633,0.02570093457943925,0.023245802841153677
79,The Starry Night,5,2,4,4,2,5,20,0,0,0,0,0,1,0,0,0,0,0,1,1000000.0,0.007677543186180422,0.0033444816053511705,0.0057692307692307696,0.029791459781529292,0.004624277456647399,0.021624007060900268,0.00866904640489546,0.0,0.024106758501937144
80,The Starry Night,5,1,5,5,1,3,2,1,1,1,1,1,1,1,1,0,0,1,1,1000.0,0.001599488163787588,0.0,0.08461538461538462,0.018371400198609732,0.004624277456647399,0.08605472197705209,0.029576746557878633,0.0,0.09427464485578993
81,The Starry Night,8,5,4,5,1,2,3,0,0,1,0,0,0,0,1,1,0,1,0,500.0,0.003838771593090211,0.0011148272017837235,0.0015384615384615385,0.004468718967229395,0.047398843930635835,0.007943512797881731,0.0015298317185109638,0.0,0.00043047783039173483
82,The Starry Night,9,3,5,4,2,4,3,0,0,0,0,0,0,0,1,0,0,0,1,500.0,0.09085092770313498,0.032329988851727984,0.05692307692307692,0.18321747765640525,0.07167630057803467,0.10150044130626652,0.24681285058643543,0.02686915887850467,0.09771846749892382
83,The Starry Night,10,4,3,3,3,2,2,0,0,1,0,0,0,0,1,1,0,1,0,1000000.0,0.03166986564299424,0.022296544035674472,0.01423076923076923,0.02780536246276067,0.036994219653179186,0.017652250661959402,0.014278429372768995,0.008177570093457943,0.009040034438226431
84,The Starry Night,7,3,2,4,2,2,2,0,0,0,1,0,0,0,1,1,1,0,0,100.0,0.0,0.0,0.0019230769230769232,0.0,0.0,0.00441306266548985,0.0,0.0,0.0008609556607834697
87,The Starry Night,10,1,4,4,2,3,3,0,0,0,1,1,0,0,0,0,1,0,0,200000.0,0.0019193857965451055,0.002229654403567447,0.016153846153846154,0.008440913604766634,0.0023121387283236996,0.03486319505736982,0.012238653748087712,0.003504672897196261,0.061127851915626336
91,The Starry Night,6,2,4,4,2,8,3,0,0,1,1,1,1,0,1,0,1,0,0,150000.0,0.005118362124120281,0.002229654403567447,0.016538461538461537,0.05362462760675273,0.003468208092485549,0.03662842012356576,0.06833248342682305,0.1378504672897196,0.04950495049504951
92,The Starry Night,4,4,3,3,2,7,7,0,0,0,0,0,0,0,1,0,1,0,0,150.0,0.013435700575815739,0.0033444816053511705,0.021538461538461545,0.021847070506454815,0.0011560693641618498,0.022947925860547218,0.10657827638959712,0.003504672897196261,0.03142488161859664
93,The Starry Night,7,1,4,5,1,2,2,0,0,0,0,1,1,0,1,0,0,0,1,5000.0,0.005118362124120281,0.002229654403567447,0.07653846153846154,0.05312810327706058,0.003468208092485549,0.0529567519858782,0.06425293217746048,0.1308411214953271,0.059405940594059396
94,The Starry Night,9,3,2,1,5,3,6,0,0,1,0,1,0,0,0,0,1,0,0,500.0,0.04062699936020474,0.010033444816053512,0.07076923076923076,0.08093346573982127,0.025433526011560695,0.048543689320388356,0.10045894951555327,0.0397196261682243,0.05854498493327594
95,The Starry Night,9,2,4,4,2,4,4,0,0,1,0,0,0,0,1,1,0,1,0,60.0,0.001599488163787588,0.0011148272017837235,0.010769230769230769,0.0253227408142999,0.0011560693641618498,0.015445719329214475,0.04436511983681795,0.014018691588785047,0.037882049074472665
96,The Starry Night,3,3,4,5,1,4,2,0,0,1,0,1,0,0,1,1,0,0,1,300000.0,0.01695457453614843,0.026755852842809364,0.013076923076923078,0.07100297914597815,0.09132947976878612,0.01323918799646955,0.08669046404895461,0.036214953271028034,0.021523891519586738
97,The Starry Night,6,3,4,4,2,8,2,0,0,0,1,0,1,0,0,0,1,0,1,1000.0,0.010876519513755598,0.0011148272017837235,0.018461538461538463,0.07348560079443893,0.011560693641618498,0.030008826125330977,0.1591024987251402,0.008177570093457943,0.026689625484287556
98,The Starry Night,7,2,4,3,2,4,2,0,0,1,0,0,0,0,1,0,1,0,0,20.0,0.06014075495841331,0.005574136008918618,0.07346153846153847,0.08142999006951342,0.004624277456647399,0.0997352162400706,0.13564507904130543,0.012850467289719626,0.10417563495479985
99,The Starry Night,6,4,4,4,2,2,2,0,1,1,1,1,1,0,1,0,0,0,1,150.0,0.0012795905310300703,0.002229654403567447,0.015384615384615384,0.008440913604766634,0.003468208092485549,0.026478375992939104,0.02702702702702703,0.1308411214953271,0.028842014636246235
101,The Starry Night,7,5,5,5,1,4,5,0,0,1,1,0,0,0,1,1,1,1,1,100000000.0,0.005118362124120281,0.0379041248606466,0.015384615384615385,0.06405163853028799,0.006936416184971098,0.012797881729920564,0.12799592044875063,0.010514018691588784,0.018080068876452863
102,The Starry Night,4,2,4,5,2,4,7,0,0,0,0,1,1,0,1,1,1,0,0,1000000.0,0.0,0.002229654403567447,0.021538461538461538,0.011420059582919563,0.003468208092485549,0.03927625772285966,0.06782253952065273,0.1308411214953271,0.05380972879896685
104,The Starry Night,7,4,2,2,4,5,6,0,1,1,0,0,0,0,1,1,1,0,0,300.0,0.0,0.005574136008918618,0.03230769230769231,0.015392254220456803,0.011560693641618497,0.06398940864960283,0.07088220295767465,0.003504672897196261,0.08222126560482136
105,The Starry Night,9,4,2,4,3,3,2,1,0,0,0,0,0,0,1,0,1,0,0,3000000.0,0.023672424824056303,0.0,0.07538461538461538,0.0774577954319762,0.0,0.04810238305383936,0.12544620091789901,0.0035046728971962616,0.05510116229014206
107,The Starry Night,9,4,4,2,4,3,3,0,1,1,1,1,1,0,1,0,1,0,0,10000000.0,0.009596928982725527,0.0,0.002307692307692308,0.024826216484607748,0.0011560693641618498,0.0057369814651368044,0.04232534421213666,0.0035046728971962616,0.01420576840292725
108,The Starry Night,7,2,4,4,2,4,3,0,0,1,0,0,1,0,0,0,1,0,0,2000000.0,0.0,0.026755852842809364,0.011538461538461539,0.012413108242303872,0.09132947976878612,0.011032656663724626,0.07445181030086691,0.036214953271028034,0.01334481274214378
109,The Starry Night,6,3,4,5,3,5,4,0,0,1,0,1,1,0,1,0,1,0,0,4000.0,0.0003198976327575176,0.0,0.0003846153846153846,0.0099304865938431,0.0011560693641618498,0.0052956751985878195,0.011728709841917389,0.002336448598130841,0.020662935858803272
110,The Starry Night,5,2,4,5,2,2,2,1,1,0,0,1,1,1,0,0,0,0,1,500.0,0.0019193857965451055,0.002229654403567447,0.0015384615384615385,0.006951340615690168,0.0,0.001323918799646955,0.0030596634370219276,0.017523364485981307,0.015066724063710719
112,The Starry Night,3,2,2,3,4,2,2,1,0,0,0,1,0,0,0,0,1,0,0,0.0,0.0009596928982725527,0.0,0.0026923076923076926,0.013902681231380339,0.0023121387283236996,0.010150044130626654,0.0673125956144824,0.005841121495327103,0.03142488161859664
114,The Starry Night,9,2,4,3,2,3,3,0,0,1,0,1,0,0,0,0,0,0,1,200.0,0.009596928982725527,0.002229654403567447,0.06692307692307693,0.08142999006951342,0.003468208092485549,0.04986760812003531,0.13411524732279448,0.1308411214953271,0.07102884201463625
117,The Starry Night,7,3,3,2,3,3,3,0,0,1,0,1,1,1,1,0,1,0,0,50.0,0.03870761356365962,0.002229654403567447,0.0015384615384615385,0.10178748758689181,0.003468208092485549,0.00176522506619594,0.1591024987251401,0.1308411214953271,0.002152389151958674
118,The Starry Night,10,4,3,4,4,2,3,0,0,0,0,1,1,0,0,0,0,0,1,1000.0,0.0,0.002229654403567447,0.0007692307692307692,0.014895729890764646,0.003468208092485549,0.0030891438658428947,0.07853136155022948,0.1308411214953271,0.01076194575979337
122,The Starry Night,6,3,4,1,2,3,4,1,1,1,1,1,1,1,0,0,0,0,1,50000000.0,0.006397952655150352,0.0,0.01846153846153846,0.011420059582919563,0.0011560693641618498,0.040158870255957636,0.009688934217236106,0.005841121495327103,0.0482135170038743
123,The Starry Night,7,3,5,5,1,4,3,0,0,1,1,1,1,0,1,0,1,0,0,250.0,0.016314779270633396,0.010033444816053512,0.03153846153846154,0.13604766633565046,0.009248554913294798,0.06354810238305383,0.1805201427842937,0.029205607476635514,0.11321566939302627
124,The Starry Night,10,5,4,5,1,3,4,1,0,1,1,1,1,0,1,1,0,0,0,150.0,0.017914267434420983,0.0011148272017837235,0.09115384615384617,0.07447864945382325,0.0,0.09311562224183582,0.11269760326364098,0.018691588785046728,0.10331467929401637
125,The Starry Night,8,2,5,4,2,5,4,0,0,1,1,1,1,0,1,0,1,0,0,1000.0,0.0009596928982725527,0.021181716833890748,0.0057692307692307696,0.0029791459781529296,0.03468208092485549,0.00353045013239188,0.011218765935747067,0.015186915887850466,0.018080068876452863
126,The Starry Night,5,3,5,5,1,3,2,0,0,0,0,0,0,0,1,0,0,0,1,500.0,0.0067178502879078695,0.010033444816053512,0.01769230769230769,0.08391261171797419,0.025433526011560695,0.03574580759046778,0.15961244263131052,0.026869158878504672,0.03142488161859664
127,The Starry Night,3,1,5,3,4,4,3,0,0,0,0,1,0,0,0,0,1,0,0,1000.0,0.002239283429302623,0.0011148272017837235,0.006923076923076923,0.006454816285998014,0.0,0.009267431597528686,0.010708822029576745,0.018691588785046728,0.034007748600947046
130,The Starry Night,6,2,4,5,1,3,3,0,0,0,0,0,1,0,0,0,1,0,0,100.0,0.0019193857965451055,0.005574136008918618,0.0003846153846153846,0.0034756703078450846,0.0,0.00088261253309797,0.017848036715961246,0.004672897196261682,0.012914334911752045
131,The Starry Night,6,5,2,3,2,2,2,0,0,0,1,0,1,0,0,0,1,0,0,100000.0,0.005118362124120281,0.002229654403567447,0.018461538461538463,0.054121151936444886,0.003468208092485549,0.03927625772285967,0.07088220295767465,0.1378504672897196,0.052087817477399906
132,The Starry Night,8,2,4,5,1,3,4,0,0,1,0,1,1,1,0,0,0,0,1,20000.0,0.0019193857965451055,0.004459308807134894,0.004615384615384616,0.014399205561072492,0.011560693641618498,0.007502206531332744,0.08159102498725139,0.15887850467289713,0.02539819199311235
134,The Starry Night,3,4,3,3,4,3,3,0,1,0,0,0,0,0,1,0,1,0,0,500.0,0.009916826615483047,0.0,0.019615384615384614,0.06305858987090368,0.0,0.03089143865842895,0.09280979092299846,0.0011682242990654205,0.02884201463624623
135,The Starry Night,8,3,4,4,3,3,4,0,0,0,1,0,1,1,0,0,0,0,1,50.0,0.0,0.002229654403567447,0.008461538461538461,0.005958291956305858,0.0,0.01853486319505737,0.017338092809790925,0.002336448598130841,0.024537236332328884
138,The Starry Night,6,3,4,5,2,3,3,0,1,0,0,1,1,0,0,0,0,1,1,100000.0,0.029750479846449136,0.0033444816053511705,0.09346153846153848,0.043197616683217484,0.003468208092485549,0.06663724624889676,0.06680265170831208,0.13434579439252334,0.08437365475678002
139,The Starry Night,7,4,2,4,4,3,3,1,0,1,0,1,1,0,0,0,1,0,0,200.0,0.006397952655150352,0.010033444816053512,0.004230769230769231,0.06156901688182721,0.006936416184971098,0.010591350397175639,0.08975012748597654,0.02102803738317757,0.01420576840292725
140,The Starry Night,7,4,4,4,1,4,13,0,1,1,0,1,1,1,1,0,1,0,0,70.0,0.0,0.026755852842809364,0.0,0.0009930486593843098,0.09132947976878612,0.000441306266548985,0.00815910249872514,0.036214953271028034,0.0008609556607834697
141,The Starry Night,6,4,2,3,3,6,4,0,0,1,0,0,1,0,0,1,0,0,0,1000000000.0,0.0067178502879078695,0.0033444816053511705,0.01653846153846154,0.07149950347567031,0.008092485549132947,0.03089143865842895,0.09535951045385008,0.009345794392523364,0.03142488161859664
142,The Starry Night,4,2,4,4,2,4,2,0,1,0,0,1,1,0,1,0,0,0,1,250000.0,0.03486884197056942,0.0,0.019615384615384618,0.025819265143992055,0.0,0.02118270079435128,0.04079551249362571,0.002336448598130841,0.03745157124408093
144,The Starry Night,7,4,2,4,4,2,2,0,0,1,0,0,0,0,1,0,1,0,0,1000000.0,0.0,0.004459308807134894,0.0003846153846153846,0.010923535253227408,0.003468208092485549,0.0048543689320388345,0.06374298827129016,0.0035046728971962616,0.019371502367628066
145,The Starry Night,7,2,4,4,1,5,3,0,0,0,0,0,0,0,1,0,0,0,1,1000.0,0.053103007037747924,0.0033444816053511705,0.05115384615384616,0.09036742800397221,0.013872832369942197,0.07899382171226832,0.1432942376338602,0.1845794392523364,0.11493758071459319
146,The Starry Night,7,5,2,3,4,7,4,1,1,0,0,1,1,1,1,0,1,0,0,20.0,0.008957133717210493,0.011148272017837236,0.02538461538461539,0.032274081429990074,0.025433526011560695,0.03398058252427184,0.08924018357980622,0.04205607476635514,0.061988807576409816
147,The Starry Night,6,2,5,5,1,3,5,0,0,0,1,1,1,0,0,0,0,0,1,200.0,0.001599488163787588,0.004459308807134894,0.015384615384615385,0.018371400198609732,0.015028901734104046,0.013680494263018535,0.07343192248852626,0.005841121495327103,0.03271631510977185
149,The Starry Night,3,2,4,5,1,4,2,0,0,1,1,1,1,1,1,0,1,0,0,40.0,0.0031989763275751763,0.006688963210702341,0.011923076923076923,0.020854021847070504,0.0023121387283236996,0.03089143865842895,0.0382457929627741,0.005841121495327103,0.030994403788204908
151,The Starry Night,9,1,4,5,2,3,3,0,1,1,0,1,1,0,0,0,0,1,1,50.0,0.02495201535508637,0.0,0.009615384615384616,0.04071499503475671,0.0023121387283236996,0.009267431597528686,0.15043345232024474,0.005841121495327103,0.031855359448988374
154,The Starry Night,9,3,4,4,2,2,2,0,0,0,0,1,1,0,1,0,0,0,1,100.0,0.001599488163787588,0.0011148272017837235,0.0,0.033267130089374375,0.0023121387283236996,0.001323918799646955,0.10657827638959715,0.002336448598130841,0.018080068876452863
155,The Starry Night,9,3,3,5,1,4,3,0,0,0,0,1,1,0,0,1,0,0,0,50000.0,0.005118362124120281,0.04905239687848384,0.00923076923076923,0.05362462760675273,0.018497109826589593,0.015445719329214475,0.06833248342682305,0.07009345794392523,0.03357727077055531
157,The Starry Night,3,2,4,4,3,3,3,0,0,1,1,1,1,1,1,0,0,1,1,100.0,0.005118362124120281,0.0,0.011153846153846153,0.05312810327706058,0.0023121387283236996,0.015445719329214475,0.06425293217746048,0.016355140186915886,0.032285837279380114
159,The Starry Night,7,2,3,1,2,4,12,1,1,1,1,1,1,1,1,0,1,0,0,100.0,0.001599488163787588,0.002229654403567447,0.013076923076923078,0.012413108242303872,0.003468208092485549,0.01412180052956752,0.07853136155022947,0.1425233644859813,0.022815325010761944
160,The Starry Night,6,4,3,4,2,2,2,1,1,1,1,0,0,0,1,0,1,0,0,300.0,0.0,0.002229654403567447,0.018846153846153846,0.010923535253227408,0.003468208092485549,0.03795233892321271,0.06374298827129016,0.14018691588785046,0.04563065002152389
162,The Starry Night,10,2,4,3,2,4,4,1,0,0,0,1,1,1,1,0,1,0,1,500.0,0.0012795905310300703,0.0,0.05576923076923077,0.019860973187686197,0.0,0.025154457193292144,0.09178990311065782,0.010514018691588784,0.04993542832544123
163,The Starry Night,6,1,4,4,2,4,3,0,0,1,1,1,1,1,1,0,1,0,1,100.0,0.006078055022392834,0.0033444816053511705,0.0,0.06703078450844091,0.006936416184971098,0.0,0.1392146863844977,0.13668224299065418,0.0017219113215669393
164,The Starry Night,9,1,5,5,1,3,3,0,0,1,1,0,0,0,1,0,0,1,0,1000000.0,0.005118362124120281,0.002229654403567447,0.011923076923076923,0.057100297914597815,0.005780346820809249,0.03309796999117388,0.07751147373788883,0.13668224299065418,0.043047783039173476
165,The Starry Night,5,3,4,5,2,2,4,0,0,0,0,1,0,0,1,1,0,0,1,1000000.0,0.005118362124120281,0.005574136008918618,0.006923076923076922,0.057596822244289976,0.004624277456647399,0.01588702559576346,0.07088220295767465,0.012850467289719626,0.034007748600947046
166,The Starry Night,5,3,4,4,1,3,4,0,0,0,0,1,0,0,0,0,0,0,1,20.0,0.0031989763275751763,0.002229654403567447,0.020384615384615386,0.0019860973187686196,0.003468208092485549,0.029126213592233014,0.005609382967873534,0.14018691588785046,0.03572965992251399
167,The Starry Night,4,2,4,5,2,2,4,0,0,1,1,1,1,0,0,0,1,1,0,100.0,0.0003198976327575176,0.0,0.010384615384615384,0.0004965243296921549,0.0,0.015445719329214474,0.006119326874043856,0.002336448598130841,0.02582866982350409
168,The Starry Night,8,4,3,4,3,4,4,0,0,1,1,1,1,0,0,0,1,0,0,8000.0,0.0067178502879078695,0.002229654403567447,0.023076923076923078,0.060575968222442905,0.0,0.03883495145631068,0.07394186639469658,0.009345794392523364,0.037882049074472665
169,The Starry Night,6,3,3,4,2,4,3,0,0,1,0,1,1,1,0,0,1,0,1,300000000.0,0.025271912987843887,0.0011148272017837235,0.0015384615384615385,0.009433962264150945,0.0,0.00176522506619594,0.01631820499745028,0.03037383177570093,0.0034438226431338786
170,The Starry Night,5,2,3,4,2,5,6,0,1,0,1,1,0,1,0,0,1,0,0,400.0,0.0,0.021181716833890748,0.021538461538461538,0.0,0.04393063583815028,0.012356575463371579,0.0005099439061703213,0.011682242990654205,0.027550581145071022
171,The Starry Night,6,4,3,4,1,2,2,0,1,1,0,1,1,0,0,0,0,0,1,15.0,0.008317338451695458,0.002229654403567447,0.003076923076923077,0.07547169811320754,0.003468208092485549,0.0044130626654898504,0.10504844467108618,0.14719626168224295,0.0064571674558760225
172,The Starry Night,7,2,2,5,1,3,2,0,0,1,0,0,0,0,1,0,0,0,1,5000.0,0.059820857325655785,0.002229654403567447,0.02346153846153846,0.034260178748758696,0.003468208092485549,0.035304501323918804,0.05762366139724629,0.1436915887850467,0.03185535944898838
174,The Starry Night,5,2,3,5,2,3,2,0,1,1,0,1,1,1,1,0,1,0,1,1000000.0,0.005118362124120281,0.002229654403567447,0.07038461538461538,0.05312810327706058,0.0,0.052515445719329215,0.0647628760836308,0.0011682242990654205,0.041325871717606544
175,The Starry Night,9,2,4,3,1,4,3,0,1,1,0,1,1,1,0,1,0,1,0,50.0,0.0,0.002229654403567447,0.0,0.0024826216484607746,0.003468208092485549,0.0,0.0010198878123406426,0.1308411214953271,0.0012914334911752045
177,The Starry Night,2,2,4,4,2,12,18,0,0,1,1,1,1,0,1,0,0,0,1,1000.0,0.008317338451695458,0.017837235228539576,0.021923076923076924,0.08391261171797419,0.021965317919075144,0.05957634598411298,0.17440081591024986,0.03271028037383177,0.09987085665088247
182,The Starry Night,2,1,3,4,1,3,3,0,1,1,0,1,1,0,0,0,0,0,1,200.0,0.0012795905310300703,0.002229654403567447,0.013076923076923078,0.019364448857994043,0.003468208092485549,0.01897616946160636,0.08924018357980622,0.1308411214953271,0.03314679294016358
183,The Starry Night,6,2,4,5,1,2,1,0,0,0,0,1,1,0,0,0,0,0,1,500.0,0.006717850287907869,0.0,0.026923076923076928,0.03177755710029792,0.0023121387283236996,0.035304501323918804,0.07292197858235591,0.016355140186915886,0.055531640120533785
184,The Starry Night,7,4,4,4,2,3,3,1,0,0,0,0,1,0,0,0,0,0,1,10000000000.0,0.0067178502879078695,0.0011148272017837235,0.019615384615384618,0.0759682224428997,0.0,0.02471315092674316,0.1009688934217236,0.017523364485981307,0.0383125269048644
185,The Starry Night,3,3,4,5,1,3,2,1,0,0,0,1,1,0,0,1,0,0,1,10000.0,0.0028790786948176585,0.0033444816053511705,0.003076923076923077,0.015888778550148957,0.004624277456647399,0.007502206531332745,0.07700152983171851,0.139018691588785,0.0012914334911752045
186,The Starry Night,7,2,4,5,1,2,2,0,1,1,1,1,1,0,0,1,0,1,0,100.0,0.005118362124120281,0.0,0.0003846153846153846,0.054121151936444886,0.0,0.00529567519858782,0.0673125956144824,0.005841121495327103,0.012914334911752045
187,The Starry Night,8,4,2,2,4,3,3,0,1,1,0,1,0,1,0,0,1,0,0,50.0,0.0,0.002229654403567447,0.004230769230769231,0.003972194637537239,0.0,0.009267431597528686,0.013258541560428353,0.002336448598130841,0.008179078777442962
188,The Starry Night,9,2,5,5,1,3,2,0,0,0,0,0,1,0,1,1,1,0,0,1000.0,0.005118362124120281,0.0,0.0023076923076923075,0.06802383316782523,0.0,0.00706090026478376,0.141254462009179,0.008177570093457943,0.01937150236762806
189,The Starry Night,5,3,3,4,2,5,3,0,1,1,1,1,1,1,1,1,1,0,0,40.0,0.007037747920665388,0.007803790412486065,0.01576923076923077,0.01638530287984111,0.015028901734104046,0.026037069726390114,0.009688934217236104,0.003504672897196261,0.0680154972018941
193,The Starry Night,7,4,2,2,5,5,1,0,1,1,1,0,1,0,1,1,0,0,0,500.0,0.027831094049904033,0.010033444816053512,0.04807692307692309,0.06355511420059584,0.025433526011560695,0.07105030891438659,0.098419173890872,0.02570093457943925,0.09083082221265605
194,The Starry Night,6,4,4,3,3,7,5,0,1,1,1,1,1,1,1,0,1,0,0,10000.0,0.010236724248240563,0.002229654403567447,0.055384615384615386,0.06305858987090368,0.011560693641618498,0.027802294792586058,0.09077001529831717,0.16471962616822428,0.021093413689195005
195,The Starry Night,5,2,4,5,1,12,6,0,1,1,1,0,1,0,0,1,1,0,0,200.0,0.0003198976327575176,0.0011148272017837235,0.01423076923076923,0.011420059582919563,0.0011560693641618498,0.03662842012356576,0.06833248342682305,0.0035046728971962616,0.05983641842445114
200,The Starry Night,6,3,2,3,2,3,2,0,0,1,0,0,0,0,1,0,0,0,1,0.0,0.0067178502879078695,0.03121516164994426,0.032692307692307694,0.07199602780536248,0.006936416184971098,0.05516328331862313,0.1009688934217236,0.030373831775700934,0.0594059405940594
201,The Starry Night,5,2,3,4,2,4,2,1,0,0,0,1,1,0,0,0,1,0,0,10000.0,0.014715291106845812,0.0011148272017837235,0.02807692307692308,0.02482621648460774,0.0,0.038393645189761696,0.057623661397246284,0.004672897196261682,0.07748600947051226
206,The Starry Night,9,2,4,4,1,3,5,0,0,1,0,1,0,0,1,0,1,0,1,1000000.0,0.0067178502879078695,0.002229654403567447,0.0003846153846153846,0.06554121151936446,0.003468208092485549,0.003971756398940865,0.14278429372768994,0.1308411214953271,0.013775290572535515
207,The Starry Night,6,4,3,5,2,3,2,1,1,0,0,1,1,0,0,0,0,1,1,150.0,0.009596928982725527,0.0,0.00923076923076923,0.004965243296921549,0.0,0.018976169461606355,0.011728709841917389,0.010514018691588784,0.03572965992251399
209,The Starry Night,1,1,3,3,1,3,2,0,0,1,1,0,1,0,0,1,0,0,0,0.0,0.1110044785668586,0.0,0.03346153846153846,0.044190665342601784,0.0,0.03177405119152692,0.033656297807241206,0.010514018691588784,0.041325871717606544
210,The Starry Night,5,1,5,5,1,4,6,0,0,1,0,1,1,0,1,0,0,1,1,500.0,0.007357645553422905,0.0,0.021923076923076927,0.01638530287984111,0.0023121387283236996,0.028684907325684027,0.04232534421213664,0.005841121495327103,0.040895393887214804
211,The Starry Night,8,4,5,5,1,2,7,0,0,1,0,1,1,1,1,1,0,1,0,10000000.0,0.001599488163787588,0.0011148272017837235,0.02461538461538462,0.0034756703078450846,0.0011560693641618498,0.04810238305383937,0.0035696073431922487,0.003504672897196261,0.04003443822643134
212,The Starry Night,4,4,4,4,2,4,2,0,0,1,1,1,1,0,0,0,1,0,0,0.0,0.0,0.010033444816053512,0.0,0.0014895729890764646,0.025433526011560695,0.001323918799646955,0.010708822029576747,0.02570093457943925,0.005596211795092553
215,The Starry Night,2,2,4,4,2,3,4,0,0,1,0,1,1,1,1,1,0,0,0,500.0,0.0025591810620601407,0.0,0.03884615384615385,0.021847070506454815,0.0,0.05825242718446602,0.09382967873533911,0.016355140186915886,0.09255273353422298
217,The Starry Night,9,2,4,3,1,3,4,0,0,1,1,1,1,0,1,0,1,1,0,100.0,0.01055662188099808,0.0,0.019615384615384618,0.023833167825223434,0.0,0.02383053839364519,0.09637939826619071,0.002336448598130841,0.03745157124408093
218,The Starry Night,6,2,4,4,1,3,2,0,0,0,0,1,1,1,0,0,0,0,1,1000.0,0.011196417146513118,0.0,0.02846153846153846,0.039721946375372394,0.0023121387283236996,0.030008826125330984,0.10810810810810809,0.016355140186915886,0.07705553164012052
219,The Starry Night,10,2,4,3,2,5,2,0,0,0,0,1,1,0,0,0,1,0,0,875000000.0,0.007677543186180422,0.026755852842809364,0.0,0.01737835153922542,0.006936416184971098,0.000441306266548985,0.07343192248852626,0.010514018691588784,0.0034438226431338786
220,The Starry Night,7,3,2,5,1,4,3,0,0,0,0,1,1,0,0,0,0,0,1,10000.0,0.02047344849648113,0.043478260869565216,0.01,0.043197616683217484,0.03352601156069364,0.011032656663724624,0.09382967873533911,0.04789719626168224,0.02152389151958674
221,The Starry Night,2,3,2,3,2,3,4,1,0,1,0,1,0,0,1,0,1,0,0,2000.0,0.002239283429302623,0.002229654403567447,0.013076923076923076,0.018867924528301886,0.003468208092485549,0.01323918799646955,0.031106578276389598,0.1308411214953271,0.02668962548428756
1,The Water Lily Pond,0,2,5,5,1,0,0,0,0,0,0,0,0,0,0,0,0,0,0,0.0,0.0,0.002229654403567447,0.0,0.0014895729890764648,0.003468208092485549,0.000441306266548985,0.002039775624681285,0.1308411214953271,0.004304778303917348
2,The Water Lily Pond,0,0,0,0,0,0,0,0,0,0,0,0,0,0,0,0,0,0,0,0.0,0.016954574536148435,0.0011148272017837235,0.0003846153846153846,0.041211519364448855,0.0,0.0,0.06986231514533402,0.016355140186915886,0.0038743004735256135
3,The Water Lily Pond,7,1,5,5,1,3,1,0,0,0,0,0,0,0,0,0,0,0,0,20.0,0.015035188739603326,0.0011148272017837235,0.015000000000000001,0.005461767626613704,0.005780346820809249,0.016328331862312445,0.025497195308516067,0.005841121495327103,0.044339216530348696
5,The Water Lily Pond,5,1,4,4,1,4,2,0,0,1,1,0,0,0,1,0,0,1,1,100.0,0.0067178502879078695,0.0011148272017837235,0.005384615384615385,0.060575968222442905,0.004624277456647399,0.009267431597528684,0.0744518103008669,0.005841121495327103,0.021093413689195005
6,The Water Lily Pond,4,1,4,5,1,2,3,1,0,0,0,1,1,0,0,0,0,1,0,60000.0,0.0025591810620601407,0.04236343366778149,0.0015384615384615385,0.0024826216484607746,0.14797687861271674,0.007502206531332744,0.020397756246812854,0.0794392523364486,0.024106758501937147
10,The Water Lily Pond,9,1,5,5,1,1,1,0,0,0,0,0,0,0,1,0,0,1,0,100000.0,0.0047984644913627635,0.002229654403567447,0.0057692307692307696,0.01737835153922542,0.003468208092485549,0.009267431597528684,0.029066802651708315,0.1378504672897196,0.026259147653895816
11,The Water Lily Pond,8,1,5,4,1,4,1,0,1,1,0,0,0,0,1,0,0,1,1,500.0,0.0012795905310300703,0.010033444816053512,0.03538461538461539,0.009433962264150943,0.025433526011560695,0.04721977052074139,0.033656297807241206,0.0397196261682243,0.08523461041756353
13,The Water Lily Pond,7,1,5,5,1,4,4,1,0,1,1,1,1,1,1,0,0,1,1,2.0,0.1388355726167626,0.005574136008918618,0.10538461538461537,0.21300893743793453,0.017341040462427744,0.14651368049426303,0.2819989801121875,0.015186915887850467,0.19672836848902284
14,The Water Lily Pond,6,1,5,4,1,4,4,0,1,1,0,1,1,1,0,0,0,1,1,10000.0,0.022072936660268713,0.007803790412486064,0.02615384615384616,0.07249255213505462,0.004624277456647399,0.045454545454545456,0.08771035186129524,0.010514018691588784,0.06758501937150237
15,The Water Lily Pond,5,2,4,5,1,1,1,1,0,1,1,1,1,0,1,0,0,1,0,2000000.0,0.0,0.0,0.0,0.0,0.0,0.0,0.0,0.0,0.0
17,The Water Lily Pond,6,2,5,5,1,4,5,0,0,1,0,0,1,0,0,0,0,1,0,80.0,0.0,0.0,0.0,0.0,0.0,0.0,0.0,0.0,0.0
19,The Water Lily Pond,1,2,5,5,1,1,1,0,0,1,1,1,1,1,0,0,0,1,0,450.0,0.005438259756877799,0.026755852842809368,0.01,0.0014895729890764646,0.046242774566473986,0.009267431597528686,0.001529831718510964,0.014018691588785045,0.010331467929401636
21,The Water Lily Pond,8,1,5,5,1,4,1,0,0,0,0,1,1,1,0,0,0,1,1,250.0,0.04286628278950736,0.021181716833890748,0.011153846153846153,0.030287984111221453,0.03468208092485549,0.00353045013239188,0.020907700152983173,0.008177570093457943,0.002152389151958674
22,The Water Lily Pond,6,1,5,5,1,3,4,0,0,1,0,1,1,0,1,1,0,1,0,250.0,0.09884836852207296,0.005574136008918618,0.013076923076923076,0.013902681231380339,0.004624277456647399,0.00529567519858782,0.006629270780214177,0.012850467289719626,0.002582866982350409
25,The Water Lily Pond,8,1,5,5,1,3,1,0,0,1,1,1,1,1,1,0,0,1,1,100.0,0.004158669225847729,0.002229654403567447,0.009615384615384614,0.003972194637537239,0.0023121387283236996,0.00706090026478376,0.002039775624681285,0.0011682242990654205,0.02668962548428756
26,The Water Lily Pond,6,1,5,5,1,2,1,0,0,1,0,0,0,0,1,0,0,1,0,400.0,0.20441458733205375,0.027870680044593088,0.003076923076923077,0.03475670307845084,0.019653179190751446,0.0039717563989408655,0.022437531871494134,0.01985981308411215,0.0012914334911752045
28,The Water Lily Pond,6,2,4,4,2,4,3,0,0,1,0,1,0,0,0,0,0,1,0,50.0,0.012795905310300705,0.033444816053511704,0.055769230769230765,0.009930486593843098,0.09132947976878612,0.023389232127096208,0.0005099439061703213,0.036214953271028034,0.015497201894102454
30,The Water Lily Pond,2,3,4,4,2,2,1,1,1,1,0,1,1,1,1,0,0,1,0,300.0,0.0943698016634677,0.014492753623188406,0.0011538461538461537,0.006951340615690168,0.0023121387283236996,0.0,0.00407955124936257,0.002336448598130841,0.0
31,The Water Lily Pond,7,4,4,4,1,3,2,1,1,1,0,1,1,0,0,0,0,1,1,10.0,0.0783749200255918,0.0011148272017837235,0.0030769230769230774,0.006951340615690168,0.0011560693641618498,0.00088261253309797,0.006119326874043855,0.0,0.00043047783039173483
32,The Water Lily Pond,6,1,4,5,1,1,1,0,0,1,0,1,1,0,0,0,0,1,0,100.0,0.0,0.0,0.0,0.0,0.0,0.0,0.0,0.0,0.0
33,The Water Lily Pond,3,1,4,5,1,2,1,0,0,1,1,1,0,0,1,0,0,0,1,25.0,0.0,0.0,0.0,0.0,0.0,0.0,0.0,0.0,0.0
34,The Water Lily Pond,4,1,4,5,1,2,2,0,0,0,0,1,0,0,0,0,0,1,0,4000.0,0.0,0.0,0.0,0.0,0.0,0.0,0.0,0.0,0.0
35,The Water Lily Pond,5,1,4,4,1,1,2,0,0,1,0,1,1,1,1,0,0,1,1,4.0,0.0,0.0,0.0,0.0,0.0,0.0,0.0,0.0,0.0
36,The Water Lily Pond,2,1,4,4,1,1,2,0,0,1,0,0,1,0,0,0,0,1,0,88.0,0.0,0.002229654403567447,0.0,0.0,0.0,0.0,0.0,0.0,0.0
37,The Water Lily Pond,6,1,4,4,2,2,3,0,1,1,0,1,1,0,1,0,0,1,0,20.0,0.0850927703134997,0.005574136008918618,0.07115384615384618,0.00893743793445879,0.0023121387283236996,0.06222418358340689,0.005099439061703214,0.0011682242990654205,0.04778303917348256
38,The Water Lily Pond,7,4,4,5,1,3,3,0,1,1,1,1,1,0,1,0,0,1,1,50000.0,0.0,0.0,0.0,0.0,0.0,0.0,0.0,0.0,0.0
40,The Water Lily Pond,2,3,4,5,1,2,2,0,0,0,0,1,0,0,0,0,0,1,0,100000.0,0.11740243122200893,0.0011148272017837235,0.0823076923076923,0.026315789473684213,0.0,0.04589585172109445,0.012748597654258032,0.0,0.026259147653895826
41,The Water Lily Pond,6,1,5,5,1,1,1,0,1,1,0,0,1,0,1,0,0,1,1,20000.0,0.0396673064619322,0.022296544035674472,0.0053846153846153835,0.020357497517378354,0.02543352601156069,0.00176522506619594,0.009178990311065782,0.002336448598130841,0.002152389151958674
42,The Water Lily Pond,7,2,5,5,1,2,3,1,1,1,0,1,1,1,0,0,0,1,0,250000.0,0.0,0.0,0.0,0.0,0.0,0.0,0.0,0.0,0.0
43,The Water Lily Pond,3,2,3,4,4,3,1,0,0,1,1,0,1,0,0,0,0,1,1,5000.0,0.03550863723608445,0.0,0.0,0.009930486593843098,0.0,0.0,0.00815910249872514,0.0,0.0
44,The Water Lily Pond,7,1,5,5,1,2,3,0,0,1,1,0,1,0,1,0,0,1,1,50.0,0.026231605886116442,0.043478260869565216,0.07230769230769231,0.014895729890764648,0.009248554913294797,0.04810238305383936,0.0005099439061703213,0.009345794392523364,0.04735256134309083
45,The Water Lily Pond,5,1,2,5,1,5,4,1,1,1,1,1,1,1,1,0,0,0,1,100000.0,0.01727447216890595,0.01226309921962096,0.006153846153846154,0.009433962264150945,0.016184971098265895,0.01059135039717564,0.0025497195308516064,0.005841121495327103,0.005596211795092553
46,The Water Lily Pond,7,1,5,4,1,3,3,0,0,1,1,1,1,1,0,0,0,1,1,25.0,0.005758157389635317,0.028985507246376812,0.14576923076923076,0.003972194637537239,0.04739884393063584,0.0944395410414828,0.002039775624681285,0.026869158878504672,0.07576409814894533
48,The Water Lily Pond,10,1,4,5,1,1,1,0,0,1,1,1,1,0,1,0,0,1,1,2000.0,0.015674984005118364,0.0011148272017837235,0.026153846153846153,0.0019860973187686196,0.004624277456647399,0.03353927625772286,0.0005099439061703213,0.0,0.0297029702970297
49,The Water Lily Pond,8,1,5,4,1,4,1,0,1,1,1,1,1,1,0,0,0,1,0,100.0,0.011196417146513116,0.004459308807134894,0.006153846153846154,0.006454816285998014,0.0,0.00706090026478376,0.006629270780214177,0.0035046728971962616,0.005596211795092553
50,The Water Lily Pond,10,2,3,3,1,1,30,0,0,0,1,1,1,1,1,0,0,1,1,700000000.0,0.0028790786948176585,0.005574136008918618,0.0003846153846153846,0.0004965243296921549,0.0011560693641618498,0.0,0.0010198878123406426,0.0011682242990654205,0.0
51,The Water Lily Pond,6,1,4,5,1,2,3,0,1,0,0,1,0,0,0,0,0,1,1,2500.0,0.07485604606525913,0.0011148272017837235,0.0007692307692307692,0.006951340615690169,0.0,0.0,0.002039775624681285,0.002336448598130841,0.0
52,The Water Lily Pond,3,3,3,3,3,1,1,1,0,0,0,0,0,1,0,0,0,1,0,5.0,0.07613563659628919,0.05351170568561873,0.05923076923076923,0.004965243296921549,0.011560693641618497,0.025154457193292148,0.0015298317185109638,0.015186915887850466,0.01635815755488592
53,The Water Lily Pond,6,2,5,5,1,5,1,1,1,1,1,1,1,0,1,0,0,1,1,100.0,0.12316058861164428,0.01560758082497213,0.08,0.030287984111221453,0.0023121387283236996,0.06001765225066197,0.04487506374298827,0.002336448598130841,0.05165733964700818
54,The Water Lily Pond,7,1,5,5,1,9,9,0,1,1,1,1,1,1,1,0,0,0,1,1500.0,0.02111324376199616,0.011148272017837236,0.01730769230769231,0.008440913604766634,0.0011560693641618498,0.00794351279788173,0.0,0.0035046728971962616,0.008179078777442962
56,The Water Lily Pond,3,1,5,5,2,3,1,0,0,1,0,0,1,0,1,0,0,1,0,2000000.0,0.013435700575815739,0.04793756967670011,0.06692307692307693,0.009433962264150943,0.005780346820809248,0.033097969991173884,0.002039775624681285,0.009345794392523364,0.02927249246663797
58,The Water Lily Pond,3,1,5,4,1,2,1,0,1,1,0,0,1,0,1,0,0,1,0,2000.0,0.042546385156749834,0.04459308807134893,0.09576923076923079,0.0938430983118173,0.10520231213872831,0.06663724624889672,0.09331973482916879,0.04789719626168224,0.07404218682737838
59,The Water Lily Pond,8,1,5,5,1,3,1,0,0,1,1,1,1,0,0,0,0,1,1,20000000.0,0.19897632757517592,0.0011148272017837235,0.10038461538461539,0.04220456802383316,0.0,0.07811120917917035,0.0382457929627741,0.0,0.07877744296168745
61,The Water Lily Pond,7,1,5,5,1,2,3,0,0,1,1,1,1,0,1,0,0,1,1,20000.0,0.100127959053103,0.007803790412486064,0.06846153846153846,0.01737835153922542,0.0023121387283236996,0.0851721094439541,0.018357980622131564,0.002336448598130841,0.08006887645286268
63,The Water Lily Pond,7,4,5,5,1,6,3,1,0,0,0,0,0,0,1,0,0,0,1,200000.0,0.135956493921945,0.021181716833890748,0.07807692307692307,0.023336643495531276,0.03468208092485549,0.056045895851721095,0.014788373278939318,0.008177570093457943,0.04261730520878175
64,The Water Lily Pond,3,3,4,4,1,2,2,0,1,1,0,0,0,1,0,0,0,1,1,100.0,0.006397952655150352,0.004459308807134894,0.025384615384615387,0.007944389275074478,0.0,0.014563106796116505,0.007649158592554819,0.002336448598130841,0.01162290142057684
65,The Water Lily Pond,8,1,5,5,1,2,2,0,1,1,0,1,1,0,1,0,0,1,0,500.0,0.0012795905310300703,0.026755852842809364,0.008076923076923077,0.0,0.09132947976878612,0.0,0.0,0.036214953271028034,0.0
66,The Water Lily Pond,6,1,5,5,1,2,1,0,0,1,1,0,1,1,0,0,0,1,0,50.0,0.002239283429302623,0.026755852842809364,0.0003846153846153846,0.018867924528301886,0.006936416184971098,0.0,0.033656297807241206,0.010514018691588784,0.0
67,The Water Lily Pond,9,1,5,5,1,4,4,1,1,0,0,1,1,1,1,0,0,1,0,350.0,0.024632117722328855,0.007803790412486065,0.037307692307692306,0.013406156901688181,0.013872832369942197,0.045013239187996476,0.009178990311065782,0.002336448598130841,0.03314679294016358
68,The Water Lily Pond,6,1,4,4,1,3,3,1,0,1,0,1,1,0,0,0,0,0,1,1000.0,0.0067178502879078695,0.0011148272017837235,0.006538461538461538,0.005461767626613705,0.0,0.0048543689320388345,0.011218765935747067,0.0,0.010331467929401636
69,The Water Lily Pond,3,1,5,5,1,5,2,0,0,1,1,1,1,0,1,0,0,1,0,60000000.0,0.019513755598208574,0.03455964325529543,0.0,0.017874875868917575,0.010404624277456647,0.0,0.009178990311065782,0.009345794392523364,0.0
71,The Water Lily Pond,3,1,5,3,2,1,1,0,0,1,1,1,1,0,0,0,0,1,0,20.0,0.0003198976327575176,0.002229654403567447,0.005384615384615384,0.0,0.0,0.01059135039717564,0.0,0.0,0.005596211795092553
72,The Water Lily Pond,5,1,5,4,1,1,2,1,0,1,1,1,1,0,1,0,0,1,1,2000.0,0.08541266794625721,0.002229654403567447,0.001923076923076923,0.011420059582919563,0.0,0.0,0.009178990311065782,0.002336448598130841,0.0
73,The Water Lily Pond,7,2,5,5,2,3,3,1,1,1,1,1,1,1,0,0,0,1,1,10000000.0,0.07997440818937941,0.011148272017837236,0.06692307692307692,0.009930486593843098,0.003468208092485549,0.026478375992939104,0.0030596634370219276,0.003504672897196261,0.017219113215669393
74,The Water Lily Pond,8,1,5,5,1,20,4,0,1,1,1,1,1,1,1,0,0,1,0,400000000.0,0.0291106845809341,0.004459308807134894,0.054615384615384614,0.008937437934458788,0.0,0.06310679611650485,0.001529831718510964,0.0011682242990654205,0.05596211795092553
76,The Water Lily Pond,7,1,5,5,1,1,2,0,1,1,0,1,0,0,0,0,0,1,0,7000.0,0.019513755598208574,0.0011148272017837235,0.0007692307692307692,0.006951340615690168,0.0,0.0,0.0,0.0,0.0
77,The Water Lily Pond,7,2,5,4,2,2,1,0,0,0,1,1,0,0,0,0,0,1,0,30.0,0.09181062060140756,0.042363433667781496,0.054230769230769235,0.01737835153922542,0.005780346820809248,0.02118270079435128,0.010708822029576747,0.009345794392523364,0.015927679724494187
78,The Water Lily Pond,9,2,4,5,2,8,1,1,0,0,1,1,1,0,1,0,0,1,0,100000.0,0.09948816378758799,0.04793756967670011,0.08653846153846152,0.005958291956305859,0.005780346820809248,0.03574580759046779,0.002039775624681285,0.009345794392523364,0.026259147653895823
79,The Water Lily Pond,3,1,4,3,1,4,3,0,0,1,0,1,1,0,0,0,0,1,0,200000.0,0.2120921305182342,0.0668896321070234,0.11423076923076929,0.03674280039721947,0.017341040462427744,0.05339805825242719,0.027027027027027032,0.010514018691588784,0.03572965992251398
80,The Water Lily Pond,2,1,5,5,1,1,1,1,1,1,1,1,1,1,1,0,0,1,1,1000.0,0.10204734484964811,0.0033444816053511705,0.013846153846153845,0.016385302879841114,0.003468208092485549,0.00529567519858782,0.011218765935747067,0.0,0.006026689625484288
81,The Water Lily Pond,7,1,4,4,1,2,1,0,1,1,0,1,1,0,0,0,0,1,1,300.0,0.0003198976327575176,0.026755852842809364,0.0007692307692307692,0.0009930486593843098,0.006936416184971098,0.0022065313327449252,0.0005099439061703213,0.010514018691588784,0.0008609556607834697
82,The Water Lily Pond,10,1,5,4,1,4,4,0,0,1,0,1,0,0,0,0,0,1,0,500.0,0.108765195137556,0.004459308807134894,0.002692307692307692,0.024826216484607748,0.0,0.0,0.017338092809790925,0.0035046728971962616,0.0012914334911752045
83,The Water Lily Pond,8,1,5,5,1,3,2,0,0,1,1,1,1,0,1,0,0,1,1,5000000.0,0.08477287268074217,0.044593088071348944,0.04038461538461539,0.008440913604766634,0.005780346820809248,0.041924095322153576,0.006629270780214177,0.009345794392523364,0.03142488161859665
84,The Water Lily Pond,7,3,4,4,2,1,1,1,0,1,0,1,0,1,0,0,0,0,1,20.0,0.08157389635316699,0.03121516164994426,0.061538461538461535,0.004965243296921549,0.006936416184971098,0.025595763459841134,0.0015298317185109638,0.005841121495327103,0.015927679724494187
87,The Water Lily Pond,8,1,5,4,1,2,3,0,0,1,1,1,1,0,1,0,0,1,0,10000.0,0.0019193857965451055,0.002229654403567447,0.018461538461538463,0.0029791459781529296,0.0,0.029567519858781997,0.0035696073431922487,0.0,0.02324580284115368
91,The Water Lily Pond,10,1,5,5,1,5,4,1,0,1,0,1,1,1,1,0,0,1,1,75000.0,0.08861164427383238,0.014492753623188406,0.026153846153846153,0.020854021847070504,0.0023121387283236996,0.011032656663724626,0.012238653748087708,0.0,0.006026689625484288
92,The Water Lily Pond,8,1,4,4,1,5,3,0,0,1,0,1,1,0,0,0,0,1,0,300.0,0.011516314779270634,0.02564102564102564,0.09730769230769232,0.0024826216484607746,0.021965317919075144,0.05251544571932922,0.0,0.0011682242990654205,0.03357727077055532
93,The Water Lily Pond,4,1,5,3,1,1,2,0,0,1,1,1,1,0,1,0,0,1,1,10000.0,0.019513755598208574,0.026755852842809364,0.022692307692307692,0.006951340615690168,0.006936416184971098,0.010150044130626656,0.0,0.010514018691588784,0.004735256134309083
94,The Water Lily Pond,3,1,5,5,1,2,2,1,0,0,0,0,1,0,0,0,0,1,0,350.0,0.09117082533589252,0.013377926421404682,0.01076923076923077,0.008937437934458788,0.006936416184971098,0.007943512797881731,0.010708822029576745,0.018691588785046728,0.006026689625484288
95,The Water Lily Pond,9,2,5,5,1,4,3,0,0,1,0,0,0,0,1,0,0,1,1,100.0,0.1036468330134357,0.045707915273132664,0.06653846153846155,0.014399205561072492,0.008092485549132947,0.03221535745807591,0.011218765935747069,0.010514018691588784,0.0284115368058545
96,The Water Lily Pond,8,1,5,5,1,4,6,1,1,1,1,1,1,0,1,0,0,1,1,600000.0,0.04254638515674984,0.002229654403567447,0.01769230769230769,0.013406156901688185,0.0011560693641618498,0.0057369814651368044,0.012238653748087712,0.0,0.002582866982350409
97,The Water Lily Pond,8,1,5,4,1,10,1,0,1,1,1,1,1,0,1,0,0,1,0,8000.0,0.12028150991682664,0.011148272017837236,0.0011538461538461537,0.017874875868917575,0.016184971098265895,0.0,0.011728709841917389,0.005841121495327103,0.0
98,The Water Lily Pond,10,1,5,5,1,3,2,0,0,0,0,0,0,0,1,0,0,0,1,30.0,0.3112603966730646,0.05462653288740244,0.04115384615384616,0.0615690168818272,0.010404624277456646,0.03221535745807591,0.03467618561958184,0.011682242990654205,0.05380972879896685
99,The Water Lily Pond,3,1,4,5,1,1,1,1,0,1,1,1,1,0,1,0,0,1,0,100.0,0.08317338451695458,0.0033444816053511705,0.054615384615384614,0.005958291956305859,0.008092485549132947,0.021624007060900268,0.0025497195308516064,0.009345794392523364,0.015066724063710719
101,The Water Lily Pond,2,2,5,5,1,2,1,1,1,1,0,0,0,0,1,0,0,1,1,100000.0,0.007037747920665387,0.006688963210702341,0.0034615384615384616,0.0019860973187686196,0.009248554913294798,0.001323918799646955,0.0,0.0011682242990654205,0.0
102,The Water Lily Pond,6,1,4,4,1,3,1,0,0,1,0,1,1,1,0,0,0,1,0,100000.0,0.11772232885476647,0.05351170568561873,0.12999999999999998,0.033763654419066536,0.015028901734104046,0.060017652250661975,0.01733809280979092,0.014018691588785047,0.04476969436074042
104,The Water Lily Pond,8,1,5,4,1,5,8,0,1,1,1,1,0,0,1,0,0,1,1,400.0,0.02815099168266155,0.007803790412486065,0.028846153846153844,0.020854021847070504,0.015028901734104046,0.03089143865842895,0.010198878123406425,0.002336448598130841,0.023676280671545417
105,The Water Lily Pond,3,1,4,4,2,1,2,0,0,1,0,0,1,0,0,0,0,1,0,60000.0,0.09916826615483046,0.010033444816053512,0.002307692307692308,0.013406156901688183,0.025433526011560695,0.0,0.009688934217236104,0.02570093457943925,0.0
107,The Water Lily Pond,9,2,5,5,1,2,3,1,1,1,1,1,1,0,1,0,0,1,0,100000.0,0.007677543186180422,0.0011148272017837235,0.019230769230769232,0.0024826216484607746,0.0,0.018976169461606355,0.003059663437021928,0.0,0.022384847180370208
108,The Water Lily Pond,6,1,5,5,2,3,1,0,0,0,0,1,1,0,0,0,0,1,0,50000.0,0.09852847088931542,0.007803790412486065,0.013076923076923076,0.0253227408142999,0.015028901734104046,0.003089143865842895,0.01733809280979092,0.002336448598130841,0.00043047783039173483
109,The Water Lily Pond,8,4,4,5,1,2,1,0,0,1,1,1,1,0,0,0,0,1,1,4000.0,0.019513755598208574,0.026755852842809364,0.022692307692307692,0.006951340615690168,0.09132947976878612,0.030450132391879967,0.0,0.036214953271028034,0.02582866982350409
110,The Water Lily Pond,9,3,5,5,3,1,2,1,0,1,0,0,0,1,0,0,0,1,0,400.0,0.08861164427383238,0.002229654403567447,0.06653846153846155,0.008937437934458788,0.0,0.03221535745807591,0.0030596634370219276,0.0,0.02324580284115368
112,The Water Lily Pond,6,2,4,4,1,1,3,0,0,0,0,1,0,0,0,0,0,1,1,0.0,0.27927063339731284,0.008918617614269788,0.06346153846153846,0.04121151936444887,0.008092485549132947,0.035304501323918804,0.02600713921468639,0.002336448598130841,0.02023245802841154
114,The Water Lily Pond,8,2,4,4,1,1,2,1,0,0,0,0,1,0,0,0,0,1,0,100.0,0.0006397952655150352,0.005574136008918618,0.09153846153846155,0.0,0.0011560693641618498,0.03751103265666373,0.0,0.0,0.029272492466637965
117,The Water Lily Pond,5,1,4,4,2,3,1,1,0,0,0,1,1,0,0,0,0,1,1,80.0,0.13691618682021756,0.032329988851727984,0.0003846153846153846,0.027805362462760677,0.008092485549132947,0.0,0.01580826109127996,0.010514018691588784,0.0
118,The Water Lily Pond,2,1,4,4,2,1,2,0,0,1,0,0,1,0,0,0,0,0,1,500.0,0.008317338451695458,0.0011148272017837235,0.003076923076923077,0.0019860973187686196,0.0,0.0044130626654898504,0.004589495155532891,0.0,0.002152389151958674
122,The Water Lily Pond,4,1,5,5,1,2,2,1,1,1,1,1,1,1,0,0,0,1,0,50000000.0,0.2680742162507998,0.033444816053511704,0.14807692307692305,0.07696127110228401,0.024277456647398842,0.11253309796999118,0.049974502804691484,0.012850467289719624,0.10503659061558329
123,The Water Lily Pond,6,1,5,5,1,3,1,1,1,1,0,1,1,1,1,0,0,1,1,200.0,0.1525911708253359,0.006688963210702341,0.003076923076923077,0.027805362462760674,0.003468208092485549,0.001323918799646955,0.021417644059153498,0.005841121495327103,0.00043047783039173483
124,The Water Lily Pond,9,2,2,4,4,2,2,1,1,1,0,1,1,1,0,0,0,1,0,50.0,0.13787587971849008,0.002229654403567447,0.10615384615384614,0.10029791459781529,0.0,0.05869373345101502,0.09178990311065782,0.0,0.056392595781317265
125,The Water Lily Pond,4,2,4,4,2,4,2,0,0,1,0,1,1,1,0,0,0,1,0,500.0,0.04670505438259757,0.0011148272017837235,0.03884615384615385,0.01886792452830189,0.0023121387283236996,0.03883495145631068,0.026517083120856703,0.0,0.027981058975462762
126,The Water Lily Pond,5,3,5,4,2,3,2,0,0,1,1,1,1,1,0,0,0,1,1,200.0,0.33237364043506085,0.010033444816053512,0.07807692307692307,0.050148957298907636,0.004624277456647399,0.09664607237422772,0.03467618561958184,0.003504672897196261,0.09427464485578993
127,The Water Lily Pond,10,1,5,5,1,3,1,0,0,1,0,0,1,0,0,0,0,1,0,100.0,0.08285348688419707,0.023411371237458192,0.05692307692307692,0.004965243296921549,0.003468208092485549,0.022506619593998238,0.0015298317185109638,0.003504672897196261,0.015066724063710719
130,The Water Lily Pond,8,1,5,5,1,4,1,0,0,1,1,1,1,0,1,0,0,0,1,120.0,0.11868202175303905,0.016722408026755856,0.010384615384615384,0.022840119165839126,0.020809248554913295,0.009267431597528686,0.009178990311065782,0.018691588785046728,0.013775290572535515
131,The Water Lily Pond,2,1,5,5,1,1,1,1,0,0,0,1,0,0,0,0,0,0,1,100.0,0.10556621880998081,0.002229654403567447,0.07461538461538461,0.015888778550148957,0.0,0.03133274492497794,0.022437531871494137,0.0,0.02927249246663797
132,The Water Lily Pond,6,1,5,4,1,1,2,0,0,1,0,1,1,1,0,0,0,0,1,1000.0,0.00831733845169546,0.0011148272017837235,0.01884615384615385,0.006454816285998014,0.008092485549132947,0.041482789055604596,0.005609382967873534,0.0035046728971962616,0.041325871717606544
134,The Water Lily Pond,2,2,4,5,2,2,1,0,0,0,1,0,1,0,0,0,0,0,1,300.0,0.08253358925143954,0.030100334448160536,0.0011538461538461537,0.007944389275074478,0.006936416184971098,0.000441306266548985,0.007139214686384498,0.005841121495327103,0.0
135,The Water Lily Pond,9,2,5,4,1,3,2,0,1,1,0,1,1,1,1,0,0,1,0,60.0,0.005758157389635317,0.0011148272017837235,0.012307692307692306,0.004468718967229395,0.0011560693641618498,0.006619593998234774,0.0010198878123406426,0.0,0.002582866982350409
138,The Water Lily Pond,3,2,4,3,2,1,3,0,0,1,0,1,1,1,0,0,0,1,1,10000.0,0.11548304542546386,0.021181716833890748,0.06692307692307693,0.02631578947368421,0.03468208092485549,0.02868490732568403,0.010708822029576745,0.008177570093457943,0.022815325010761944
139,The Water Lily Pond,3,1,5,4,1,4,1,0,0,1,0,1,0,0,0,0,0,1,0,50.0,0.019513755598208574,0.0011148272017837235,0.06307692307692309,0.006951340615690168,0.0,0.02824360105913504,0.0,0.0,0.019371502367628066
140,The Water Lily Pond,5,2,4,5,1,7,5,0,1,1,1,1,1,1,1,0,0,1,0,50.0,0.020153550863723606,0.007803790412486064,0.0,0.016385302879841114,0.0023121387283236996,0.0,0.004589495155532892,0.002336448598130841,0.0
141,The Water Lily Pond,5,2,4,4,2,4,5,0,0,1,1,1,1,0,0,0,0,1,1,1000000000.0,0.018234165067178502,0.043478260869565216,0.016923076923076923,0.01092353525322741,0.005780346820809248,0.00353045013239188,0.0005099439061703213,0.009345794392523364,0.0008609556607834697
142,The Water Lily Pond,4,2,4,4,2,3,2,0,0,0,0,1,1,0,1,0,0,0,1,25000.0,0.08797184900831734,0.044593088071348944,0.005769230769230769,0.018867924528301886,0.005780346820809248,0.01059135039717564,0.010708822029576745,0.009345794392523364,0.005596211795092553
144,The Water Lily Pond,4,1,5,5,2,1,1,0,1,1,0,1,1,0,1,0,0,1,0,1000.0,0.154510556621881,0.05239687848383501,0.05923076923076923,0.012909632571996028,0.005780346820809248,0.02559576345984113,0.006119326874043856,0.009345794392523364,0.017649591046061126
145,The Water Lily Pond,4,2,5,5,1,9,4,0,0,0,1,0,0,0,1,0,0,1,0,700.0,0.004478566858605246,0.030100334448160536,0.023846153846153847,0.0004965243296921549,0.006936416184971098,0.008826125330979701,0.0,0.005841121495327103,0.01076194575979337
146,The Water Lily Pond,6,1,5,5,1,5,3,1,1,1,1,0,1,0,1,0,0,1,1,40.0,0.02015355086372361,0.004459308807134894,0.0003846153846153846,0.007447864945382323,0.003468208092485549,0.000441306266548985,0.0,0.0035046728971962616,0.0
147,The Water Lily Pond,5,1,4,4,2,1,2,1,1,0,0,0,0,0,1,0,0,1,0,1000.0,0.01183621241202815,0.004459308807134894,0.009615384615384614,0.062065541211519366,0.015028901734104046,0.011915269196822596,0.07241203467618561,0.005841121495327103,0.007318123116659492
149,The Water Lily Pond,4,1,5,5,1,1,1,0,1,1,0,1,0,0,1,0,0,1,1,30.0,0.023672424824056303,0.0379041248606466,0.012307692307692308,0.008440913604766634,0.048554913294797684,0.0044130626654898504,0.0005099439061703213,0.009345794392523364,0.0008609556607834697
151,The Water Lily Pond,8,1,5,4,1,2,1,1,1,1,1,1,1,0,0,0,0,1,0,50.0,0.12635956493921946,0.04793756967670011,0.14923076923076922,0.08291956305858987,0.005780346820809248,0.10458958517210946,0.08924018357980622,0.009345794392523364,0.08996986655187257
154,The Water Lily Pond,9,1,5,4,1,1,2,0,0,1,0,1,1,0,1,0,0,0,1,200.0,0.023992322456813823,0.0011148272017837235,0.05423076923076923,0.014399205561072492,0.0,0.021624007060900268,0.00815910249872514,0.0,0.015066724063710719
155,The Water Lily Pond,8,2,4,5,1,3,2,1,0,0,0,0,1,0,0,0,0,1,0,20000.0,0.04030710172744722,0.006688963210702341,0.03192307692307693,0.018371400198609732,0.009248554913294798,0.06090026478375993,0.017848036715961243,0.0011682242990654205,0.054240206629358585
157,The Water Lily Pond,10,3,5,5,1,2,1,1,0,0,0,1,1,0,1,0,0,1,1,200.0,0.020473448496481125,0.0011148272017837235,0.08653846153846154,0.019860973187686197,0.0,0.06045895851721095,0.015298317185109638,0.0,0.04735256134309083
159,The Water Lily Pond,8,1,4,5,1,1,2,0,0,1,1,1,1,1,1,0,0,0,1,40.0,0.007677543186180423,0.007803790412486065,0.01576923076923077,0.011420059582919563,0.015028901734104046,0.03442188879082083,0.014788373278939317,0.002336448598130841,0.027120103314679296
160,The Water Lily Pond,3,1,4,5,1,1,3,1,1,1,0,0,1,0,0,0,0,1,1,500.0,0.0012795905310300703,0.0033444816053511705,0.02076923076923077,0.0004965243296921549,0.003468208092485549,0.006619593998234775,0.0,0.0,0.0008609556607834697
162,The Water Lily Pond,8,1,4,5,1,4,5,1,0,1,1,1,1,1,1,0,0,1,0,1000.0,0.1692258477287268,0.027870680044593088,0.09576923076923077,0.013902681231380339,0.006936416184971098,0.08208296557811122,0.00815910249872514,0.010514018691588784,0.06715454154111064
163,The Water Lily Pond,3,1,4,5,1,4,2,0,1,1,0,1,1,1,0,0,0,1,1,25.0,0.07869481765834933,0.03121516164994426,0.07807692307692307,0.009433962264150943,0.006936416184971098,0.033539276257722864,0.005609382967873534,0.005841121495327103,0.02582866982350409
164,The Water Lily Pond,4,1,5,5,1,1,2,0,1,0,0,1,0,0,1,0,0,1,0,30000.0,0.019513755598208574,0.030100334448160536,0.01076923076923077,0.011916583912611717,0.006936416184971098,0.0035304501323918797,0.01172870984191739,0.005841121495327103,0.002152389151958674
165,The Water Lily Pond,3,1,5,5,1,1,1,0,1,1,1,1,1,0,1,0,0,1,1,10000000.0,0.04350607805502239,0.022296544035674472,0.07115384615384615,0.016881827209533268,0.03468208092485549,0.03486319505736982,0.012748597654258032,0.009345794392523364,0.021093413689195005
166,The Water Lily Pond,5,1,4,5,2,1,2,0,0,1,0,1,0,0,0,0,0,1,0,100.0,0.10492642354446578,0.0011148272017837235,0.05307692307692308,0.013902681231380337,0.0,0.044130626654898496,0.0030596634370219276,0.0,0.031424881618596634
167,The Water Lily Pond,7,1,5,5,1,1,2,0,1,1,0,1,0,0,1,0,0,1,0,400.0,0.03966730646193218,0.03121516164994426,0.044615384615384626,0.020357497517378347,0.006936416184971098,0.02206531332744925,0.025497195308516064,0.005841121495327103,0.02238484718037021
168,The Water Lily Pond,6,1,5,5,1,2,1,0,0,1,0,1,1,1,0,0,0,1,0,10000.0,0.0009596928982725527,0.026755852842809364,0.05961538461538462,0.0024826216484607746,0.006936416184971098,0.024713150926743165,0.0005099439061703213,0.010514018691588784,0.019371502367628066
169,The Water Lily Pond,4,1,4,4,2,3,2,1,1,1,0,1,1,1,0,0,0,0,1,250000000.0,0.0047984644913627635,0.0033444816053511705,0.05961538461538461,0.0014895729890764648,0.0011560693641618498,0.026037069726390118,0.0005099439061703213,0.0,0.019371502367628066
170,The Water Lily Pond,8,2,5,4,1,4,3,0,1,1,1,1,1,0,0,0,0,1,0,500.0,0.11676263595649393,0.03678929765886288,0.013076923076923076,0.04468718967229394,0.006936416184971098,0.0044130626654898504,0.030086690464048955,0.005841121495327103,0.006026689625484288
171,The Water Lily Pond,8,1,5,5,1,1,1,1,1,1,1,1,1,1,1,0,0,1,1,20.0,0.005758157389635317,0.0011148272017837235,0.0003846153846153846,0.0004965243296921549,0.0,0.0,0.0005099439061703213,0.0,0.0
172,The Water Lily Pond,3,1,4,4,1,1,1,0,0,0,0,1,0,0,0,0,0,1,1,13000.0,0.10620601407549585,0.03901895206243032,0.06423076923076924,0.050148957298907636,0.025433526011560695,0.029126213592233018,0.04844467108618051,0.012850467289719626,0.022384847180370215
174,The Water Lily Pond,3,1,5,5,1,2,1,1,1,1,1,1,1,1,1,0,0,1,1,100.0,0.15547024952015356,0.026755852842809364,0.1107692307692308,0.019364448857994043,0.09132947976878612,0.09046778464254193,0.029576746557878637,0.036214953271028034,0.09470512268618168
175,The Water Lily Pond,3,2,4,5,1,3,1,0,1,1,1,1,1,1,0,0,0,1,1,40.0,0.02527191298784389,0.044593088071348944,0.07846153846153846,0.015888778550148957,0.048554913294797684,0.057369814651368055,0.00815910249872514,0.016355140186915886,0.05725355144210074
177,The Water Lily Pond,1,1,5,5,1,16,8,0,1,1,1,1,1,0,1,0,0,1,1,2000.0,0.08061420345489444,0.005574136008918618,0.07384615384615385,0.006454816285998014,0.0,0.03265666372462489,0.0030596634370219276,0.0011682242990654205,0.022384847180370215
182,The Water Lily Pond,5,2,2,2,3,2,2,1,0,0,1,0,0,0,1,0,0,1,1,20.0,0.008957133717210491,0.005574136008918618,0.06076923076923077,0.010923535253227408,0.0023121387283236996,0.026919682259488084,0.01631820499745028,0.002336448598130841,0.015497201894102454
183,The Water Lily Pond,7,1,5,4,1,2,1,0,0,1,0,1,1,1,0,0,0,1,0,100.0,0.059820857325655785,0.0011148272017837235,0.08615384615384615,0.025819265143992055,0.0011560693641618498,0.05648720211827008,0.020907700152983176,0.0035046728971962616,0.05079638398622471
184,The Water Lily Pond,4,1,5,5,1,3,2,0,0,1,0,0,1,0,0,0,0,1,0,100000000.0,0.08125399872040948,0.026755852842809364,0.0003846153846153846,0.008440913604766634,0.006936416184971098,0.0,0.005099439061703213,0.010514018691588784,0.0
185,The Water Lily Pond,7,1,4,3,1,1,1,0,0,1,0,0,0,0,1,0,0,1,0,499.0,0.07517594369801664,0.030100334448160536,0.001153846153846154,0.004965243296921549,0.006936416184971098,0.006619593998234775,0.0015298317185109638,0.005841121495327103,0.0008609556607834697
186,The Water Lily Pond,4,1,5,4,1,2,1,0,0,1,1,1,1,0,0,0,0,1,1,130.0,0.003518873960332693,0.002229654403567447,0.01846153846153846,0.0024826216484607746,0.0,0.00617828773168579,0.0,0.0011682242990654205,0.0012914334911752045
187,The Water Lily Pond,9,1,4,5,1,1,1,0,0,1,0,0,1,0,1,0,0,1,0,20.0,0.023032629558541268,0.0011148272017837235,0.0007692307692307692,0.008937437934458788,0.0,0.0,0.0010198878123406426,0.0011682242990654205,0.0
188,The Water Lily Pond,6,1,5,4,1,2,1,0,1,0,1,1,1,1,0,0,0,1,1,500.0,0.0019193857965451055,0.013377926421404682,0.006923076923076923,0.0004965243296921549,0.0023121387283236996,0.001323918799646955,0.0,0.002336448598130841,0.0
189,The Water Lily Pond,8,1,5,5,1,2,1,1,0,1,0,1,1,1,1,0,0,1,1,50.0,0.20281509916826615,0.0011148272017837235,0.003076923076923077,0.023833167825223434,0.0,0.0,0.01580826109127996,0.0,0.002152389151958674
193,The Water Lily Pond,6,2,5,4,2,5,2,0,0,0,1,1,1,1,1,0,0,1,1,500.0,0.017914267434420983,0.006688963210702341,0.07615384615384617,0.002979145978152929,0.0023121387283236996,0.03618711385701677,0.002039775624681285,0.0,0.02927249246663797
194,The Water Lily Pond,10,1,5,5,2,3,5,1,1,1,1,1,1,0,0,0,0,1,0,100000000.0,0.017914267434420986,0.0011148272017837235,0.013461538461538462,0.013902681231380337,0.0,0.013680494263018534,0.004589495155532892,0.0,0.010331467929401636
195,The Water Lily Pond,8,1,5,5,1,8,4,1,1,1,1,1,1,0,0,0,0,0,1,1000.0,0.1110044785668586,0.026755852842809364,0.020384615384615383,0.02035749751737835,0.09132947976878612,0.00706090026478376,0.015298317185109638,0.036214953271028034,0.003013344812742144
200,The Water Lily Pond,8,1,4,5,1,1,2,0,0,1,0,0,0,0,1,0,0,1,0,0.0,0.41106845809341025,0.008918617614269788,0.2738461538461536,0.0729890764647468,0.013872832369942197,0.16857899382171226,0.07955124936257009,0.002336448598130841,0.12785191562634526
201,The Water Lily Pond,3,1,4,5,1,2,4,0,0,1,1,0,1,0,1,0,0,0,1,10000.0,0.0006397952655150352,0.002229654403567447,0.01346153846153846,0.0,0.0,0.0052956751985878195,0.0,0.0,0.004304778303917348
206,The Water Lily Pond,5,1,3,3,1,3,4,0,1,1,1,0,1,0,1,0,0,1,1,100000.0,0.09053103007037748,0.005574136008918618,0.05961538461538462,0.007944389275074478,0.0,0.02471315092674316,0.004589495155532892,0.0,0.017649591046061126
207,The Water Lily Pond,8,3,4,4,1,1,1,0,0,1,0,0,0,0,1,0,0,1,0,100.0,0.10012795905310301,0.007803790412486065,0.06692307692307693,0.007447864945382324,0.013872832369942197,0.02471315092674316,0.0025497195308516064,0.002336448598130841,0.019371502367628066
209,The Water Lily Pond,5,1,5,5,1,1,1,0,1,1,1,1,0,0,1,1,0,1,1,45.0,0.11004478566858605,0.034559643255295425,0.03,0.019364448857994043,0.055491329479768786,0.01721094439541042,0.017338092809790925,0.026869158878504672,0.010331467929401636
210,The Water Lily Pond,9,1,5,3,1,2,6,0,1,1,1,1,0,1,1,0,0,1,1,800.0,0.15291106845809344,0.03121516164994426,0.0019230769230769232,0.027805362462760677,0.018497109826589593,0.000441306266548985,0.021927587965323816,0.005841121495327103,0.0
211,The Water Lily Pond,10,1,5,5,1,3,4,0,0,1,1,0,0,0,1,0,0,1,0,10000000.0,0.07901471529110686,0.002229654403567447,0.038461538461538464,0.012413108242303874,0.0,0.009267431597528684,0.003569607343192249,0.0,0.010331467929401636
212,The Water Lily Pond,7,1,5,5,1,3,2,0,0,1,0,0,1,0,1,0,0,1,1,200.0,0.09660908509277033,0.043478260869565216,0.0057692307692307696,0.007447864945382324,0.020809248554913295,0.0039717563989408655,0.0015298317185109638,0.011682242990654205,0.002152389151958674
215,The Water Lily Pond,4,1,5,5,1,2,2,1,1,1,1,1,1,1,1,0,0,1,0,300.0,0.020793346129238645,0.04459308807134894,0.07653846153846156,0.004965243296921549,0.03468208092485549,0.03442188879082084,0.00407955124936257,0.010514018691588784,0.02927249246663797
217,The Water Lily Pond,6,2,4,5,2,3,1,1,0,1,0,0,1,1,0,0,0,1,1,50.0,0.10652591170825336,0.0011148272017837235,0.012692307692307692,0.020854021847070504,0.0,0.01147396293027361,0.010708822029576745,0.0,0.006887645286267757
218,The Water Lily Pond,5,1,5,4,1,1,1,0,1,1,1,1,1,1,0,0,0,1,1,2000.0,0.02015355086372361,0.006688963210702342,0.02538461538461538,0.014399205561072492,0.0023121387283236996,0.003971756398940865,0.014788373278939315,0.002336448598130841,0.0034438226431338786
219,The Water Lily Pond,6,1,5,5,1,5,2,0,0,0,0,1,1,0,1,0,0,1,0,7500000.0,0.10780550223928342,0.030100334448160536,0.11807692307692315,0.030784508440913596,0.013872832369942197,0.05869373345101503,0.024987251402345746,0.003504672897196261,0.050365906155832973
220,The Water Lily Pond,9,1,5,5,1,2,4,0,0,1,1,1,1,1,1,0,0,1,0,20000.0,0.2731925783749201,0.023411371237458196,0.022692307692307692,0.04568023833167825,0.03583815028901734,0.01632833186231245,0.025497195308516067,0.008177570093457943,0.008609556607834697
221,The Water Lily Pond,5,1,5,5,1,2,1,1,0,1,0,1,1,0,1,0,0,1,1,3000.0,0.20601407549584133,0.026755852842809364,0.03192307692307693,0.028798411122144985,0.006936416184971098,0.02471315092674316,0.013258541560428352,0.010514018691588784,0.037451571244080925
223,The Persistence of Memory,0,0,0,0,0,0,0,0,0,0,0,0,0,0,0,0,0,0,0,0.0,0.001599488163787588,0.005574136008918618,0.0003846153846153846,0.0,0.0,0.00176522506619594,0.0,0.0011682242990654205,0.003013344812742144
226,The Persistence of Memory,0,0,0,0,0,0,0,0,0,0,0,0,0,0,0,0,0,0,0,0.0,0.2827895073576456,0.004459308807134894,0.025,0.033267130089374375,0.005780346820809248,0.019417475728155338,0.01886792452830189,0.0,0.012053379250968575
227,The Persistence of Memory,0,0,0,0,0,0,0,0,0,0,0,0,0,0,0,0,0,0,0,0.0,0.0291106845809341,0.004459308807134894,0.07807692307692309,0.06802383316782525,0.003468208092485549,0.06398940864960283,0.08210096889342171,0.0,0.05596211795092554
228,The Persistence of Memory,10,5,2,2,4,6,3,0,1,0,0,0,0,0,1,0,0,0,1,25.0,0.07709532949456174,0.002229654403567447,0.01653846153846154,0.004965243296921549,0.0023121387283236996,0.007502206531332744,0.0015298317185109638,0.0011682242990654205,0.003013344812742144
231,The Persistence of Memory,6,5,3,2,4,6,10,0,1,0,0,1,1,1,1,0,1,0,0,1000.0,0.0834932821497121,0.024526198439241916,0.018846153846153846,0.011916583912611717,0.028901734104046242,0.017210944395410415,0.011218765935747067,0.003504672897196261,0.019371502367628066
232,The Persistence of Memory,6,2,2,2,4,3,4,0,0,0,1,0,0,0,1,1,0,0,0,10.0,0.10972488803582853,0.005574136008918618,0.0073076923076923084,0.01241310824230387,0.004624277456647399,0.00441306266548985,0.0030596634370219276,0.012850467289719626,0.00043047783039173483
233,The Persistence of Memory,7,5,2,2,4,4,5,0,1,0,0,1,0,0,0,1,0,0,0,100.0,0.005118362124120281,0.008918617614269788,0.0007692307692307692,0.0,0.003468208092485549,0.0,0.0015298317185109638,0.0011682242990654205,0.0
234,The Persistence of Memory,7,5,1,2,5,2,4,0,1,0,0,0,0,0,1,1,0,0,0,1000.0,0.013115802943058221,0.002229654403567447,0.06961538461538462,0.013902681231380337,0.003468208092485549,0.028243601059135044,0.009688934217236104,0.1308411214953271,0.021954369349978478
235,The Persistence of Memory,7,2,2,2,2,4,5,1,0,0,0,0,0,0,0,0,1,0,0,0.0,0.003198976327575176,0.002229654403567447,0.0019230769230769232,0.0034756703078450846,0.0,0.003089143865842895,0.0005099439061703213,0.0,0.00043047783039173483
236,The Persistence of Memory,2,2,1,1,4,2,2,1,0,0,0,1,0,0,0,0,0,1,0,10.0,0.012476007677543187,0.005574136008918618,0.07307692307692308,0.015392254220456801,0.011560693641618497,0.028243601059135044,0.009178990311065782,0.003504672897196261,0.020662935858803272
237,The Persistence of Memory,4,4,2,3,4,4,5,1,0,0,0,1,0,0,0,1,0,0,0,10.0,0.008637236084452975,0.0011148272017837235,0.019230769230769232,0.007944389275074478,0.0,0.012797881729920565,0.008669046404895462,0.0,0.005596211795092553
239,The Persistence of Memory,4,4,3,4,3,3,5,0,1,0,0,0,0,0,1,0,0,1,0,10.0,0.08573256557901471,0.04793756967670011,0.010769230769230769,0.019364448857994043,0.005780346820809248,0.013680494263018535,0.008669046404895462,0.009345794392523364,0.0064571674558760225
241,The Persistence of Memory,7,5,1,2,4,4,5,0,1,0,0,0,0,0,1,0,1,0,0,10000.0,0.14779270633397312,0.052396878483835,0.009615384615384616,0.03376365441906654,0.012716763005780347,0.0088261253309797,0.030086690464048958,0.010514018691588784,0.007748600947051227
245,The Persistence of Memory,6,4,2,2,4,6,7,1,0,0,0,1,1,0,0,0,0,1,0,50.0,0.003518873960332694,0.007803790412486065,0.016923076923076923,0.0004965243296921549,0.011560693641618497,0.016328331862312445,0.0010198878123406426,0.003504672897196261,0.01248385708136031
246,The Persistence of Memory,10,5,4,5,4,5,5,0,0,1,0,1,0,0,1,0,0,0,1,35.0,0.06653870761356366,0.0011148272017837235,0.01730769230769231,0.04667328699106256,0.0,0.025595763459841128,0.03467618561958185,0.0,0.016358157554885924
247,The Persistence of Memory,2,4,2,2,4,5,1,1,0,0,0,1,1,0,1,0,0,0,1,10.0,0.0019193857965451055,0.002229654403567447,0.0007692307692307692,0.0029791459781529296,0.0011560693641618498,0.0,0.0035696073431922487,0.0,0.0
250,The Persistence of Memory,4,4,2,2,4,3,7,0,1,1,0,1,0,1,0,0,0,0,1,5000.0,0.07645553422904672,0.013377926421404682,0.06769230769230769,0.004965243296921549,0.0023121387283236996,0.05163283318623125,0.0015298317185109638,0.002336448598130841,0.04046491605682307
254,The Persistence of Memory,4,4,2,2,4,0,0,0,0,0,0,0,0,0,0,0,0,0,0,0.0,0.019513755598208574,0.0011148272017837235,0.022307692307692306,0.006951340615690168,0.0011560693641618498,0.04060017652250662,0.0,0.0,0.040895393887214804
255,The Persistence of Memory,0,0,0,0,0,0,0,0,0,0,0,0,0,0,0,0,0,0,0,0.0,0.020793346129238645,0.011148272017837236,0.0011538461538461537,0.006951340615690168,0.026589595375722544,0.0,0.0,0.026869158878504672,0.0
256,The Persistence of Memory,0,0,0,0,0,0,0,0,0,0,0,0,0,0,0,0,0,0,0,0.0,0.0,0.0,0.0,0.0,0.0,0.0,0.0,0.0,0.0
258,The Persistence of Memory,2,0,0,0,0,0,0,0,0,0,0,0,0,0,0,0,0,0,0,0.0,0.0,0.0,0.0,0.0,0.0,0.0,0.0,0.0,0.0
259,The Persistence of Memory,6,4,3,2,4,7,3,1,0,0,0,0,1,0,0,0,1,0,0,120000.0,0.019513755598208574,0.002229654403567447,0.0003846153846153846,0.006951340615690168,0.048554913294797684,0.0022065313327449252,0.0,0.002336448598130841,0.008609556607834697
260,The Persistence of Memory,4,2,1,3,4,7,9,0,0,0,1,0,0,0,0,1,0,0,0,45.0,0.0,0.006688963210702341,0.0,0.0014895729890764646,0.017341040462427744,0.000441306266548985,0.0,0.003504672897196261,0.0
261,The Persistence of Memory,0,0,0,0,0,0,0,0,0,0,0,0,0,0,0,0,0,0,0,0.0,0.0,0.008918617614269788,0.013461538461538462,0.0004965243296921549,0.005780346820809249,0.015445719329214475,0.0,0.0,0.01248385708136031
262,The Persistence of Memory,9,4,2,2,5,0,0,0,0,0,0,0,0,0,0,0,0,0,0,0.0,0.0003198976327575176,0.0,0.018076923076923077,0.0014895729890764646,0.016184971098265895,0.03883495145631068,0.0005099439061703213,0.004672897196261682,0.030563925957813175
263,The Persistence of Memory,3,4,2,2,4,4,6,0,0,1,0,0,0,1,0,1,0,0,0,5.0,0.004478566858605246,0.0011148272017837235,0.008076923076923077,0.033267130089374375,0.056647398843930635,0.019858781994704325,0.00407955124936257,0.0011682242990654205,0.027981058975462762
266,The Persistence of Memory,6,4,1,2,4,11,7,0,1,0,0,1,0,0,1,1,0,0,0,5.0,0.001599488163787588,0.0011148272017837235,0.009615384615384616,0.007447864945382324,0.056647398843930635,0.007502206531332745,0.009688934217236104,0.0011682242990654205,0.006026689625484288
269,The Persistence of Memory,0,0,0,0,0,0,0,0,0,0,0,0,0,0,0,0,0,0,0,0.0,0.07485604606525913,0.005574136008918618,0.003076923076923077,0.009433962264150943,0.06242774566473988,0.0052956751985878195,0.00407955124936257,0.005841121495327103,0.0012914334911752045
270,The Persistence of Memory,7,0,0,0,0,0,0,0,0,0,0,0,0,0,0,0,0,0,0,0.0,0.010556621880998082,0.0011148272017837235,0.006538461538461538,0.06901688182720954,0.0023121387283236996,0.015445719329214475,0.09127995920448749,0.0011682242990654205,0.017649591046061126
271,The Persistence of Memory,7,4,2,2,4,2,4,0,0,0,0,0,1,0,1,1,1,0,1,50.0,0.003198976327575176,0.0011148272017837235,0.0,0.044190665342601784,0.008092485549132947,0.001323918799646955,0.007139214686384498,0.0035046728971962616,0.0
273,The Persistence of Memory,5,3,5,3,4,5,6,0,1,1,1,1,0,1,1,1,0,0,0,24.0,0.0,0.0,0.0,0.0,0.0,0.0,0.0,0.0,0.0
275,The Persistence of Memory,7,5,1,3,5,2,6,0,1,1,0,1,1,0,1,1,0,0,0,150.0,0.0,0.0,0.0,0.0,0.0,0.0,0.0,0.0,0.0
276,The Persistence of Memory,8,4,2,2,4,3,4,0,1,0,0,0,0,0,1,0,1,0,0,100.0,0.0,0.0,0.0,0.0,0.0,0.0,0.0,0.0,0.0
277,The Persistence of Memory,6,4,2,3,4,3,5,1,0,0,0,0,0,0,1,0,0,1,0,50.0,0.0,0.0,0.0,0.0,0.0,0.0,0.0,0.0,0.0
278,The Persistence of Memory,7,4,2,2,4,4,4,0,1,1,0,0,0,0,1,1,0,0,0,100.0,0.0,0.0,0.0,0.0,0.0,0.0,0.0,0.0,0.0
279,The Persistence of Memory,7,5,2,4,5,8,6,1,1,0,0,0,0,1,0,1,0,0,0,100000.0,0.0,0.0,0.0,0.0,0.0,0.0,0.0,0.0,0.0
281,The Persistence of Memory,7,4,4,2,4,3,5,0,0,0,1,1,0,0,0,1,0,0,0,70.0,0.0,0.006688963210702341,0.0,0.0,0.009248554913294798,0.0,0.0,0.0011682242990654205,0.0
282,The Persistence of Memory,8,5,2,3,4,9,6,0,1,1,0,1,0,0,1,1,0,0,0,25.0,0.0,0.0,0.0,0.0,0.0,0.0,0.0,0.0,0.0
283,The Persistence of Memory,7,4,2,3,3,2,2,0,0,0,0,1,0,0,1,1,0,0,0,1000.0,0.0,0.0,0.0,0.0,0.0,0.0,0.0,0.0,0.0
285,The Persistence of Memory,8,4,2,2,4,4,4,0,1,0,0,0,0,1,0,1,0,0,0,1000.0,0.0067178502879078695,0.0,0.016923076923076923,0.07149950347567031,0.016184971098265895,0.04148278905560459,0.09382967873533911,0.004672897196261682,0.0297029702970297
286,The Persistence of Memory,5,4,3,3,4,5,4,1,0,0,0,0,1,0,0,1,0,0,1,25.0,0.005118362124120281,0.0011148272017837235,0.0,0.05362462760675273,0.006936416184971098,0.00264783759929391,0.06425293217746048,0.0,0.0
287,The Persistence of Memory,8,4,2,2,5,6,4,1,0,0,0,1,0,1,1,1,0,0,0,15.0,0.006397952655150352,0.0011148272017837235,0.043076923076923075,0.06156901688182721,0.012716763005780346,0.0617828773168579,0.08975012748597654,0.0,0.059836418424451136
288,The Persistence of Memory,8,4,1,3,4,3,7,0,0,1,0,0,0,0,1,1,0,0,0,5.0,0.005118362124120281,0.0011148272017837235,0.06346153846153846,0.05312810327706058,0.004624277456647399,0.035304501323918804,0.06425293217746048,0.004672897196261682,0.02023245802841154
289,The Persistence of Memory,10,1,5,5,1,4,5,0,0,1,0,0,0,0,1,1,0,1,0,100000.0,0.005118362124120281,0.0,0.033846153846153845,0.054121151936444886,0.009248554913294798,0.05869373345101501,0.06425293217746048,0.0011682242990654205,0.04649160568230736
290,The Persistence of Memory,9,4,2,3,4,4,7,0,0,0,1,0,0,0,1,0,0,0,1,5000.0,0.0,0.0,0.0003846153846153846,0.0004965243296921549,0.0011560693641618498,0.000441306266548985,0.0005099439061703213,0.0011682242990654205,0.00043047783039173483
292,The Persistence of Memory,5,5,2,2,5,4,5,1,0,0,0,0,0,0,0,0,0,0,1,0.0,0.0012795905310300703,0.0,0.009230769230769232,0.0029791459781529296,0.0023121387283236996,0.001323918799646955,0.00407955124936257,0.0,0.0012914334911752045
293,The Persistence of Memory,8,5,3,2,3,3,5,0,1,0,0,0,0,0,1,1,0,0,1,60.0,0.0047984644913627635,0.0,0.05307692307692308,0.009930486593843098,0.003468208092485549,0.0264783759929391,0.01223865374808771,0.0,0.034438226431338786
295,The Persistence of Memory,5,4,1,2,4,5,4,0,1,0,0,0,0,0,1,1,1,0,0,25.0,0.02527191298784389,0.030100334448160532,0.08346153846153848,0.009433962264150943,0.021965317919075144,0.0383936451897617,0.0,0.02102803738317757,0.036160137752905726
296,The Persistence of Memory,9,5,1,3,4,5,7,1,1,0,0,0,0,0,1,1,0,0,0,100.0,0.005118362124120281,0.026755852842809364,0.02115384615384615,0.05312810327706058,0.09132947976878612,0.031774051191526924,0.06425293217746048,0.036214953271028034,0.02410675850193715
297,The Persistence of Memory,5,4,2,2,4,4,4,1,0,0,0,1,0,0,1,0,1,0,0,50.0,0.0,0.046822742474916385,0.03884615384615385,0.0004965243296921549,0.013872832369942197,0.06707855251544573,0.0,0.02920560747663551,0.05983641842445114
298,The Persistence of Memory,8,4,3,3,4,7,9,0,0,1,0,1,0,0,1,1,0,0,0,0.0,0.0067178502879078695,0.0011148272017837235,0.023076923076923078,0.07149950347567031,0.047398843930635835,0.038393645189761696,0.09382967873533911,0.0,0.02884201463624623
302,The Persistence of Memory,9,4,3,4,2,6,4,0,1,1,0,1,0,0,1,1,0,0,0,10000000.0,0.0067178502879078695,0.027870680044593088,0.09846153846153846,0.060575968222442905,0.04739884393063584,0.10635481023830538,0.07547169811320753,0.026869158878504672,0.08996986655187258
304,The Persistence of Memory,4,4,3,4,3,4,6,0,1,0,0,0,0,1,0,1,0,0,0,500.0,0.001599488163787588,0.024526198439241916,0.012307692307692308,0.018371400198609732,0.03005780346820809,0.03000882612533098,0.029576746557878633,0.0011682242990654205,0.025398191993112357
306,The Persistence of Memory,4,4,2,3,4,4,3,0,0,1,0,1,1,0,1,1,0,0,0,50.0,0.001599488163787588,0.0,0.0,0.018371400198609732,0.0023121387283236996,0.0,0.029576746557878633,0.0,0.0
307,The Persistence of Memory,8,4,1,1,5,4,7,0,1,0,0,0,0,0,1,1,0,0,0,5.0,0.001599488163787588,0.0011148272017837235,0.018076923076923077,0.00893743793445879,0.0023121387283236996,0.03221535745807591,0.010198878123406425,0.0011682242990654205,0.006026689625484288
308,The Persistence of Memory,5,3,3,2,2,2,3,0,0,0,0,0,1,0,0,0,0,0,1,5000.0,0.004478566858605247,0.026755852842809364,0.1123076923076923,0.04865938430983119,0.09132947976878612,0.09796999117387467,0.05711371749107598,0.036214953271028034,0.077916487300904
310,The Persistence of Memory,7,4,3,4,4,4,1,0,0,1,0,0,0,0,1,1,1,0,0,100.0,0.0,0.0033444816053511705,0.0,0.0009930486593843098,0.011560693641618497,0.0,0.0,0.002336448598130841,0.0
311,The Persistence of Memory,8,4,2,2,4,2,3,0,0,1,0,0,1,0,0,0,0,0,1,50000.0,0.0009596928982725527,0.0,0.0026923076923076926,0.0024826216484607746,0.004624277456647399,0.008384819064430716,0.0005099439061703213,0.0,0.003013344812742144
312,The Persistence of Memory,4,4,2,4,2,3,5,0,1,0,1,1,1,1,0,1,0,0,0,100.0,0.005118362124120281,0.002229654403567447,0.0,0.05312810327706058,0.0023121387283236996,0.000441306266548985,0.06425293217746048,0.0011682242990654205,0.0
314,The Persistence of Memory,4,4,1,1,5,4,4,1,0,1,0,1,1,0,0,0,1,0,0,100.0,0.006078055022392835,0.026755852842809364,0.01,0.006951340615690168,0.09132947976878612,0.012797881729920565,0.0005099439061703213,0.036214953271028034,0.008609556607834697
316,The Persistence of Memory,8,3,3,3,4,4,5,1,1,0,0,0,0,0,1,1,0,1,0,1000.0,0.0,0.0011148272017837235,0.0026923076923076926,0.0019860973187686196,0.004624277456647399,0.007502206531332745,0.0005099439061703213,0.0,0.00043047783039173483
317,The Persistence of Memory,7,4,1,2,5,12,6,0,0,0,0,0,0,0,0,0,0,0,1,0.0,0.0,0.0,0.0,0.0019860973187686196,0.016184971098265895,0.003089143865842895,0.0010198878123406426,0.004672897196261682,0.0
318,The Persistence of Memory,7,3,3,4,2,4,3,0,0,0,1,0,0,0,0,0,0,0,1,5.0,0.0,0.010033444816053512,0.0,0.006454816285998014,0.025433526011560695,0.00264783759929391,0.0015298317185109638,0.02570093457943925,0.0
319,The Persistence of Memory,7,4,2,3,4,6,8,0,1,0,0,0,0,0,1,1,0,0,0,50.0,0.007677543186180422,0.002229654403567447,0.02076923076923077,0.01638530287984111,0.009248554913294797,0.03971756398940864,0.01223865374808771,0.14135514018691586,0.04649160568230736
321,The Persistence of Memory,6,4,2,3,4,5,7,1,0,0,0,0,0,0,0,1,0,0,0,30.0,0.0,0.0011148272017837235,0.004230769230769231,0.0014895729890764648,0.0023121387283236996,0.007943512797881731,0.002039775624681285,0.0,0.005596211795092553
323,The Persistence of Memory,8,4,2,3,4,6,4,1,0,0,0,1,0,0,1,1,0,0,0,2000.0,0.006078055022392835,0.007803790412486065,0.0,0.0034756703078450846,0.013872832369942197,0.00088261253309797,0.0015298317185109638,0.002336448598130841,0.0
326,The Persistence of Memory,6,4,4,4,4,5,4,0,0,1,1,1,1,0,1,1,0,1,0,1000.0,0.0006397952655150352,0.0011148272017837235,0.003076923076923077,0.03574975173783516,0.0011560693641618498,0.006619593998234775,0.06680265170831208,0.0,0.009470512268618166
327,The Persistence of Memory,8,4,1,1,4,9,3,0,1,0,0,1,1,1,1,0,1,0,0,60.0,0.005758157389635317,0.0033444816053511705,0.003076923076923077,0.057596822244289976,0.010404624277456647,0.02118270079435128,0.06425293217746048,0.009345794392523364,0.043478260869565216
328,The Persistence of Memory,7,4,2,4,4,4,4,0,1,0,0,0,0,1,0,1,0,0,0,0.0,0.0019193857965451055,0.002229654403567447,0.013076923076923076,0.0029791459781529296,0.004624277456647399,0.003089143865842895,0.0035696073431922487,0.004672897196261682,0.00043047783039173483
329,The Persistence of Memory,8,4,2,2,4,5,5,0,0,1,0,0,0,0,1,1,0,0,0,25000.0,0.0006397952655150352,0.026755852842809364,0.004230769230769231,0.019860973187686197,0.09132947976878612,0.007943512797881731,0.0025497195308516064,0.036214953271028034,0.008179078777442962
332,The Persistence of Memory,3,4,1,2,4,2,6,1,0,0,0,0,1,0,0,0,0,0,1,0.0,0.007357645553422904,0.007803790412486065,0.019230769230769232,0.008937437934458788,0.016184971098265895,0.015887025595763462,0.0005099439061703213,0.002336448598130841,0.01162290142057684
333,The Persistence of Memory,7,4,2,2,4,7,8,1,0,0,0,1,0,0,0,1,0,0,0,10.0,0.005118362124120281,0.01226309921962096,0.006923076923076922,0.05312810327706058,0.06358381502890173,0.02383053839364519,0.06425293217746048,0.005841121495327103,0.027120103314679293
334,The Persistence of Memory,1,1,1,3,1,3,6,0,1,1,0,1,1,0,1,1,0,0,0,30.0,0.005758157389635317,0.002229654403567447,0.018076923076923077,0.0024826216484607746,0.005780346820809249,0.03398058252427184,0.0,0.0,0.02324580284115368
335,The Persistence of Memory,5,4,2,2,4,4,5,0,0,0,1,0,0,0,0,0,0,0,1,0.0,0.0009596928982725527,0.0,0.006153846153846154,0.006454816285998014,0.0011560693641618498,0.00706090026478376,0.002039775624681285,0.002336448598130841,0.005596211795092553
336,The Persistence of Memory,4,4,1,3,4,5,9,0,1,0,0,0,0,0,1,0,0,0,1,100.0,0.0025591810620601407,0.0033444816053511705,0.0,0.01837140019860973,0.005780346820809249,0.0052956751985878195,0.005609382967873534,0.002336448598130841,0.0
338,The Persistence of Memory,10,4,1,1,4,4,5,0,1,0,0,0,0,0,1,0,0,0,1,30.0,0.007677543186180422,0.006688963210702341,0.0,0.05809334657398213,0.009248554913294798,0.001323918799646955,0.06578276389597143,0.0011682242990654205,0.0
341,The Persistence of Memory,7,4,2,2,4,5,5,0,0,1,1,0,0,0,1,1,0,0,0,25000.0,0.007677543186180422,0.010033444816053512,0.0,0.010427010923535252,0.011560693641618498,0.00088261253309797,0.0071392146863844975,0.004672897196261682,0.0
342,The Persistence of Memory,7,4,2,3,4,4,4,0,0,1,0,0,0,0,1,0,0,0,1,50.0,0.0,0.007803790412486065,0.0,0.0004965243296921549,0.015028901734104046,0.000441306266548985,0.0,0.002336448598130841,0.0
343,The Persistence of Memory,2,4,2,2,4,3,1,0,0,1,0,1,0,0,0,1,0,0,0,10.0,0.03134996801023672,0.047937569676700105,0.025384615384615387,0.10327706057596824,0.038150289017341035,0.06222418358340689,0.11167771545130034,0.016355140186915886,0.04692208351269909
344,The Persistence of Memory,2,4,2,2,2,3,7,0,0,1,0,1,0,0,0,0,0,1,0,5.0,0.011196417146513116,0.021181716833890748,0.011538461538461539,0.015888778550148957,0.03468208092485549,0.01676963812886143,0.03518612952575217,0.008177570093457943,0.005596211795092553
345,The Persistence of Memory,7,5,1,1,4,3,5,1,0,0,0,0,0,0,1,0,1,0,0,5.0,0.0003198976327575176,0.0011148272017837235,0.025384615384615384,0.011420059582919563,0.008092485549132947,0.03618711385701677,0.06374298827129016,0.0035046728971962616,0.04476969436074042
347,The Persistence of Memory,1,4,1,2,5,4,5,0,0,1,0,0,0,0,0,0,0,0,1,100.0,0.06397952655150352,0.0033444816053511705,0.07653846153846156,0.06305858987090367,0.049710982658959534,0.051191526919682276,0.048444671086180516,0.0011682242990654205,0.04433921653034868
348,The Persistence of Memory,6,4,2,2,5,5,3,1,0,0,0,1,0,0,0,1,0,0,0,5.0,0.017594369801663467,0.0011148272017837235,0.0,0.07944389275074479,0.047398843930635835,0.00264783759929391,0.0744518103008669,0.0,0.0
349,The Persistence of Memory,5,3,3,4,4,4,4,0,1,1,1,1,0,0,0,1,0,0,1,8000000.0,0.001599488163787588,0.026755852842809364,0.013076923076923076,0.010427010923535254,0.09132947976878612,0.003089143865842895,0.0,0.036214953271028034,0.00043047783039173483
350,The Persistence of Memory,7,4,2,1,4,4,6,0,1,0,0,0,0,0,1,0,0,0,1,10.0,0.0009596928982725527,0.007803790412486065,0.006923076923076923,0.0009930486593843098,0.013872832369942197,0.0039717563989408655,0.0,0.002336448598130841,0.0
351,The Persistence of Memory,4,4,1,1,4,5,4,0,1,0,0,0,0,0,1,1,0,0,0,2.0,0.0006397952655150352,0.004459308807134894,0.002307692307692308,0.02135054617676266,0.055491329479768786,0.009267431597528686,0.007649158592554819,0.002336448598130841,0.002582866982350409
352,The Persistence of Memory,8,4,3,2,4,6,2,0,1,0,0,0,0,0,1,0,0,1,0,20.0,0.03390914907229687,0.0,0.003461538461538461,0.08142999006951344,0.0011560693641618498,0.00706090026478376,0.030086690464048955,0.0,0.006887645286267757
353,The Persistence of Memory,8,4,2,3,5,8,7,0,1,0,0,0,0,0,1,0,0,0,1,1200.0,0.03134996801023672,0.004459308807134894,0.002307692307692308,0.0963257199602781,0.003468208092485549,0.007502206531332745,0.032636409994900556,0.0035046728971962616,0.006887645286267757
354,The Persistence of Memory,5,4,3,3,4,3,4,1,0,0,0,0,1,0,1,1,0,0,0,100.0,0.0028790786948176585,0.007803790412486065,0.0,0.002979145978152929,0.013872832369942197,0.005736981465136805,0.0,0.002336448598130841,0.008609556607834697
355,The Persistence of Memory,8,4,2,3,5,4,7,1,0,0,0,0,0,0,1,1,0,0,0,50.0,0.005118362124120281,0.014492753623188406,0.009615384615384614,0.05958291956305859,0.09595375722543352,0.020300088261253315,0.06578276389597144,0.01985981308411215,0.009040034438226431
357,The Persistence of Memory,8,2,2,2,5,4,6,0,1,1,0,1,1,1,1,1,0,0,1,100.0,0.006397952655150352,0.026755852842809364,0.06461538461538462,0.06156901688182721,0.09132947976878612,0.03971756398940865,0.08975012748597654,0.036214953271028034,0.024967714162720624
358,The Persistence of Memory,6,4,3,3,4,8,4,0,1,0,0,0,0,0,1,1,0,0,0,100.0,0.005118362124120281,0.007803790412486065,0.0026923076923076926,0.05312810327706058,0.015028901734104046,0.003089143865842895,0.06425293217746048,0.002336448598130841,0.002152389151958674
359,The Persistence of Memory,6,4,2,3,4,6,7,0,0,0,1,0,0,0,1,1,0,0,0,0.0,0.003518873960332693,0.026755852842809364,0.0,0.010427010923535254,0.09132947976878612,0.000441306266548985,0.010198878123406425,0.036214953271028034,0.0
361,The Persistence of Memory,3,4,2,1,3,6,6,0,1,1,0,1,0,0,0,1,1,0,0,20.0,0.005758157389635317,0.01226309921962096,0.02,0.013902681231380339,0.06358381502890173,0.035304501323918804,0.006119326874043856,0.005841121495327103,0.03400774860094705
362,The Persistence of Memory,7,5,1,2,4,4,5,0,0,1,0,0,0,0,1,0,0,0,1,200.0,0.0,0.01226309921962096,0.005384615384615384,0.010427010923535254,0.030057803468208095,0.01059135039717564,0.0005099439061703213,0.03271028037383177,0.005596211795092553
363,The Persistence of Memory,6,3,4,3,4,8,6,0,0,0,1,1,0,0,0,1,0,0,0,100.0,0.015674984005118364,0.02564102564102564,0.08769230769230771,0.07447864945382324,0.057803468208092484,0.05604589585172111,0.07547169811320753,0.02102803738317757,0.05165733964700818
364,The Persistence of Memory,6,4,3,2,3,1,5,0,1,0,0,1,0,0,1,0,1,1,0,100.0,0.0003198976327575176,0.011148272017837236,0.0,0.021847070506454815,0.003468208092485549,0.00264783759929391,0.06782253952065273,0.005841121495327103,0.0012914334911752045
365,The Persistence of Memory,8,5,3,4,5,5,4,0,0,1,0,1,0,0,0,1,0,0,0,5000.0,0.08061420345489444,0.010033444816053512,0.04115384615384615,0.06355511420059583,0.026589595375722544,0.06178287731685791,0.06629270780214176,0.02570093457943925,0.07145931984502797
366,The Persistence of Memory,9,1,1,2,4,2,5,0,1,0,0,1,1,0,1,0,0,0,1,10.0,0.005118362124120281,0.004459308807134894,0.010384615384615384,0.05958291956305859,0.05317919075144508,0.019858781994704325,0.06578276389597144,0.0011682242990654205,0.01334481274214378
367,The Persistence of Memory,3,4,2,2,5,5,6,0,1,0,0,0,0,1,0,1,0,0,0,50.0,0.009916826615483045,0.0011148272017837235,0.043076923076923075,0.06107249255213505,0.05202312138728323,0.08164165931156224,0.06833248342682305,0.002336448598130841,0.08136030994403787
368,The Persistence of Memory,4,4,1,2,5,4,4,0,0,0,1,0,0,0,1,1,1,0,0,15.0,0.0019193857965451055,0.04013377926421405,0.0,0.013902681231380337,0.008092485549132947,0.0,0.03314635390107089,0.012850467289719624,0.0
369,The Persistence of Memory,9,3,1,2,5,3,4,0,1,0,0,0,0,1,1,1,0,0,0,15.0,0.004478566858605246,0.0033444816053511705,0.06576923076923077,0.006951340615690169,0.008092485549132947,0.031774051191526924,0.0010198878123406426,0.009345794392523364,0.020232458028411535
370,The Persistence of Memory,3,4,2,2,4,7,6,1,0,0,0,1,0,1,0,1,1,0,0,5.0,0.0,0.021181716833890748,0.0034615384615384616,0.0029791459781529296,0.03468208092485549,0.0057369814651368044,0.0005099439061703213,0.008177570093457943,0.004304778303917348
371,The Persistence of Memory,6,3,3,2,4,3,4,0,1,1,0,0,0,1,1,1,0,0,0,100.0,0.001599488163787588,0.017837235228539576,0.0015384615384615385,0.018867924528301886,0.021965317919075144,0.00970873786407767,0.030086690464048955,0.0011682242990654205,0.002152389151958674
372,The Persistence of Memory,6,4,2,2,3,5,5,0,1,0,0,0,0,1,0,0,0,0,1,0.0,0.003838771593090211,0.023411371237458192,0.008461538461538461,0.007944389275074478,0.023121387283236997,0.01323918799646955,0.004589495155532892,0.002336448598130841,0.012914334911752045
374,The Persistence of Memory,3,4,2,2,5,3,3,0,1,0,0,1,0,0,0,0,1,0,0,0.0,0.012476007677543186,0.004459308807134894,0.0903846153846154,0.06653426017874876,0.005780346820809248,0.06663724624889673,0.0744518103008669,0.0,0.049074472664657774
376,The Persistence of Memory,5,3,2,2,4,8,5,0,1,0,0,1,0,0,0,0,0,0,1,30.0,0.0006397952655150352,0.0,0.018076923076923077,0.003972194637537239,0.013872832369942197,0.013239187996469549,0.0015298317185109638,0.0011682242990654205,0.008609556607834697
377,The Persistence of Memory,6,5,1,2,4,4,3,1,0,0,0,0,0,0,0,0,0,1,0,0.0,0.08413307741522713,0.0379041248606466,0.07423076923076923,0.017874875868917582,0.048554913294797684,0.04413062665489851,0.005099439061703213,0.009345794392523364,0.030563925957813175
379,The Persistence of Memory,8,4,3,2,4,10,7,0,1,0,0,0,0,1,0,1,0,0,0,50.0,0.01215611004478567,0.026755852842809364,0.008846153846153847,0.03624627606752731,0.09132947976878612,0.016328331862312445,0.011728709841917389,0.036214953271028034,0.026259147653895826
380,The Persistence of Memory,8,5,2,3,4,5,3,0,0,1,0,0,0,0,1,0,0,0,1,3000000.0,0.0003198976327575176,0.02564102564102564,0.01846153846153846,0.005958291956305859,0.024277456647398846,0.040158870255957636,0.007649158592554819,0.002336448598130841,0.0581145071028842
381,The Persistence of Memory,8,4,2,2,3,4,4,0,1,1,0,1,1,0,0,1,0,0,1,50.0,0.0006397952655150352,0.0,0.0,0.003972194637537239,0.0023121387283236996,0.000441306266548985,0.0015298317185109638,0.0035046728971962616,0.0
382,The Persistence of Memory,8,4,1,2,4,4,5,0,1,0,0,1,1,0,1,0,0,0,1,300.0,0.0012795905310300703,0.0,0.013461538461538462,0.0014895729890764646,0.016184971098265895,0.03133274492497794,0.0015298317185109638,0.004672897196261682,0.026259147653895823
383,The Persistence of Memory,6,4,1,2,4,4,5,1,0,0,0,0,0,0,1,0,1,0,0,0.0,0.0047984644913627635,0.021181716833890748,0.006923076923076923,0.006454816285998014,0.03352601156069364,0.0022065313327449252,0.007649158592554819,0.003504672897196261,0.0
384,The Persistence of Memory,2,4,2,2,4,2,3,0,1,0,0,0,0,0,1,1,0,0,0,10.0,0.005758157389635317,0.004459308807134894,0.01576923076923077,0.05610724925521351,0.06820809248554913,0.03662842012356576,0.06425293217746048,0.007009345794392523,0.02324580284115368
385,The Persistence of Memory,10,5,3,1,5,4,5,0,1,1,1,1,0,0,1,1,0,0,0,100000.0,0.005758157389635317,0.0011148272017837235,0.0026923076923076926,0.057100297914597815,0.004624277456647399,0.015445719329214475,0.0647628760836308,0.002336448598130841,0.01076194575979337
386,The Persistence of Memory,4,4,2,4,3,3,4,0,0,1,0,1,1,0,0,1,0,0,0,400000.0,0.018873960332693535,0.026755852842809364,0.006153846153846154,0.09384309831181728,0.09132947976878612,0.01676963812886143,0.09943906170321264,0.036214953271028034,0.019801980198019802
388,The Persistence of Memory,7,1,3,2,4,6,5,0,1,1,0,0,1,1,1,0,0,0,1,100.0,0.0067178502879078695,0.0,0.05653846153846154,0.06852035749751739,0.0011560693641618498,0.038393645189761696,0.07649158592554818,0.0,0.021523891519586745
389,The Persistence of Memory,5,4,3,4,4,3,6,0,1,0,0,0,0,0,1,1,0,0,0,300.0,0.005118362124120281,0.027870680044593088,0.0038461538461538464,0.05362462760675273,0.13872832369942195,0.00264783759929391,0.0647628760836308,0.036214953271028034,0.002152389151958674
390,The Persistence of Memory,7,5,2,1,5,4,5,0,1,0,0,0,0,0,1,0,0,0,1,300.0,0.0,0.0,0.0,0.0004965243296921549,0.016184971098265895,0.00176522506619594,0.0,0.004672897196261682,0.00043047783039173483
391,The Persistence of Memory,6,5,1,2,5,4,4,1,0,0,0,0,0,0,1,0,0,0,1,10.0,0.0028790786948176585,0.024526198439241916,0.003076923076923077,0.025819265143992052,0.03005780346820809,0.01147396293027361,0.013768485466598673,0.0011682242990654205,0.011192423590185106
392,The Persistence of Memory,7,5,2,2,4,5,7,0,0,1,1,1,1,1,1,1,0,0,0,1000000.0,0.09724888035828536,0.026755852842809364,0.025769230769230777,0.10476663356504468,0.09132947976878612,0.046337157987643436,0.08720040795512492,0.036214953271028034,0.03616013775290572
395,The Persistence of Memory,4,5,2,3,4,4,4,0,1,1,0,1,1,0,1,1,0,1,0,80.0,0.009916826615483045,0.0033444816053511705,0.0019230769230769232,0.013406156901688181,0.008092485549132947,0.00529567519858782,0.019377868434472208,0.002336448598130841,0.004304778303917348
397,The Persistence of Memory,9,5,1,1,5,2,5,0,1,0,0,0,0,0,1,1,0,0,0,50.0,0.0006397952655150352,0.016722408026755856,0.010769230769230769,0.005958291956305858,0.018497109826589593,0.01059135039717564,0.0025497195308516064,0.007009345794392522,0.006887645286267757
398,The Persistence of Memory,7,5,2,4,4,4,4,1,1,0,1,1,0,1,1,1,1,0,0,30.0,0.01215611004478567,0.027870680044593088,0.04576923076923077,0.017874875868917575,0.13872832369942195,0.08473080317740513,0.011218765935747067,0.036214953271028034,0.0654326302195437
399,The Persistence of Memory,6,4,1,3,4,4,5,1,0,1,0,0,0,0,1,1,0,0,0,20000.0,0.0067178502879078695,0.026755852842809364,0.0,0.009433962264150943,0.09132947976878612,0.00264783759929391,0.0010198878123406426,0.036214953271028034,0.0008609556607834697
400,The Persistence of Memory,3,2,2,3,4,5,5,0,1,0,0,0,0,0,1,1,0,0,0,100.0,0.0003198976327575176,0.0011148272017837235,0.008076923076923077,0.008440913604766634,0.004624277456647399,0.012797881729920565,0.00407955124936257,0.002336448598130841,0.008179078777442962
401,The Persistence of Memory,8,3,2,2,5,3,3,1,0,0,0,0,0,0,0,1,0,0,0,50.0,0.019513755598208574,0.013377926421404682,0.016153846153846154,0.006951340615690168,0.04393063583815029,0.017210944395410415,0.0,0.016355140186915886,0.01808006887645286
402,The Persistence of Memory,7,4,2,3,5,4,5,1,1,0,0,0,0,0,1,1,1,0,0,200.0,0.030710172744721688,0.03121516164994426,0.0011538461538461537,0.029791459781529295,0.018497109826589593,0.00706090026478376,0.01937786843447221,0.005841121495327103,0.0008609556607834697
403,The Persistence of Memory,8,4,2,3,2,7,5,0,1,1,0,1,1,1,1,0,1,0,0,1000.0,0.02079334612923864,0.026755852842809364,0.02576923076923077,0.07547169811320754,0.09132947976878612,0.04898499558693734,0.07853136155022947,0.036214953271028034,0.04778303917348256
404,The Persistence of Memory,8,5,2,3,4,3,6,0,1,1,1,1,1,1,1,1,0,0,0,0.0,0.001599488163787588,0.004459308807134894,0.021153846153846155,0.019364448857994043,0.019653179190751442,0.022506619593998235,0.029576746557878633,0.002336448598130841,0.01248385708136031
406,The Persistence of Memory,8,1,2,2,5,3,4,0,0,1,0,1,0,0,0,0,0,0,1,1000000.0,0.005118362124120281,0.002229654403567447,0.027307692307692307,0.05312810327706058,0.003468208092485549,0.05692850838481907,0.06425293217746048,0.1308411214953271,0.046922083512699095
407,The Persistence of Memory,6,4,2,1,5,11,12,1,1,1,0,1,1,0,1,1,0,0,0,75.0,0.007357645553422904,0.017837235228539576,0.012307692307692308,0.029791459781529292,0.024277456647398842,0.033539276257722864,0.008159102498725139,0.0011682242990654205,0.0284115368058545
408,The Persistence of Memory,8,2,4,4,2,7,6,0,1,1,1,1,1,1,1,0,0,0,1,100.0,0.016634676903390915,0.0,0.06615384615384616,0.08788480635551142,0.0023121387283236996,0.031774051191526924,0.08057113717491074,0.0,0.024537236332328887
409,The Persistence of Memory,5,4,2,3,4,3,4,0,1,1,0,0,0,1,1,1,0,0,0,2000.0,0.0,0.027870680044593088,0.03076923076923077,0.0004965243296921549,0.10635838150289018,0.0472197705207414,0.0,0.036214953271028034,0.03874300473525613
411,The Persistence of Memory,8,4,1,4,4,4,4,0,1,0,0,0,0,0,1,1,0,0,0,30.0,0.0019193857965451055,0.013377926421404682,0.006538461538461538,0.0034756703078450846,0.07976878612716762,0.013680494263018534,0.0,0.03271028037383177,0.004735256134309083
413,The Persistence of Memory,3,4,1,3,4,3,7,0,1,0,0,1,1,0,0,0,1,0,0,0.0,0.01055662188099808,0.013377926421404684,0.00923076923076923,0.014895729890764646,0.027745664739884386,0.01059135039717564,0.0056093829678735335,0.003504672897196261,0.005596211795092553
414,The Persistence of Memory,5,3,3,4,2,5,4,1,0,0,0,0,0,0,1,0,0,0,1,10.0,0.0,0.013377926421404684,0.023846153846153847,0.006454816285998014,0.017341040462427744,0.0472197705207414,0.0015298317185109638,0.005841121495327103,0.03357727077055532
416,The Persistence of Memory,8,4,3,2,4,6,7,0,0,1,0,0,0,0,1,0,0,0,1,50.0,0.003518873960332694,0.0,0.01076923076923077,0.02184707050645482,0.0023121387283236996,0.024271844660194178,0.005609382967873534,0.0,0.016358157554885924
417,The Persistence of Memory,6,4,2,3,3,4,4,0,0,0,1,1,0,1,0,1,1,0,0,30.0,0.001599488163787588,0.0,0.05615384615384615,0.014399205561072492,0.0023121387283236996,0.024271844660194178,0.00866904640489546,0.0,0.017219113215669393
418,The Persistence of Memory,6,4,3,3,4,5,3,0,0,1,0,0,0,0,1,0,0,1,0,20.0,0.0,0.027870680044593088,0.009615384615384616,0.0009930486593843098,0.13872832369942195,0.017652250661959402,0.0010198878123406426,0.036214953271028034,0.017219113215669393
419,The Persistence of Memory,2,4,1,3,4,4,6,0,1,0,0,0,0,0,1,0,0,0,1,10.0,0.011196417146513116,0.0,0.0034615384615384616,0.03326713008937438,0.013872832369942197,0.001323918799646955,0.034166241713411524,0.0011682242990654205,0.0
420,The Persistence of Memory,9,1,3,4,2,4,7,0,1,0,0,0,0,0,1,1,0,0,0,150000000.0,0.02431222008957134,0.0,0.06846153846153846,0.04170804369414101,0.013872832369942197,0.028243601059135044,0.004589495155532892,0.0011682242990654205,0.02152389151958674
421,The Persistence of Memory,7,5,2,3,4,5,11,0,1,1,0,1,1,0,1,1,1,0,0,20000.0,0.0047984644913627635,0.0,0.003076923076923077,0.007944389275074478,0.0023121387283236996,0.003089143865842895,0.00815910249872514,0.002336448598130841,0.0017219113215669393
425,The Persistence of Memory,5,4,1,4,2,3,6,0,0,1,0,0,0,0,1,1,0,0,0,50.0,0.001599488163787588,0.021181716833890744,0.05269230769230769,0.0004965243296921549,0.016184971098265895,0.02118270079435128,0.0005099439061703213,0.002336448598130841,0.015066724063710719
428,The Persistence of Memory,8,4,3,4,2,5,4,1,1,1,1,1,0,0,1,1,1,0,0,500.0,0.005118362124120281,0.0,0.001153846153846154,0.05312810327706058,0.0011560693641618498,0.001323918799646955,0.06425293217746048,0.0,0.0
429,The Persistence of Memory,0,4,2,4,3,5,7,1,0,1,0,0,0,0,1,0,0,0,1,40.0,0.005118362124120281,0.008918617614269788,0.0,0.003475670307845084,0.005780346820809248,0.001323918799646955,0.0005099439061703213,0.018691588785046728,0.0008609556607834697
431,The Persistence of Memory,6,4,1,2,2,7,5,1,0,0,0,0,0,0,1,1,0,0,1,50.0,0.0067178502879078695,0.007803790412486065,0.006153846153846155,0.07199602780536248,0.015028901734104046,0.014563106796116505,0.09688934217236103,0.002336448598130841,0.007318123116659492
433,The Persistence of Memory,8,4,3,4,5,7,8,0,1,1,0,0,0,0,1,0,0,0,1,0.3,0.007677543186180422,0.016722408026755856,0.018076923076923077,0.057100297914597815,0.020809248554913295,0.022506619593998238,0.07139214686384497,0.018691588785046728,0.011192423590185106
434,The Persistence of Memory,8,2,3,2,4,3,6,0,1,0,0,1,0,0,1,0,0,0,1,10.0,0.0,0.0,0.008076923076923077,0.012413108242303872,0.016184971098265895,0.019417475728155338,0.0035696073431922487,0.004672897196261682,0.0017219113215669393
435,The Persistence of Memory,4,4,2,2,4,3,5,0,1,0,0,1,0,0,0,1,0,0,0,0.0,0.004478566858605247,0.002229654403567447,0.005,0.008937437934458788,0.0023121387283236996,0.008384819064430714,0.005099439061703213,0.0011682242990654205,0.006026689625484288
436,The Persistence of Memory,7,5,1,3,4,3,3,1,0,0,0,0,0,0,1,1,1,0,0,100.0,0.011836212412028152,0.0011148272017837235,0.0003846153846153846,0.01936444885799404,0.047398843930635835,0.0044130626654898504,0.010708822029576747,0.0,0.00043047783039173483
437,The Persistence of Memory,6,4,2,2,3,5,7,0,0,1,0,0,0,0,0,0,1,0,0,10000000.0,0.005118362124120281,0.01226309921962096,0.02346153846153846,0.05312810327706058,0.06358381502890173,0.04677846425419241,0.06425293217746048,0.005841121495327103,0.03314679294016358
438,The Persistence of Memory,6,4,1,2,4,6,9,1,0,0,0,0,0,0,1,1,0,0,0,20.0,0.0,0.0,0.0015384615384615385,0.0009930486593843098,0.0023121387283236996,0.00706090026478376,0.0,0.0,0.004304778303917348
439,The Persistence of Memory,7,2,4,3,5,4,5,0,1,1,1,1,1,0,0,0,0,1,1,1000000.0,0.0067178502879078695,0.0,0.02692307692307692,0.06554121151936446,0.0023121387283236996,0.048984995586937335,0.12799592044875063,0.0,0.039603960396039604
440,The Persistence of Memory,4,4,1,2,5,3,5,1,0,0,0,1,1,0,0,1,1,0,0,120.0,0.02751119641714651,0.03567447045707915,0.044230769230769226,0.08987090367428006,0.1468208092485549,0.0772285966460724,0.08771035186129522,0.014018691588785047,0.08609556607834695
443,The Persistence of Memory,8,5,2,2,5,4,6,0,1,0,0,0,0,0,1,0,1,0,1,100.0,0.0,0.0,0.0,0.0029791459781529296,0.0023121387283236996,0.00088261253309797,0.0005099439061703213,0.0,0.0
445,The Persistence of Memory,9,5,4,1,5,4,5,0,0,1,0,0,0,0,1,1,0,0,0,0.0,0.006078055022392834,0.027870680044593088,0.032692307692307694,0.004965243296921549,0.04855491329479769,0.05516328331862313,0.0010198878123406426,0.026869158878504672,0.03314679294016358
446,The Persistence of Memory,5,4,4,4,1,4,7,1,0,0,0,0,0,0,1,1,0,0,0,10.0,0.0028790786948176585,0.026755852842809364,0.05615384615384615,0.016881827209533268,0.09132947976878612,0.032215357458075904,0.03161652218255992,0.036214953271028034,0.015927679724494187
447,The Persistence of Memory,8,4,3,2,4,5,6,0,1,0,0,1,0,0,0,1,1,0,0,50.0,0.005118362124120281,0.044593088071348944,0.01576923076923077,0.057100297914597815,0.019653179190751446,0.03706972639011474,0.07751147373788883,0.015186915887850466,0.027981058975462766
448,The Persistence of Memory,4,2,2,5,3,5,6,0,1,0,0,0,0,0,1,0,1,0,0,6000.0,0.0,0.007803790412486065,0.0007692307692307692,0.010923535253227408,0.013872832369942197,0.00529567519858782,0.06374298827129016,0.002336448598130841,0.01894102453723633
449,The Persistence of Memory,4,4,2,4,2,3,4,1,0,0,0,0,0,0,1,1,0,0,0,10.0,0.0006397952655150352,0.0033444816053511705,0.0,0.0009930486593843098,0.003468208092485549,0.000441306266548985,0.0,0.0,0.0
450,The Persistence of Memory,7,4,2,2,5,5,6,0,1,0,0,0,0,0,1,1,0,0,0,10000.0,0.004158669225847728,0.0,0.036538461538461534,0.007944389275074478,0.003468208092485549,0.048984995586937335,0.0035696073431922487,0.0,0.03443822643133879
451,The Persistence of Memory,9,4,3,3,4,10,4,0,0,0,1,0,0,0,1,1,0,0,0,570.0,0.03902751119641715,0.006688963210702342,0.0007692307692307692,0.05908639523336643,0.017341040462427744,0.00264783759929391,0.1417644059153493,0.14953271028037377,0.0017219113215669393
452,The Persistence of Memory,1,2,4,4,1,5,5,1,0,0,0,1,1,1,0,0,0,1,0,30.0,0.0006397952655150352,0.0033444816053511705,0.0,0.0024826216484607746,0.008092485549132947,0.00176522506619594,0.0005099439061703213,0.002336448598130841,0.0
453,The Persistence of Memory,5,3,4,4,1,4,4,1,1,0,0,1,1,0,1,1,0,0,0,20.0,0.008957133717210491,0.002229654403567447,0.021538461538461538,0.06752730883813307,0.0011560693641618498,0.02383053839364519,0.09484956654767975,0.002336448598130841,0.026259147653895823
455,The Persistence of Memory,8,4,2,2,4,5,7,0,1,0,0,0,0,0,1,1,0,0,0,500.0,0.005118362124120281,0.03901895206243032,0.001153846153846154,0.008440913604766634,0.012716763005780347,0.006619593998234775,0.005099439061703214,0.02453271028037383,0.0008609556607834697
456,The Persistence of Memory,6,3,2,4,3,4,5,0,1,0,1,0,0,0,1,1,0,0,1,50.0,0.0006397952655150352,0.0033444816053511705,0.028076923076923072,0.017874875868917575,0.012716763005780346,0.03795233892321271,0.01172870984191739,0.005841121495327103,0.03142488161859664
458,The Persistence of Memory,10,4,3,2,5,4,3,0,0,1,0,0,0,0,1,0,0,0,1,0.0,0.005758157389635317,0.0033444816053511705,0.030384615384615385,0.007944389275074478,0.003468208092485549,0.029567519858782,0.0035696073431922487,0.0,0.030133448127421435
459,The Persistence of Memory,3,4,1,2,4,4,4,0,0,0,1,1,1,1,0,1,0,0,0,5.0,0.003198976327575176,0.004459308807134894,0.04076923076923077,0.014895729890764648,0.016184971098265895,0.0560458958517211,0.006629270780214177,0.008177570093457943,0.06844597503228585
460,The Persistence of Memory,8,4,2,2,3,5,5,0,1,1,0,1,1,0,1,1,0,0,0,500.0,0.11964171465131158,0.032329988851727984,0.057692307692307696,0.14051638530287985,0.06705202312138728,0.09046778464254196,0.12136664966853644,0.022196261682242986,0.06500215238915195
461,The Persistence of Memory,8,3,2,4,1,4,6,0,1,1,0,1,1,1,1,1,0,1,0,100.0,0.009916826615483047,0.007803790412486065,0.05576923076923077,0.03475670307845085,0.013872832369942197,0.08914386584289496,0.07496175420703723,0.002336448598130841,0.08609556607834695
466,The Persistence of Memory,3,5,1,2,3,3,4,0,1,0,0,0,0,1,0,1,0,0,0,1.0,0.005118362124120281,0.0011148272017837235,0.02423076923076923,0.05610724925521351,0.008092485549132947,0.030891438658428954,0.0647628760836308,0.0035046728971962616,0.04390873869995695
467,The Persistence of Memory,3,4,2,3,4,5,6,0,1,0,0,1,0,0,0,1,0,0,0,20.0,0.008957133717210493,0.016722408026755852,0.0073076923076923084,0.06852035749751738,0.016184971098265895,0.006619593998234775,0.07649158592554817,0.0011682242990654205,0.0038743004735256135
469,The Persistence of Memory,5,5,2,2,2,5,4,1,0,0,0,0,0,0,0,1,0,0,0,200.0,0.005118362124120281,0.01226309921962096,0.036153846153846154,0.0551142005958292,0.06358381502890173,0.07546337157987644,0.06680265170831208,0.005841121495327103,0.06758501937150237
471,The Persistence of Memory,4,4,3,3,4,3,4,0,1,0,0,0,0,0,1,1,0,0,0,10.0,0.015355086372360844,0.03567447045707915,0.0019230769230769232,0.057100297914597815,0.06589595375722543,0.0039717563989408655,0.043855175930647625,0.018691588785046728,0.0064571674558760225
474,The Persistence of Memory,8,4,1,3,5,5,10,1,0,0,0,0,0,0,1,1,0,0,0,200.0,0.0009596928982725527,0.005574136008918618,0.011923076923076923,0.0024826216484607746,0.026589595375722544,0.03000882612533098,0.0005099439061703213,0.005841121495327103,0.026259147653895823
475,The Persistence of Memory,5,3,3,3,3,6,7,0,0,0,1,0,0,0,1,1,0,0,0,0.0,0.005118362124120281,0.0,0.0015384615384615385,0.05312810327706058,0.016184971098265895,0.006178287731685789,0.06425293217746048,0.004672897196261682,0.008609556607834697
476,The Persistence of Memory,9,5,3,1,5,4,3,0,1,1,0,1,1,0,1,1,0,0,1,10.0,0.0012795905310300703,0.0033444816053511705,0.0026923076923076926,0.0024826216484607746,0.008092485549132947,0.004854368932038835,0.0005099439061703213,0.002336448598130841,0.0012914334911752045
478,The Persistence of Memory,7,4,2,1,5,10,5,1,0,0,0,0,0,0,1,0,0,0,1,50.0,0.005118362124120281,0.002229654403567447,0.0,0.05660377358490566,0.013872832369942195,0.002206531332744925,0.06884242733299337,0.0,0.0
480,The Persistence of Memory,3,3,3,3,2,4,5,0,1,0,0,1,0,0,0,0,0,0,1,0.0,0.0022392834293026233,0.0033444816053511705,0.0003846153846153846,0.006454816285998014,0.012716763005780346,0.003089143865842895,0.002039775624681285,0.002336448598130841,0.0017219113215669393
481,The Persistence of Memory,8,4,2,2,4,3,4,0,1,0,0,0,1,0,0,1,0,0,0,100.0,0.0003198976327575176,0.021181716833890748,0.06,0.0014895729890764648,0.02543352601156069,0.02780229479258606,0.0035696073431922487,0.008177570093457943,0.01678863538527766
482,The Persistence of Memory,7,4,2,2,4,4,6,0,0,1,0,0,0,0,1,0,0,0,1,300.0,0.037108125399872044,0.026755852842809364,0.003076923076923077,0.07497517378351537,0.09132947976878612,0.0048543689320388345,0.040285568587455384,0.036214953271028034,0.004304778303917348
483,The Persistence of Memory,5,4,1,2,3,6,8,1,0,0,0,0,0,0,1,1,0,0,0,150.0,0.001599488163787588,0.0,0.006923076923076923,0.02035749751737835,0.0023121387283236996,0.014563106796116505,0.033656297807241206,0.0,0.004735256134309083
484,The Persistence of Memory,6,4,1,2,3,3,3,0,1,1,0,0,0,0,1,0,0,0,1,100.0,0.0,0.026755852842809364,0.016923076923076923,0.011420059582919563,0.09132947976878612,0.03353927625772286,0.06374298827129016,0.036214953271028034,0.02410675850193715
487,The Persistence of Memory,8,4,2,4,4,12,5,0,1,1,0,0,1,0,1,1,0,0,0,1000.0,0.011516314779270634,0.0011148272017837235,0.005384615384615385,0.0059582919563058575,0.047398843930635835,0.004854368932038835,0.006119326874043855,0.0,0.0034438226431338786
488,The Persistence of Memory,7,4,2,2,5,10,9,1,0,0,0,0,0,1,0,1,1,0,0,200.0,0.0,0.0011148272017837235,0.0,0.0009930486593843098,0.0023121387283236996,0.001323918799646955,0.0,0.0,0.0
491,The Persistence of Memory,4,4,2,3,4,6,9,1,0,0,0,1,1,1,1,1,0,0,0,0.0,0.0067178502879078695,0.0,0.018461538461538463,0.05461767626613705,0.0011560693641618498,0.03574580759046779,0.06425293217746048,0.0,0.0297029702970297
492,The Persistence of Memory,4,4,2,3,3,4,5,1,1,0,0,0,0,0,1,1,0,0,0,0.0,0.012476007677543186,0.007803790412486065,0.02730769230769231,0.02284011916583912,0.013872832369942197,0.04236540158870256,0.00407955124936257,0.002336448598130841,0.03142488161859665
493,The Persistence of Memory,7,4,1,2,4,3,5,0,1,1,0,1,1,0,1,0,0,0,1,10.0,0.005118362124120281,0.022296544035674472,0.03884615384615384,0.05660377358490566,0.040462427745664734,0.07502206531332746,0.06884242733299337,0.009345794392523364,0.060266896254842876
495,The Persistence of Memory,6,4,2,4,3,4,4,1,0,0,0,0,0,0,1,1,0,0,0,1000.0,0.0006397952655150352,0.004459308807134894,0.013076923076923078,0.006951340615690168,0.005780346820809248,0.029567519858781997,0.0056093829678735335,0.0,0.03572965992251399
496,The Persistence of Memory,5,4,2,3,4,1,3,0,1,0,0,0,0,0,0,1,0,0,0,20.0,0.0012795905310300703,0.010033444816053512,0.001153846153846154,0.0019860973187686196,0.023121387283236997,0.0044130626654898504,0.0005099439061703213,0.004672897196261682,0.002152389151958674
497,The Persistence of Memory,6,4,1,1,5,7,10,0,1,0,0,0,0,0,1,0,0,0,1,500000.0,0.0,0.0,0.0,0.0,0.0,0.0,0.0,0.0,0.0
499,The Persistence of Memory,2,4,2,2,4,20,6,1,1,1,1,1,1,1,1,1,0,0,0,1000000000.0,0.0,0.0,0.0,0.0,0.0,0.0,0.0,0.0,0.0
500,The Persistence of Memory,7,4,3,2,1,3,4,0,0,1,0,1,0,0,0,0,0,0,1,5.0,0.0003198976327575176,0.0,0.0007692307692307692,0.0004965243296921549,0.0,0.0022065313327449252,0.0056093829678735335,0.002336448598130841,0.019371502367628066
501,The Persistence of Memory,8,4,2,3,5,4,4,0,0,1,0,0,0,0,1,1,0,0,1,500000.0,0.005118362124120281,0.004459308807134894,0.0007692307692307692,0.05312810327706058,0.003468208092485549,0.00088261253309797,0.06425293217746048,0.0035046728971962616,0.009900990099009901
502,The Persistence of Memory,7,4,2,2,4,3,5,1,0,0,0,1,1,0,1,0,1,0,0,20.0,0.0009596928982725527,0.026755852842809364,0.011538461538461539,0.01837140019860973,0.09132947976878612,0.01323918799646955,0.07343192248852626,0.036214953271028034,0.017649591046061126
503,The Persistence of Memory,6,4,3,4,4,5,8,0,1,0,0,0,0,0,1,1,0,0,0,1000.0,0.0012795905310300703,0.002229654403567447,0.019999999999999997,0.019364448857994043,0.003468208092485549,0.03751103265666373,0.09077001529831719,0.1308411214953271,0.05079638398622471
505,The Persistence of Memory,8,5,2,2,4,4,4,0,1,0,0,0,0,0,1,0,1,0,0,50.0,0.0,0.0,0.005384615384615384,0.0,0.0,0.011915269196822596,0.0005099439061703213,0.0011682242990654205,0.022815325010761944
506,The Persistence of Memory,3,4,2,3,4,1,5,0,1,0,0,0,0,0,0,0,0,0,1,0.0,0.0,0.002229654403567447,0.0,0.0,0.003468208092485549,0.00088261253309797,0.0015298317185109638,0.1308411214953271,0.0012914334911752045
508,The Persistence of Memory,8,4,3,3,4,6,4,0,1,0,0,0,0,0,1,1,0,0,0,500.0,0.0025591810620601407,0.005574136008918618,0.0003846153846153846,0.013406156901688183,0.011560693641618497,0.007060900264783759,0.03518612952575217,0.14018691588785046,0.02367628067154541
509,The Persistence of Memory,9,5,2,2,5,5,7,1,0,0,0,1,0,0,0,1,0,1,0,10.0,0.02463211772232885,0.007803790412486065,0.005384615384615385,0.03773584905660377,0.015028901734104046,0.00529567519858782,0.10759816420193777,0.002336448598130841,0.0064571674558760225
510,The Persistence of Memory,7,4,2,3,4,6,6,0,1,0,0,1,0,0,1,1,0,0,0,50.0,0.001599488163787588,0.0,0.022307692307692306,0.018371400198609732,0.0,0.04060017652250662,0.029576746557878633,0.0011682242990654205,0.040895393887214804
511,The Persistence of Memory,3,4,2,3,4,3,4,0,0,1,0,0,0,0,1,1,0,0,0,25000000.0,0.008317338451695458,0.0011148272017837235,0.0042307692307692315,0.09136047666335652,0.0011560693641618498,0.009708737864077669,0.19122896481387047,0.0011682242990654205,0.0370210934136892
512,The Persistence of Memory,5,3,2,3,4,4,3,1,0,0,0,0,0,0,0,1,0,0,0,0.0,0.01055662188099808,0.0379041248606466,0.0,0.06554121151936446,0.005780346820809248,0.0,0.09433962264150943,0.010514018691588784,0.002152389151958674
513,The Persistence of Memory,7,3,3,4,5,6,6,0,0,1,0,0,0,0,1,1,0,0,0,100.0,0.00799744081893794,0.002229654403567447,0.006153846153846154,0.06305858987090368,0.003468208092485549,0.01323918799646955,0.10453850076491586,0.1378504672897196,0.019801980198019802
516,The Persistence of Memory,8,4,1,2,4,7,8,0,0,0,0,0,0,0,1,1,0,0,0,20.0,0.0,0.0,0.0,0.0,0.0,0.0,0.0,0.0,0.0
518,The Persistence of Memory,7,4,2,2,4,5,5,0,1,1,0,0,0,0,1,1,0,0,0,220.0,0.0,0.0,0.0,0.0,0.0,0.0,0.0,0.0,0.0
519,The Persistence of Memory,5,2,3,4,3,6,3,0,1,0,0,0,0,0,1,1,0,0,0,100.0,0.0,0.0,0.0,0.0,0.0,0.0,0.0,0.0,0.0
521,The Persistence of Memory,7,4,2,3,4,6,6,0,0,0,0,1,1,0,0,1,0,0,0,15.0,0.0,0.0,0.0,0.0,0.0,0.0,0.0,0.0,0.0
523,The Persistence of Memory,7,3,1,3,4,7,6,1,0,0,0,0,0,0,1,0,0,0,1,50.0,0.0,0.0,0.0,0.0,0.0,0.0,0.0,0.0,0.0
524,The Persistence of Memory,6,4,2,1,5,4,8,0,1,0,0,1,1,0,1,1,0,0,1,50.0,0.0,0.0,0.0,0.0,0.0,0.0,0.0,0.0,0.0
525,The Persistence of Memory,10,4,2,3,4,7,7,0,1,0,0,0,0,0,1,1,0,0,0,300.0,0.0,0.0,0.0,0.0,0.0,0.0,0.0,0.0,0.0
527,The Persistence of Memory,3,2,3,4,4,7,9,0,1,0,0,0,1,0,0,1,0,0,0,40.0,0.0,0.0,0.006538461538461539,0.0,0.0,0.00970873786407767,0.007649158592554819,0.0011682242990654205,0.026259147653895816
528,The Persistence of Memory,7,4,2,3,4,5,4,0,1,0,0,0,0,0,1,0,0,0,1,500.0,0.006397952655150352,0.0033444816053511705,0.12307692307692308,0.06852035749751738,0.003468208092485549,0.06443071491615182,0.10963793982661907,0.14719626168224298,0.05251829530779165
530,The Persistence of Memory,8,5,4,3,4,4,6,0,0,0,0,0,0,0,1,0,1,0,0,321.0,0.001599488163787588,0.002229654403567447,0.006923076923076923,0.03277060575968222,0.003468208092485549,0.012356575463371579,0.09790922998470168,0.1308411214953271,0.017649591046061126
531,The Persistence of Memory,9,4,2,3,4,6,8,0,1,1,0,0,1,1,1,0,1,0,0,30.0,0.005118362124120281,0.010033444816053512,0.0015384615384615385,0.05312810327706058,0.025433526011560695,0.00529567519858782,0.06425293217746048,0.0397196261682243,0.015927679724494187
532,The Persistence of Memory,4,4,3,3,4,6,4,1,1,0,0,0,0,0,1,1,0,0,0,60.0,0.006078055022392835,0.002229654403567447,0.004615384615384616,0.009433962264150943,0.003468208092485549,0.002206531332744925,0.022437531871494137,0.1308411214953271,0.0008609556607834697
533,The Persistence of Memory,6,5,2,4,4,4,4,0,0,0,0,0,0,0,1,0,0,0,1,100.0,0.0,0.0011148272017837235,0.0003846153846153846,0.0,0.0,0.00176522506619594,0.0005099439061703213,0.0011682242990654205,0.003013344812742144
534,The Persistence of Memory,5,1,1,1,5,2,5,0,1,0,0,0,0,1,0,1,0,0,0,0.0,0.0003198976327575176,0.007803790412486065,0.002307692307692308,0.0,0.0023121387283236996,0.006619593998234774,0.006629270780214176,0.009345794392523364,0.022815325010761944
535,The Persistence of Memory,8,5,3,4,5,7,7,1,1,0,0,0,0,1,1,0,0,0,1,40.0,0.009277031349968011,0.0802675585284281,0.0015384615384615385,0.013406156901688181,0.021965317919075144,0.00529567519858782,0.01631820499745028,0.03271028037383177,0.015927679724494187
536,The Persistence of Memory,10,5,3,5,5,4,3,0,1,0,0,1,0,0,0,0,0,0,1,100.0,0.0003198976327575176,0.026755852842809364,0.030384615384615385,0.010923535253227408,0.006936416184971098,0.052074139452780235,0.06425293217746048,0.010514018691588784,0.07188979767541971
538,The Persistence of Memory,6,4,3,2,4,3,4,1,0,0,0,0,0,0,1,0,0,0,1,200.0,0.0012795905310300703,0.005574136008918618,0.02923076923076923,0.019364448857994043,0.008092485549132947,0.041482789055604596,0.08924018357980622,0.03154205607476635,0.06715454154111063
539,The Persistence of Memory,6,2,2,3,2,8,10,0,0,0,0,0,0,0,0,0,0,0,1,0.0,0.0003198976327575176,0.005574136008918618,0.0011538461538461537,0.014895729890764646,0.0011560693641618498,0.0022065313327449252,0.07292197858235594,0.0011682242990654205,0.015066724063710719
540,The Persistence of Memory,7,4,2,3,5,4,5,0,1,1,1,0,0,0,1,1,1,0,0,300.0,0.016954574536148435,0.005574136008918618,0.05230769230769231,0.07298907646474678,0.018497109826589597,0.08914386584289496,0.12187659357470676,0.19509345794392513,0.1343090830822213
541,The Persistence of Memory,8,5,2,2,4,4,8,0,1,0,0,1,0,0,0,1,0,0,0,1000000.0,0.027191298784388994,0.0033444816053511705,0.020384615384615386,0.08788480635551142,0.004624277456647399,0.04368932038834951,0.15451300356960734,0.15654205607476632,0.09298321136461472
542,The Persistence of Memory,7,4,3,2,4,3,5,0,1,0,0,1,1,0,1,0,0,1,1,50.0,0.003198976327575176,0.002229654403567447,0.0007692307692307692,0.019860973187686197,0.003468208092485549,0.001323918799646955,0.04436511983681795,0.1308411214953271,0.012914334911752045
543,The Persistence of Memory,7,5,2,4,4,6,8,0,1,0,0,0,0,0,1,1,0,0,0,40.0,0.03198976327575176,0.002229654403567447,0.05769230769230769,0.04021847070506455,0.0,0.07237422771403353,0.1172870984191739,0.003504672897196261,0.09900990099009903
545,The Persistence of Memory,4,4,2,2,4,4,4,0,1,0,0,0,0,1,0,1,0,0,0,30.0,0.0,0.002229654403567447,0.015769230769230768,0.011916583912611717,0.003468208092485549,0.02912621359223301,0.06629270780214176,0.1308411214953271,0.04046491605682308
546,The Persistence of Memory,7,4,1,2,5,5,6,0,0,1,0,1,1,0,0,1,0,0,0,500.0,0.006397952655150352,0.026755852842809364,0.06346153846153846,0.06554121151936446,0.09132947976878612,0.04236540158870256,0.09688934217236103,0.036214953271028034,0.052518295307791646
547,The Persistence of Memory,8,4,2,1,5,4,7,0,0,1,0,0,0,0,1,1,0,0,0,30.0,0.001599488163787588,0.0011148272017837235,0.0,0.018371400198609732,0.0,0.0,0.029576746557878633,0.018691588785046728,0.0
548,The Persistence of Memory,8,4,1,1,4,5,9,1,0,0,0,0,0,0,1,0,1,0,0,0.0,0.001599488163787588,0.010033444816053512,0.01769230769230769,0.0014895729890764648,0.025433526011560695,0.03442188879082083,0.014788373278939317,0.02570093457943925,0.04218682737839001
549,The Persistence of Memory,3,4,2,2,4,2,6,1,0,0,0,1,0,0,1,0,0,0,1,50.0,0.0019193857965451055,0.011148272017837236,0.003846153846153847,0.015392254220456801,0.009248554913294797,0.016769638128861432,0.0382457929627741,0.14953271028037382,0.0284115368058545
550,The Persistence of Memory,3,4,4,4,4,3,4,1,0,0,0,0,0,0,1,1,0,0,0,67.0,0.005118362124120281,0.011148272017837236,0.01769230769230769,0.06405163853028799,0.003468208092485549,0.037069726390114736,0.12799592044875063,0.003504672897196261,0.029702970297029705
551,The Persistence of Memory,7,4,3,2,4,4,6,0,1,1,0,1,0,0,1,1,0,1,0,0.0,0.0006397952655150352,0.0011148272017837235,0.0,0.0029791459781529296,0.006936416184971098,0.0,0.004589495155532892,0.004672897196261682,0.0008609556607834697
554,The Persistence of Memory,6,4,1,1,5,4,5,0,1,1,0,0,0,0,1,1,0,0,0,110.0,0.007677543186180422,0.006688963210702341,0.02769230769230769,0.0595829195630586,0.011560693641618497,0.05119152691968226,0.07700152983171851,0.028037383177570093,0.046491605682307355
555,The Persistence of Memory,6,3,2,4,4,4,5,0,0,1,0,0,0,1,0,0,0,0,1,200.0,0.007037747920665387,0.0,0.01846153846153846,0.07348560079443893,0.0,0.023389232127096208,0.09790922998470167,0.008177570093457943,0.05380972879896685
556,The Persistence of Memory,7,4,2,3,4,6,5,1,0,0,0,0,0,1,1,1,0,0,0,20.0,0.007677543186180422,0.02452619843924192,0.03961538461538461,0.07447864945382325,0.049710982658959534,0.0648720211827008,0.10504844467108618,0.03271028037383177,0.07963839862247094
557,The Persistence of Memory,7,4,3,3,4,4,5,0,0,0,0,0,0,0,0,1,0,0,0,200.0,0.005758157389635317,0.002229654403567447,0.0,0.055610724925521354,0.003468208092485549,0.0,0.07037225905150434,0.1308411214953271,0.002152389151958674
558,The Persistence of Memory,3,4,2,2,4,4,3,0,1,1,0,1,1,1,0,0,1,0,0,50.0,0.0,0.0,0.0,0.010923535253227408,0.0023121387283236996,0.001323918799646955,0.06374298827129016,0.016355140186915886,0.017219113215669393
559,The Persistence of Memory,7,4,3,4,4,6,7,0,0,0,1,1,0,0,0,0,0,1,0,20.0,0.0,0.026755852842809364,0.0003846153846153846,0.010923535253227408,0.006936416184971098,0.0048543689320388345,0.06374298827129016,0.016355140186915886,0.019371502367628066
561,The Persistence of Memory,7,4,2,2,4,7,3,0,1,0,0,1,0,1,0,1,0,0,0,10.0,0.04670505438259757,0.056856187290969896,0.004615384615384615,0.07100297914597815,0.1884393063583815,0.017652250661959402,0.12085670576236611,0.10514018691588785,0.037451571244080925
223,The Starry Night,0,0,0,0,0,0,0,0,0,0,0,0,0,0,0,0,0,0,0,0.0,0.01055662188099808,0.026755852842809364,0.0003846153846153846,0.022343594836146972,0.09132947976878612,0.0,0.08057113717491077,0.036214953271028034,0.0008609556607834697
226,The Starry Night,0,0,0,0,0,0,0,0,0,0,0,0,0,0,0,0,0,0,0,0.0,0.005118362124120281,0.0,0.009230769230769232,0.007944389275074478,0.0,0.010150044130626654,0.013768485466598677,0.0011682242990654205,0.02927249246663797
227,The Starry Night,0,0,0,0,0,0,0,0,0,0,0,0,0,0,0,0,0,0,0,0.0,0.006078055022392834,0.010033444816053512,0.006153846153846153,0.06703078450844091,0.026589595375722544,0.009267431597528684,0.1392146863844977,0.029205607476635514,0.04046491605682307
228,The Starry Night,7,5,5,5,2,3,3,0,0,1,0,0,0,0,1,0,1,0,0,25.0,0.0019193857965451055,0.002229654403567447,0.0,0.0029791459781529296,0.003468208092485549,0.0,0.0035696073431922487,0.1308411214953271,0.002582866982350409
231,The Starry Night,7,3,3,2,4,7,5,0,0,0,0,1,1,1,1,0,1,0,0,500.0,0.0025591810620601407,0.01226309921962096,0.0015384615384615385,0.02135054617676266,0.010404624277456647,0.003089143865842895,0.07547169811320753,0.06191588785046729,0.022384847180370204
232,The Starry Night,7,4,4,4,2,3,1,0,0,1,0,1,1,0,0,0,1,0,0,50.0,0.019833653230966093,0.01226309921962096,0.007692307692307693,0.07249255213505462,0.026589595375722544,0.013680494263018534,0.08771035186129525,0.029205607476635514,0.03917348256564786
233,The Starry Night,3,2,4,4,2,3,2,0,0,0,0,0,1,0,0,0,0,0,1,150.0,0.007357645553422905,0.002229654403567447,0.07384615384615385,0.035253227408143,0.003468208092485549,0.06663724624889673,0.06884242733299337,0.14018691588785046,0.10288420146362463
234,The Starry Night,6,2,4,4,2,3,4,0,0,0,1,0,1,0,0,0,0,1,1,500000.0,0.0,0.0011148272017837235,0.013076923076923078,0.010923535253227408,0.0,0.030891438658428954,0.06374298827129016,0.0011682242990654205,0.03702109341368919
235,The Starry Night,6,2,3,3,3,3,4,0,0,0,1,0,1,0,0,0,1,0,0,20.0,0.0047984644913627635,0.005574136008918618,0.08153846153846153,0.006454816285998014,0.011560693641618497,0.0670785525154457,0.007649158592554819,0.14018691588785046,0.05725355144210073
236,The Starry Night,9,5,5,5,1,3,3,0,1,1,0,1,1,1,1,0,1,0,0,50.0,0.027511196417146506,0.02564102564102564,0.0,0.01936444885799404,0.048554913294797684,0.0,0.02345741968383478,0.018691588785046728,0.0008609556607834697
237,The Starry Night,7,2,4,4,2,4,5,0,0,0,0,0,1,0,0,0,1,0,0,25.0,0.0012795905310300703,0.04013377926421405,0.029230769230769234,0.008440913604766634,0.013872832369942197,0.03706972639011474,0.026007139214686385,0.02803738317757009,0.05897546276366767
239,The Starry Night,8,4,2,2,3,2,4,0,0,1,0,0,1,0,0,1,1,0,0,50.0,0.0047984644913627635,0.010033444816053512,0.006153846153846155,0.01936444885799404,0.009248554913294798,0.0052956751985878195,0.07394186639469658,0.014018691588785047,0.009040034438226431
241,The Starry Night,7,2,4,4,2,3,4,0,0,0,0,1,0,0,0,1,0,1,0,50000.0,0.002239283429302623,0.002229654403567447,0.0,0.015888778550148957,0.019653179190751442,0.001323918799646955,0.07139214686384497,0.011682242990654205,0.01808006887645286
245,The Starry Night,8,4,3,3,4,4,3,0,0,0,0,1,1,0,1,1,1,0,0,2000.0,0.0012795905310300703,0.012263099219620958,0.0015384615384615385,0.0029791459781529296,0.013872832369942197,0.0,0.00407955124936257,0.02803738317757009,0.002152389151958674
246,The Starry Night,8,5,5,5,1,3,5,0,0,1,0,1,0,0,1,0,1,0,0,40.0,0.0,0.002229654403567447,0.0003846153846153846,0.003475670307845084,0.003468208092485549,0.0048543689320388345,0.004589495155532891,0.1308411214953271,0.019371502367628066
247,The Starry Night,7,2,4,5,1,4,3,0,0,1,1,1,1,1,1,0,0,0,1,50.0,0.03998720409468969,0.005574136008918618,0.012307692307692308,0.10427010923535253,0.008092485549132947,0.015445719329214474,0.15706272310045893,0.16705607476635512,0.015497201894102454
250,The Starry Night,5,2,3,4,2,2,5,0,1,1,1,1,1,1,0,0,0,1,0,1000000.0,0.0012795905310300703,0.0,0.0,0.008440913604766634,0.0023121387283236996,0.001323918799646955,0.025497195308516064,0.016355140186915886,0.002152389151958674
254,The Starry Night,0,0,0,0,0,0,0,0,0,0,0,0,0,0,0,0,0,0,0,0.0,0.0025591810620601407,0.0,0.0007692307692307692,0.004468718967229395,0.0,0.0035304501323918805,0.007139214686384498,0.002336448598130841,0.02238484718037021
255,The Starry Night,0,0,0,0,0,0,0,0,0,0,0,0,0,0,0,0,0,0,0,0.0,0.005118362124120281,0.0011148272017837235,0.12423076923076924,0.05312810327706058,0.0,0.08517210944395408,0.0647628760836308,0.01985981308411215,0.06887645286267757
256,The Starry Night,0,1,0,0,0,0,0,0,0,0,0,0,0,0,0,0,0,0,0,0.0,0.012795905310300705,0.026755852842809364,0.008076923076923075,0.07447864945382324,0.09364161849710982,0.00353045013239188,0.12391636919938805,0.05257009345794392,0.009900990099009901
258,The Starry Night,0,0,0,0,0,0,0,0,0,0,0,0,0,0,0,0,0,0,0,0.0,0.0,0.002229654403567447,0.024999999999999998,0.011916583912611717,0.003468208092485549,0.038834951456310676,0.0719020907700153,0.1308411214953271,0.05122686181661644
259,The Starry Night,0,0,0,0,0,0,0,0,0,0,0,0,0,0,0,0,0,0,0,0.0,0.0,0.010033444816053512,0.0003846153846153846,0.0019860973187686196,0.025433526011560695,0.0,0.006119326874043856,0.02570093457943925,0.0012914334911752045
260,The Starry Night,7,0,0,0,0,0,0,0,0,0,0,0,0,0,0,0,0,0,0,0.0,0.005758157389635317,0.010033444816053512,0.0003846153846153846,0.07100297914597815,0.026589595375722544,0.000441306266548985,0.13360530341662416,0.037383177570093455,0.0034438226431338786
261,The Starry Night,0,0,0,0,0,0,0,0,0,0,0,0,0,0,0,0,0,0,0,0.0,0.0,0.0011148272017837235,0.011153846153846153,0.012413108242303872,0.0,0.00794351279788173,0.06833248342682305,0.003504672897196261,0.014636246233318984
262,The Starry Night,0,0,0,0,0,0,0,0,0,0,0,0,0,0,0,0,0,0,0,0.0,0.001599488163787588,0.0011148272017837235,0.0007692307692307692,0.018371400198609732,0.0011560693641618498,0.00088261253309797,0.029576746557878633,0.015186915887850467,0.009470512268618166
263,The Starry Night,7,2,4,4,2,4,4,0,0,1,0,1,0,0,0,0,1,0,0,45.0,0.034868841970569414,0.008918617614269788,0.0626923076923077,0.12313803376365445,0.018497109826589597,0.1067961165048544,0.1784803671596124,0.19509345794392516,0.15109771846749895
266,The Starry Night,0,0,0,0,0,0,0,0,0,0,0,0,0,0,0,0,0,0,0,0.0,0.01983365323096609,0.0011148272017837235,0.02423076923076923,0.024826216484607748,0.0,0.045895851721094436,0.02855685874553799,0.002336448598130841,0.06887645286267755
269,The Starry Night,0,0,0,0,0,0,0,0,0,0,0,0,0,0,0,0,0,0,0,0.0,0.0006397952655150352,0.0,0.04769230769230769,0.017874875868917575,0.0023121387283236996,0.056928508384819075,0.07088220295767465,0.0035046728971962616,0.11278519156263454
270,The Starry Night,0,0,0,0,0,0,0,0,0,0,0,0,0,0,0,0,0,0,0,0.0,0.0003198976327575176,0.002229654403567447,0.027307692307692304,0.004965243296921549,0.003468208092485549,0.04633715798764342,0.0030596634370219276,0.1308411214953271,0.05725355144210073
271,The Starry Night,5,2,3,4,2,2,3,0,1,1,0,1,1,0,1,0,0,1,1,200.0,0.010236724248240563,0.0,0.0011538461538461537,0.011420059582919563,0.003468208092485549,0.00176522506619594,0.01580826109127996,0.01985981308411215,0.014636246233318984
273,The Starry Night,3,5,5,5,2,3,14,0,1,1,1,1,1,1,1,0,1,0,0,45.0,0.005118362124120281,0.008918617614269788,0.01423076923076923,0.05312810327706058,0.005780346820809248,0.038393645189761696,0.06629270780214176,0.018691588785046728,0.04433921653034869
275,The Starry Night,10,4,5,5,2,2,4,0,1,1,1,1,1,0,1,0,0,0,1,200.0,0.0067178502879078695,0.002229654403567447,0.0,0.01787487586891758,0.003468208092485549,0.001323918799646955,0.07292197858235594,0.1308411214953271,0.017219113215669393
276,The Starry Night,6,2,4,4,1,2,3,0,0,0,0,1,0,0,0,0,0,0,1,200.0,0.01215611004478567,0.0,0.007692307692307693,0.08291956305858987,0.0,0.01147396293027361,0.11677715451300356,0.008177570093457943,0.02927249246663797
277,The Starry Night,7,4,5,4,2,3,3,0,0,1,0,0,0,0,0,1,0,0,0,300.0,0.0,0.0011148272017837235,0.0030769230769230774,0.004468718967229395,0.0023121387283236996,0.013239187996469549,0.010198878123406425,0.018691588785046728,0.03874300473525613
278,The Starry Night,9,2,4,2,3,3,2,0,0,1,0,1,0,0,0,0,0,0,1,500.0,0.0,0.0011148272017837235,0.0,0.0014895729890764648,0.0,0.0,0.004589495155532891,0.016355140186915886,0.00043047783039173483
279,The Starry Night,5,2,5,5,2,12,5,0,0,0,0,0,0,0,1,0,1,0,0,50000000000.0,0.021113243761996164,0.002229654403567447,0.0034615384615384616,0.025819265143992055,0.003468208092485549,0.007502206531332745,0.07445181030086691,0.1308411214953271,0.0297029702970297
281,The Starry Night,10,1,5,5,1,5,3,1,0,0,0,0,0,0,1,0,0,0,1,100.0,0.0067178502879078695,0.0,0.0,0.060575968222442905,0.0,0.0,0.07394186639469658,0.007009345794392523,0.0
282,The Starry Night,7,1,5,5,1,3,5,1,1,0,0,1,1,1,1,1,1,1,0,50.0,0.005118362124120281,0.002229654403567447,0.020384615384615386,0.06405163853028799,0.003468208092485549,0.038834951456310676,0.12799592044875063,0.1308411214953271,0.03659061558329746
283,The Starry Night,6,4,4,4,2,2,2,0,0,0,0,1,1,0,1,0,0,0,1,1000.0,0.0,0.0,0.0003846153846153846,0.0004965243296921549,0.0,0.0048543689320388345,0.0030596634370219276,0.0011682242990654205,0.0198019801980198
285,The Starry Night,9,4,1,1,4,3,2,0,1,0,0,1,1,1,1,0,1,0,0,5000.0,0.009916826615483045,0.002229654403567447,0.0007692307692307692,0.06454816285998015,0.003468208092485549,0.003089143865842895,0.0764915859255482,0.1308411214953271,0.0223848471803702
286,The Starry Night,3,5,4,5,1,4,3,0,1,0,0,0,1,0,1,0,1,0,0,55.0,0.0,0.002229654403567447,0.033461538461538466,0.010923535253227408,0.003468208092485549,0.06134157105030892,0.06374298827129016,0.1308411214953271,0.07533362031855359
287,The Starry Night,7,3,2,4,2,5,4,0,0,1,0,1,1,1,1,0,1,1,0,20.0,0.005118362124120281,0.007803790412486065,0.001153846153846154,0.05312810327706058,0.015028901734104046,0.007502206531332745,0.06425293217746048,0.003504672897196261,0.006026689625484288
288,The Starry Night,7,3,4,4,1,4,4,0,0,0,0,0,1,0,0,0,1,0,0,7.0,0.013435700575815737,0.004459308807134894,0.007692307692307693,0.0784508440913605,0.015028901734104046,0.015445719329214475,0.14737378888322283,0.005841121495327103,0.009900990099009901
289,The Starry Night,9,1,5,5,1,5,7,0,0,1,0,1,0,0,0,0,0,0,1,750000.0,0.0,0.0033444816053511705,0.01,0.0004965243296921549,0.011560693641618497,0.014563106796116505,0.00407955124936257,0.01985981308411215,0.03702109341368919
290,The Starry Night,8,5,5,5,2,3,4,0,1,0,0,1,1,1,0,0,0,1,0,20000.0,0.007677543186180422,0.0,0.03692307692307692,0.07447864945382324,0.0,0.06310679611650485,0.10504844467108618,0.0011682242990654205,0.050796383986224714
292,The Starry Night,10,1,5,5,1,4,3,0,1,1,1,1,1,0,1,0,1,1,0,1000.0,0.010236724248240563,0.002229654403567447,0.09423076923076926,0.03624627606752731,0.003468208092485549,0.08164165931156223,0.08516063233044364,0.1308411214953271,0.10116229014205769
293,The Starry Night,9,2,4,5,1,3,20,0,0,1,0,1,1,0,1,1,1,0,0,150.0,0.0,0.026755852842809364,0.0034615384615384616,0.010923535253227408,0.006936416184971098,0.00176522506619594,0.06374298827129016,0.010514018691588784,0.003013344812742144
295,The Starry Night,4,3,3,4,2,3,4,0,0,1,1,0,0,1,0,1,0,1,0,50.0,0.001599488163787588,0.021181716833890748,0.0003846153846153846,0.007944389275074478,0.03583815028901734,0.0057369814651368044,0.0030596634370219276,0.009345794392523364,0.021523891519586738
296,The Starry Night,4,3,4,4,2,4,4,0,1,1,1,1,1,1,1,0,1,0,1,1000.0,0.006078055022392834,0.005574136008918618,0.0973076923076923,0.054121151936444886,0.004624277456647399,0.06443071491615181,0.06629270780214176,0.012850467289719626,0.05854498493327593
297,The Starry Night,6,2,4,3,2,3,2,0,1,0,0,1,1,0,0,0,0,0,1,70.0,0.001599488163787588,0.04013377926421405,0.02846153846153846,0.006454816285998014,0.13872832369942195,0.02471315092674316,0.009688934217236104,0.06191588785046728,0.055101162290142044
298,The Starry Night,8,2,3,4,2,4,7,0,1,1,0,1,0,0,1,0,0,0,1,0.0,0.0,0.002229654403567447,0.04038461538461538,0.0,0.003468208092485549,0.07193292144748456,0.001529831718510964,0.13668224299065418,0.07705553164012055
302,The Starry Night,10,4,4,5,1,3,6,0,1,1,0,1,1,0,1,0,0,0,1,100000000.0,0.006078055022392834,0.0,0.008846153846153844,0.06703078450844091,0.0023121387283236996,0.013680494263018535,0.13819479857215705,0.002336448598130841,0.022815325010761937
304,The Starry Night,8,4,3,5,2,4,4,0,1,1,1,1,1,0,1,1,0,1,1,1500.0,0.007357645553422904,0.0011148272017837235,0.0,0.08391261171797419,0.0011560693641618498,0.0,0.17440081591024986,0.016355140186915886,0.0012914334911752045
306,The Starry Night,7,3,2,2,5,3,5,0,1,0,0,1,1,1,1,0,1,0,0,50.0,0.001599488163787588,0.010033444816053512,0.05961538461538462,0.018371400198609732,0.025433526011560695,0.03353927625772287,0.07343192248852626,0.02570093457943925,0.023676280671545414
307,The Starry Night,10,5,5,5,5,10,9,1,0,0,0,0,0,0,1,0,1,0,0,100000000000.0,0.005118362124120281,0.041248606465997775,0.0003846153846153846,0.057100297914597815,0.013872832369942197,0.0057369814651368044,0.07751147373788883,0.02803738317757009,0.024537236332328884
308,The Starry Night,5,3,3,2,3,3,2,0,0,1,0,0,0,1,0,0,0,0,1,10000.0,0.005118362124120281,0.016722408026755852,0.014615384615384615,0.06454816285998015,0.016184971098265895,0.04192409532215358,0.13513513513513511,0.02920560747663551,0.05294877313818338
310,The Starry Night,8,3,4,5,2,3,2,0,0,0,1,0,0,0,1,0,1,0,0,150.0,0.0,0.005574136008918618,0.0019230769230769232,0.0,0.004624277456647399,0.007502206531332745,0.00407955124936257,0.012850467289719626,0.034438226431338786
311,The Starry Night,5,2,4,4,4,2,2,0,0,0,0,1,1,0,0,0,1,0,0,100000.0,0.020793346129238645,0.0,0.022307692307692306,0.044190665342601784,0.0011560693641618498,0.035304501323918804,0.04640489546149924,0.02219626168224299,0.03616013775290572
312,The Starry Night,6,2,3,2,4,3,2,0,1,1,0,1,0,1,0,0,1,0,0,5000.0,0.0,0.002229654403567447,0.0015384615384615385,0.010923535253227408,0.003468208092485549,0.00088261253309797,0.06374298827129016,0.1308411214953271,0.014636246233318984
314,The Starry Night,7,1,5,5,1,3,3,1,1,1,0,1,1,0,1,0,1,0,1,1000.0,0.0003198976327575176,0.002229654403567447,0.016538461538461537,0.011420059582919563,0.003468208092485549,0.04015887025595764,0.06629270780214176,0.1308411214953271,0.03271631510977184
316,The Starry Night,9,4,4,4,3,3,3,0,0,1,0,1,1,1,1,0,1,0,0,2000.0,0.0,0.0011148272017837235,0.002692307692307692,0.0004965243296921549,0.0,0.007943512797881731,0.0005099439061703213,0.011682242990654205,0.021523891519586738
317,The Starry Night,3,2,4,3,2,7,17,0,0,0,0,0,0,0,0,0,1,0,0,0.0,0.005118362124120281,0.002229654403567447,0.008846153846153846,0.05660377358490566,0.003468208092485549,0.014563106796116505,0.06884242733299337,0.1308411214953271,0.013775290572535515
318,The Starry Night,8,4,3,4,2,3,3,0,0,0,0,1,0,0,0,1,0,1,0,50.0,0.005118362124120281,0.0,0.011538461538461539,0.06405163853028799,0.0,0.02912621359223301,0.12799592044875063,0.005841121495327103,0.023676280671545417
319,The Starry Night,9,1,5,5,1,5,3,0,0,0,0,1,0,0,0,0,0,0,1,250.0,0.0012795905310300703,0.004459308807134894,0.007692307692307693,0.003972194637537239,0.0,0.004854368932038835,0.002039775624681285,0.002336448598130841,0.005596211795092553
321,The Starry Night,8,3,4,4,3,3,3,0,0,1,1,1,0,0,0,0,1,0,0,80.0,0.0003198976327575176,0.005574136008918618,0.0011538461538461537,0.0,0.004624277456647399,0.0052956751985878195,0.005609382967873534,0.012850467289719626,0.02195436934997847
323,The Starry Night,9,2,5,4,2,5,3,0,1,0,0,1,1,1,1,0,1,0,0,20000000.0,0.006397952655150352,0.008918617614269788,0.06615384615384615,0.007944389275074478,0.005780346820809248,0.03706972639011474,0.024477307496175424,0.018691588785046728,0.032285837279380114
326,The Starry Night,9,4,4,4,4,5,1,0,0,1,1,1,1,0,1,1,1,1,1,1000.0,0.0,0.0,0.0,0.011916583912611717,0.0,0.0,0.06425293217746048,0.002336448598130841,0.00043047783039173483
327,The Starry Night,4,2,3,3,2,4,5,0,0,1,1,1,1,0,0,0,1,0,0,60.0,0.0,0.0033444816053511705,0.002307692307692308,0.010923535253227408,0.0,0.008826125330979701,0.06374298827129016,0.003504672897196261,0.024537236332328884
328,The Starry Night,5,2,4,4,2,3,2,0,0,1,0,1,0,0,0,0,0,0,1,10.0,0.001599488163787588,0.002229654403567447,0.0003846153846153846,0.018371400198609732,0.0,0.00176522506619594,0.029576746557878633,0.0011682242990654205,0.0008609556607834697
329,The Starry Night,7,2,5,4,2,6,8,0,1,0,0,1,1,0,0,0,0,0,1,100000.0,0.0,0.0,0.0003846153846153846,0.0004965243296921549,0.0,0.00088261253309797,0.0030596634370219276,0.010514018691588784,0.00043047783039173483
332,The Starry Night,7,1,4,4,1,2,4,0,1,0,0,1,1,0,0,0,0,0,1,100.0,0.005118362124120281,0.010033444816053512,0.0,0.05312810327706058,0.025433526011560695,0.001323918799646955,0.06425293217746048,0.02570093457943925,0.017219113215669393
333,The Starry Night,9,2,4,5,2,4,14,0,0,1,1,1,1,0,0,0,1,1,0,1200.0,0.010876519513755598,0.0,0.02692307692307692,0.03277060575968223,0.008092485549132947,0.03662842012356576,0.046404895461499236,0.002336448598130841,0.043047783039173476
334,The Starry Night,1,1,1,3,1,4,3,0,0,0,0,1,1,0,1,0,1,0,0,30.0,0.022072936660268713,0.0011148272017837235,0.04230769230769231,0.08540218470705065,0.0011560693641618498,0.06619593998234774,0.14533401325854156,0.023364485981308407,0.08308222126560483
335,The Starry Night,7,4,3,3,2,3,3,0,0,0,0,0,1,0,0,1,0,0,0,0.0,0.0003198976327575176,0.0379041248606466,0.004615384615384615,0.005958291956305859,0.005780346820809248,0.011915269196822596,0.010708822029576747,0.009345794392523364,0.03357727077055532
336,The Starry Night,7,4,4,4,3,3,4,0,0,0,0,0,0,0,1,1,0,1,0,250.0,0.017594369801663463,0.002229654403567447,0.0,0.07398212512413108,0.006936416184971098,0.001323918799646955,0.08312085670576236,0.1588785046728972,0.017649591046061126
338,The Starry Night,4,4,1,3,2,4,4,0,0,0,0,0,0,0,0,0,1,1,0,40.0,0.0,0.002229654403567447,0.0019230769230769232,0.0,0.003468208092485549,0.0035304501323918805,0.0015298317185109638,0.1308411214953271,0.02238484718037021
341,The Starry Night,4,2,4,3,2,2,3,0,1,1,0,0,1,0,0,0,0,1,1,40000.0,0.004158669225847729,0.011148272017837236,0.024230769230769233,0.02780536246276067,0.009248554913294797,0.04015887025595763,0.07955124936257012,0.14953271028037382,0.05079638398622471
342,The Starry Night,8,3,4,4,2,4,5,0,0,1,0,0,0,0,1,0,0,1,0,100.0,0.006397952655150352,0.0033444816053511705,0.005384615384615384,0.05660377358490566,0.016184971098265895,0.007502206531332745,0.08108108108108107,0.009345794392523364,0.038312526904864405
343,The Starry Night,7,4,2,2,4,2,1,0,0,0,0,1,0,0,0,0,1,0,0,20.0,0.0003198976327575176,0.004459308807134894,0.0,0.0004965243296921549,0.0,0.00088261253309797,0.0056093829678735335,0.002336448598130841,0.002582866982350409
344,The Starry Night,1,2,2,2,2,4,3,0,0,1,0,1,0,0,0,0,1,0,0,25.0,0.0,0.002229654403567447,0.013461538461538462,0.0019860973187686196,0.003468208092485549,0.01721094439541042,0.0010198878123406426,0.1308411214953271,0.0297029702970297
345,The Starry Night,9,1,5,4,1,3,3,0,0,1,0,1,1,1,1,0,0,1,1,30.0,0.0012795905310300703,0.011148272017837236,0.011153846153846153,0.008440913604766634,0.017341040462427744,0.014563106796116505,0.026517083120856707,0.007009345794392523,0.03874300473525613
347,The Starry Night,9,4,2,2,3,3,4,0,1,0,0,1,0,0,1,1,0,1,0,800.0,0.0047984644913627635,0.0,0.0,0.018371400198609732,0.0011560693641618498,0.00088261253309797,0.07955124936257012,0.0011682242990654205,0.0038743004735256135
348,The Starry Night,4,4,2,3,4,4,6,1,0,1,1,1,1,0,1,0,1,0,0,67.0,0.005118362124120281,0.007803790412486065,0.0003846153846153846,0.05312810327706058,0.013872832369942197,0.001323918799646955,0.06425293217746048,0.002336448598130841,0.0017219113215669393
349,The Starry Night,6,2,5,4,2,3,2,1,0,1,1,1,0,1,1,0,0,1,1,17000000.0,0.0,0.0,0.0003846153846153846,0.0009930486593843098,0.0,0.0,0.00815910249872514,0.010514018691588784,0.0017219113215669393
350,The Starry Night,4,4,4,5,1,3,3,1,0,1,0,1,1,1,0,1,0,0,0,3.0,0.0012795905310300703,0.002229654403567447,0.03307692307692307,0.02035749751737835,0.003468208092485549,0.035304501323918804,0.09178990311065782,0.1320093457943925,0.03572965992251399
351,The Starry Night,1,1,1,1,1,6,3,1,0,0,0,0,0,0,1,0,0,0,1,0.01,0.01983365323096609,0.004459308807134894,0.0,0.024329692154915594,0.009248554913294797,0.0,0.03824579296277409,0.028037383177570093,0.0017219113215669393
352,The Starry Night,4,4,4,4,2,4,4,0,0,0,0,1,0,0,0,0,0,0,1,20.0,0.003198976327575176,0.002229654403567447,0.0011538461538461537,0.0009930486593843098,0.003468208092485549,0.00088261253309797,0.0035696073431922487,0.1308411214953271,0.0034438226431338786
353,The Starry Night,9,4,4,3,3,5,6,0,0,1,0,1,0,0,0,0,1,0,0,1500.0,0.0003198976327575176,0.002229654403567447,0.028846153846153848,0.0,0.003468208092485549,0.047219770520741396,0.005099439061703213,0.1308411214953271,0.07232027550581145
354,The Starry Night,6,2,4,4,2,3,2,0,0,0,0,0,1,0,1,0,1,0,0,200.0,0.005118362124120281,0.0011148272017837235,0.008846153846153847,0.014399205561072492,0.0,0.014121800529567519,0.06425293217746048,0.018691588785046728,0.03357727077055532
355,The Starry Night,10,1,5,3,2,2,5,0,0,1,0,1,1,1,0,0,0,1,1,200.0,0.0006397952655150352,0.02898550724637681,0.018846153846153846,0.0019860973187686196,0.09248554913294797,0.03486319505736982,0.005099439061703213,0.038551401869158876,0.04218682737839001
357,The Starry Night,7,4,3,4,2,4,3,1,1,1,0,1,1,0,1,1,1,0,0,50.0,0.0,0.0,0.011538461538461539,0.010923535253227408,0.003468208092485549,0.011032656663724626,0.06374298827129016,0.018691588785046728,0.01334481274214378
358,The Starry Night,2,2,3,4,2,3,2,0,0,0,0,0,0,0,0,0,1,0,0,80.0,0.002879078694817658,0.002229654403567447,0.016923076923076926,0.00893743793445879,0.003468208092485549,0.017652250661959402,0.022437531871494137,0.1308411214953271,0.03357727077055532
359,The Starry Night,7,3,4,5,1,3,3,0,0,1,1,1,0,0,1,0,0,1,0,20.0,0.0019193857965451055,0.002229654403567447,0.01846153846153846,0.004468718967229394,0.004624277456647399,0.020300088261253315,0.005099439061703213,0.007009345794392523,0.0581145071028842
361,The Starry Night,7,4,2,2,3,5,4,1,0,1,0,1,1,0,0,0,1,0,0,30.0,0.003518873960332693,0.004459308807134894,0.04115384615384616,0.02184707050645482,0.017341040462427744,0.055604589585172115,0.08312085670576237,0.02219626168224299,0.08136030994403788
362,The Starry Night,5,3,4,3,5,3,2,0,0,0,0,1,1,0,1,0,1,1,0,400.0,0.02623160588611644,0.0,0.12269230769230773,0.03376365441906652,0.0,0.08473080317740514,0.10810810810810807,0.010514018691588784,0.08437365475678003
363,The Starry Night,8,3,4,4,2,5,3,0,0,1,0,0,0,0,1,0,0,1,0,1000.0,0.007037747920665386,0.008918617614269788,0.03230769230769231,0.057596822244289976,0.005780346820809248,0.06001765225066197,0.08006119326874044,0.018691588785046728,0.052948773138183386
364,The Starry Night,8,4,4,4,2,2,2,0,0,0,0,0,1,0,1,0,0,0,1,600.0,0.005118362124120281,0.0011148272017837235,0.013076923076923078,0.06405163853028799,0.008092485549132947,0.03000882612533098,0.12799592044875063,0.0035046728971962616,0.026689625484287556
365,The Starry Night,7,4,3,4,4,5,5,0,0,1,0,0,0,0,1,0,0,0,1,500.0,0.0009596928982725527,0.005574136008918618,0.021153846153846155,0.019364448857994043,0.004624277456647399,0.04368932038834952,0.08720040795512492,0.14719626168224298,0.06758501937150237
366,The Starry Night,10,4,2,5,2,2,3,0,0,1,1,1,1,1,1,0,1,0,1,20.0,0.006078055022392834,0.0033444816053511705,0.0007692307692307692,0.05610724925521351,0.003468208092485549,0.006178287731685789,0.07547169811320754,0.14719626168224298,0.020662935858803265
367,The Starry Night,1,2,4,5,1,3,4,0,1,1,1,1,1,1,1,0,1,0,0,1000000.0,0.012476007677543189,0.021181716833890748,0.0,0.017874875868917575,0.03468208092485549,0.0,0.030086690464048958,0.008177570093457943,0.0038743004735256135
368,The Starry Night,7,1,4,5,1,2,1,0,1,1,0,0,0,1,1,0,0,0,1,400.0,0.010876519513755598,0.021181716833890748,0.004230769230769231,0.039721946375372394,0.024277456647398842,0.004854368932038835,0.10045894951555326,0.007009345794392522,0.0198019801980198
369,The Starry Night,3,5,4,5,1,3,2,1,0,1,0,1,1,1,1,0,1,0,0,50.0,0.0,0.0,0.023076923076923075,0.010923535253227408,0.0011560693641618498,0.02383053839364519,0.06374298827129016,0.017523364485981307,0.03616013775290572
370,The Starry Night,2,2,3,4,1,4,4,0,1,0,1,1,1,0,0,0,0,1,1,50.0,0.007037747920665386,0.0,0.017307692307692305,0.06752730883813307,0.0,0.033539276257722864,0.13054563997960222,0.0011682242990654205,0.02755058114507103
371,The Starry Night,8,3,4,4,3,4,5,0,1,1,1,1,1,1,0,0,0,0,1,1000.0,0.00927703134996801,0.0,0.0019230769230769232,0.06454816285998015,0.0011560693641618498,0.007502206531332745,0.08465068842427331,0.005841121495327103,0.034438226431338786
372,The Starry Night,6,3,3,4,3,4,3,0,1,1,1,0,0,1,0,0,0,1,0,10.0,0.005758157389635317,0.002229654403567447,0.013076923076923076,0.009930486593843098,0.003468208092485549,0.03971756398940865,0.033656297807241206,0.13317757009345793,0.05079638398622471
374,The Starry Night,5,2,4,4,2,2,2,0,0,1,0,0,0,0,1,0,1,0,0,50.0,0.0,0.0033444816053511705,0.0034615384615384616,0.010923535253227408,0.003468208092485549,0.00617828773168579,0.06374298827129016,0.1320093457943925,0.017649591046061126
376,The Starry Night,7,3,4,5,3,43,43,1,0,0,0,0,0,1,0,1,0,0,0,150.0,0.003198976327575176,0.002229654403567447,0.0003846153846153846,0.004468718967229395,0.003468208092485549,0.00088261253309797,0.009178990311065782,0.1308411214953271,0.009470512268618166
377,The Starry Night,9,2,4,5,2,3,1,0,0,0,1,1,1,1,1,1,1,0,0,100.0,0.006397952655150352,0.026755852842809364,0.0003846153846153846,0.06554121151936446,0.006936416184971098,0.0026478375992939097,0.10300866904640489,0.010514018691588784,0.004304778303917348
379,The Starry Night,6,2,4,3,2,10,7,0,0,1,0,1,1,1,1,0,0,0,1,70.0,0.005118362124120281,0.002229654403567447,0.035,0.06107249255213506,0.006936416184971098,0.0653133274492498,0.06935237123916368,0.14953271028037382,0.06887645286267757
380,The Starry Night,7,2,2,4,4,4,3,0,0,0,0,1,1,0,0,0,1,0,0,5000000.0,0.019513755598208574,0.004459308807134894,0.0019230769230769232,0.07398212512413109,0.013872832369942197,0.003089143865842895,0.154003059663437,0.17523364485981305,0.0297029702970297
381,The Starry Night,5,1,3,5,2,4,5,1,0,0,1,1,1,1,0,0,1,0,0,150.0,0.0,0.0,0.0015384615384615385,0.010923535253227408,0.0,0.0039717563989408655,0.06374298827129016,0.010514018691588784,0.02367628067154541
382,The Starry Night,7,4,2,4,5,3,4,1,0,1,0,0,0,1,1,0,1,0,0,400.0,0.0710172744721689,0.002229654403567447,0.02692307692307692,0.04021847070506454,0.003468208092485549,0.03971756398940866,0.056093829678735316,0.13434579439252334,0.043908738699956935
383,The Starry Night,5,2,4,4,2,3,2,0,0,1,0,0,0,0,1,1,0,0,0,20.0,0.0009596928982725527,0.0,0.009615384615384616,0.004965243296921549,0.0,0.010150044130626656,0.015298317185109638,0.002336448598130841,0.025398191993112357
384,The Starry Night,1,3,3,4,2,3,3,0,0,0,1,1,1,0,0,1,0,0,0,100.0,0.006397952655150352,0.002229654403567447,0.005,0.06156901688182721,0.003468208092485549,0.008826125330979701,0.08975012748597654,0.1308411214953271,0.015497201894102454
385,The Starry Night,10,2,5,5,4,3,3,0,1,1,1,1,1,1,1,0,0,1,1,100000.0,0.005118362124120281,0.004459308807134894,0.027307692307692307,0.05312810327706058,0.003468208092485549,0.056045895851721095,0.06425293217746048,0.13551401869158874,0.04649160568230736
386,The Starry Night,7,3,3,4,3,1,3,0,0,1,1,1,0,0,1,0,0,0,1,1000000.0,0.0003198976327575176,0.0,0.006923076923076924,0.0009930486593843098,0.0,0.020300088261253308,0.0030596634370219276,0.004672897196261682,0.021954369349978475
388,The Starry Night,8,5,4,2,2,3,4,1,0,1,0,1,1,0,1,1,0,0,0,75.0,0.0009596928982725527,0.0011148272017837235,0.0,0.0029791459781529296,0.0011560693641618498,0.0,0.011218765935747067,0.0011682242990654205,0.00043047783039173483
389,The Starry Night,8,4,4,3,4,3,13,0,0,1,0,1,0,0,1,0,1,0,0,200.0,0.005118362124120281,0.0,0.0,0.05312810327706058,0.0,0.002206531332744925,0.0647628760836308,0.010514018691588784,0.004304778303917348
390,The Starry Night,8,3,4,4,3,3,6,1,1,1,0,1,1,1,1,0,0,1,0,500.0,0.0028790786948176585,0.0,0.008076923076923077,0.04170804369414101,0.003468208092485549,0.016328331862312445,0.1320754716981132,0.018691588785046728,0.02668962548428755
391,The Starry Night,1,3,3,4,2,2,3,0,1,1,1,1,0,1,0,0,1,0,0,10.0,0.005118362124120281,0.002229654403567447,0.012692307692307692,0.05312810327706058,0.003468208092485549,0.030450132391879967,0.06425293217746048,0.1308411214953271,0.028842014636246232
392,The Starry Night,10,1,4,4,2,4,14,0,1,1,1,1,1,1,1,0,0,0,1,100000000.0,0.006078055022392834,0.002229654403567447,0.003076923076923077,0.06951340615690169,0.003468208092485549,0.013680494263018534,0.14329423763386026,0.1308411214953271,0.02841153680585449
395,The Starry Night,7,4,3,4,2,3,3,1,1,1,0,1,1,0,1,0,1,0,0,80.0,0.0,0.002229654403567447,0.054615384615384614,0.010923535253227408,0.003468208092485549,0.02383053839364519,0.06374298827129016,0.1308411214953271,0.021093413689195005
397,The Starry Night,2,2,3,4,3,4,4,1,0,1,0,1,1,0,1,0,0,0,1,200.0,,,,,,,,,
398,The Starry Night,8,2,4,4,3,3,8,1,0,1,1,1,1,1,1,0,1,1,1,300.0,,,,,,,,,
399,The Starry Night,7,4,3,1,2,3,4,0,1,1,0,1,1,1,1,0,0,0,1,200000.0,,,,,,,,,
400,The Starry Night,10,1,5,5,2,4,4,1,1,1,1,1,1,1,1,0,1,1,0,1e+30,,,,,,,,,
401,The Starry Night,6,3,4,4,3,3,1,1,0,1,0,0,1,1,0,0,1,1,0,1000.0,,,,,,,,,
402,The Starry Night,9,5,5,5,2,3,2,0,0,0,0,1,1,1,0,1,0,1,1,500.0,,,,,,,,,
403,The Starry Night,8,4,3,4,3,3,2,0,0,1,0,1,1,1,1,0,1,0,0,2000.0,,,,,,,,,
404,The Starry Night,7,4,4,5,2,3,3,0,1,1,0,1,1,0,1,0,1,0,1,0.0,,,,,,,,,
406,The Starry Night,5,2,4,5,2,3,2,0,0,0,0,0,1,0,0,0,1,0,0,1000000000.0,,,,,,,,,
407,The Starry Night,5,2,3,3,1,6,5,0,1,1,0,1,1,1,1,0,0,0,1,400.0,,,,,,,,,
408,The Starry Night,9,1,4,5,2,9,15,0,1,1,1,1,1,1,1,0,0,1,1,100.0,,,,,,,,,
409,The Starry Night,8,3,4,5,1,2,1,0,0,1,0,1,1,1,1,1,1,0,0,100000000.0,,,,,,,,,
411,The Starry Night,10,4,4,5,2,3,3,0,0,1,1,1,1,0,1,0,0,1,1,100.0,,,,,,,,,
413,The Starry Night,7,1,5,5,1,2,4,0,0,1,0,1,1,0,0,0,0,0,1,100.0,,,,,,,,,
414,The Starry Night,7,4,3,2,4,3,2,0,0,0,1,1,0,0,0,0,1,0,0,8.0,,,,,,,,,
416,The Starry Night,9,3,4,4,2,5,6,0,1,1,1,1,1,1,0,1,1,0,0,100.0,,,,,,,,,
417,The Starry Night,7,2,4,3,2,3,3,1,1,1,1,1,0,1,0,0,1,0,1,30.0,,,,,,,,,
418,The Starry Night,6,2,4,5,1,3,4,0,0,1,0,1,1,0,0,1,0,0,0,50.0,,,,,,,,,
419,The Starry Night,10,3,4,5,1,3,1,0,0,0,0,0,1,0,0,0,1,0,0,100.0,,,,,,,,,
420,The Starry Night,9,3,2,3,2,4,5,0,0,0,0,0,0,0,1,0,0,0,1,100000.0,,,,,,,,,
421,The Starry Night,6,4,4,3,3,3,14,0,1,1,0,1,1,1,1,0,1,0,0,1000000.0,,,,,,,,,
425,The Starry Night,8,1,5,4,1,3,2,0,0,0,0,0,0,0,1,0,0,1,0,50.0,,,,,,,,,
428,The Starry Night,5,1,3,4,2,3,2,1,0,0,0,1,1,0,0,0,0,1,0,200.0,,,,,,,,,
429,The Starry Night,10,3,1,2,4,5,2,1,1,1,1,1,0,0,1,0,1,0,0,10000.0,,,,,,,,,
431,The Starry Night,6,2,3,4,1,4,4,0,0,0,0,1,0,0,0,0,1,0,0,125.0,,,,,,,,,
433,The Starry Night,10,5,5,5,1,4,3,0,0,0,0,0,0,0,1,0,1,0,0,50.0,,,,,,,,,
434,The Starry Night,9,2,4,5,1,3,4,0,0,1,1,1,1,0,1,0,1,1,0,40.0,,,,,,,,,
435,The Starry Night,8,1,5,3,1,3,2,0,0,0,0,1,1,1,0,0,1,0,0,100.0,,,,,,,,,
436,The Starry Night,5,3,2,5,3,2,2,0,0,0,1,1,1,0,0,0,0,0,1,300.0,,,,,,,,,
437,The Starry Night,10,1,5,5,1,5,3,0,0,0,0,0,0,0,1,0,0,0,1,100000000.0,,,,,,,,,
438,The Starry Night,8,4,4,5,4,4,32,0,1,1,1,1,1,1,1,0,1,0,0,100000000.0,,,,,,,,,
439,The Starry Night,9,4,5,3,2,4,6,0,0,1,1,1,1,0,1,0,1,0,0,100000000.0,,,,,,,,,
440,The Starry Night,5,2,3,4,2,3,4,0,0,1,0,1,1,0,1,1,1,0,0,5000.0,,,,,,,,,
443,The Starry Night,9,1,5,2,4,3,3,0,0,1,1,1,0,0,0,0,1,0,1,1000.0,,,,,,,,,
445,The Starry Night,6,2,4,5,1,3,3,0,0,0,0,0,0,0,1,0,0,0,1,50000.0,,,,,,,,,
446,The Starry Night,9,3,4,3,2,6,5,0,0,0,0,0,0,0,1,0,0,0,1,10.0,,,,,,,,,
447,The Starry Night,7,4,3,4,2,4,3,0,0,0,0,1,1,1,1,1,1,0,0,100.0,,,,,,,,,
448,The Starry Night,8,3,2,2,4,4,4,0,0,1,0,0,0,1,0,0,0,0,1,1000000.0,,,,,,,,,
449,The Starry Night,6,2,2,2,1,3,2,0,0,0,0,0,0,0,1,0,1,0,0,30.0,,,,,,,,,
450,The Starry Night,7,2,4,4,2,5,13,0,0,1,0,1,1,0,0,0,0,1,1,5000.0,,,,,,,,,
451,The Starry Night,5,4,4,4,2,4,3,1,1,0,0,1,0,0,0,0,0,1,0,550.0,,,,,,,,,
452,The Starry Night,7,4,4,2,2,3,3,0,0,1,1,1,1,0,0,0,0,1,0,100.0,,,,,,,,,
453,The Starry Night,3,4,2,4,1,2,3,0,0,1,1,0,1,1,0,0,1,0,0,1.0,,,,,,,,,
455,The Starry Night,6,4,4,4,2,3,3,0,0,0,0,0,1,0,1,0,1,0,0,250.0,,,,,,,,,
456,The Starry Night,5,2,4,4,2,3,11,0,1,1,1,1,0,0,1,0,1,1,0,10000.0,,,,,,,,,
458,The Starry Night,9,3,4,5,2,4,3,0,0,0,0,1,1,0,0,1,0,0,0,100.0,,,,,,,,,
459,The Starry Night,8,1,4,4,2,2,5,0,0,1,0,1,1,0,1,0,0,0,1,60.0,,,,,,,,,
460,The Starry Night,6,4,3,3,1,2,3,1,0,0,0,0,0,0,1,1,1,0,0,100.0,,,,,,,,,
461,The Starry Night,8,4,4,4,2,2,2,0,0,0,0,0,1,0,0,0,1,0,0,200.0,,,,,,,,,
466,The Starry Night,7,2,4,5,1,3,3,0,0,0,0,0,1,0,0,0,1,0,0,50.0,,,,,,,,,
467,The Starry Night,4,2,4,5,2,3,3,0,1,0,0,0,1,0,0,0,1,0,0,100.0,,,,,,,,,
469,The Starry Night,8,4,2,3,2,3,2,0,0,0,0,0,0,0,0,0,1,0,0,300.0,,,,,,,,,
471,The Starry Night,2,1,4,4,1,2,5,0,0,1,0,1,1,0,0,0,0,1,0,20.0,,,,,,,,,
474,The Starry Night,10,2,5,5,2,3,5,0,1,1,1,1,1,1,0,0,1,0,0,500.0,,,,,,,,,
475,The Starry Night,5,3,3,3,3,4,3,0,1,0,0,0,0,0,1,0,1,0,0,0.0,,,,,,,,,
476,The Starry Night,10,5,5,5,1,4,5,0,1,1,1,1,1,0,1,1,1,0,1,100.0,,,,,,,,,
478,The Starry Night,8,2,4,3,2,4,3,0,0,0,1,1,0,1,0,1,0,0,0,300.0,,,,,,,,,
480,The Starry Night,5,2,3,3,2,2,3,0,0,1,0,0,1,0,0,0,1,0,0,0.0,,,,,,,,,
481,The Starry Night,10,1,5,4,1,3,2,0,0,1,0,1,1,0,1,0,1,0,0,1000.0,,,,,,,,,
482,The Starry Night,2,3,3,4,2,3,3,0,0,1,0,1,1,0,0,0,1,0,0,150.0,,,,,,,,,
483,The Starry Night,1,4,2,4,5,3,2,0,1,1,1,1,1,1,1,1,0,0,1,50.0,,,,,,,,,
484,The Starry Night,4,2,4,4,1,3,3,1,1,1,1,0,0,0,1,0,1,0,0,1000.0,,,,,,,,,
487,The Starry Night,4,2,4,5,1,6,3,1,0,0,0,0,0,0,1,0,0,1,0,500.0,,,,,,,,,
488,The Starry Night,8,4,4,4,2,7,6,0,0,0,1,1,1,0,0,1,1,0,1,400.0,,,,,,,,,
491,The Starry Night,2,4,2,3,4,4,14,0,1,0,0,1,1,0,0,1,0,0,1,5.0,,,,,,,,,
492,The Starry Night,7,2,4,4,1,5,3,0,0,1,0,1,0,1,0,0,1,1,0,20000000.0,,,,,,,,,
493,The Starry Night,4,3,3,4,1,3,2,0,1,1,1,1,1,1,1,1,1,0,0,10.0,,,,,,,,,
495,The Starry Night,5,4,4,4,3,3,3,0,1,0,0,0,0,0,0,0,0,0,1,5000.0,,,,,,,,,
496,The Starry Night,6,3,4,4,3,2,2,0,0,0,0,1,0,0,0,0,1,0,0,40.0,,,,,,,,,
497,The Starry Night,4,2,5,5,2,5,16,0,0,1,1,1,1,0,1,1,0,1,1,1000000.0,,,,,,,,,
499,The Starry Night,3,3,4,4,2,100,7,1,1,1,1,1,1,1,1,0,0,0,1,1e+24,,,,,,,,,
500,The Starry Night,7,4,2,1,4,2,10,1,0,0,0,0,0,0,0,0,0,0,1,2.0,,,,,,,,,
501,The Starry Night,7,4,3,5,2,3,2,0,0,0,1,1,0,0,0,0,0,1,0,2000000.0,,,,,,,,,
502,The Starry Night,2,1,4,4,2,3,5,0,1,0,0,1,0,1,1,0,0,0,1,50.0,,,,,,,,,
503,The Starry Night,3,4,2,1,5,3,4,1,0,0,0,0,0,0,1,0,1,1,0,10.0,,,,,,,,,
505,The Starry Night,3,2,5,5,1,3,4,0,0,0,0,0,1,0,0,0,0,0,1,100.0,,,,,,,,,
506,The Starry Night,3,2,2,4,2,2,1,1,1,1,1,1,1,1,0,0,1,0,0,0.0,,,,,,,,,
508,The Starry Night,4,2,3,4,2,5,4,1,1,0,0,1,1,0,0,0,0,1,0,600.0,,,,,,,,,
509,The Starry Night,6,1,2,5,1,4,5,0,1,0,1,0,0,0,1,0,1,0,0,35.0,,,,,,,,,
510,The Starry Night,8,2,4,4,3,6,6,1,0,0,0,1,1,0,1,0,1,0,0,100.0,,,,,,,,,
511,The Starry Night,8,4,2,2,4,4,3,0,0,0,0,0,0,0,1,0,1,0,0,450000000.0,,,,,,,,,
512,The Starry Night,6,4,2,4,3,3,3,0,0,1,0,0,1,0,0,0,1,0,0,100.0,,,,,,,,,
513,The Starry Night,9,4,5,5,3,3,2,0,1,1,1,1,1,1,1,0,1,0,0,500.0,,,,,,,,,
516,The Starry Night,6,2,4,4,2,6,5,0,0,1,0,1,1,0,0,0,0,0,1,50.0,,,,,,,,,
518,The Starry Night,6,1,3,4,2,6,3,0,0,1,0,0,1,0,0,0,0,1,0,280.0,,,,,,,,,
519,The Starry Night,8,2,4,4,1,5,3,0,0,1,0,1,1,0,1,0,1,0,0,1000.0,,,,,,,,,
521,The Starry Night,6,4,1,4,4,3,2,0,0,0,0,0,0,0,1,0,1,0,0,0.0,,,,,,,,,
523,The Starry Night,4,4,3,4,2,3,3,0,1,1,0,1,1,0,1,1,1,0,0,20.0,,,,,,,,,
524,The Starry Night,7,4,4,5,1,3,3,0,1,1,1,1,1,1,1,0,1,1,0,5000.0,,,,,,,,,
525,The Starry Night,10,5,5,5,1,4,10,0,0,0,0,1,0,1,1,0,1,1,0,500.0,,,,,,,,,
527,The Starry Night,7,4,2,2,4,5,3,0,0,1,1,0,0,0,0,0,1,0,0,100.0,,,,,,,,,
528,The Starry Night,4,2,3,5,1,3,0,0,0,0,1,0,1,0,0,0,1,0,0,10000.0,,,,,,,,,
530,The Starry Night,4,2,2,3,2,5,4,0,0,0,0,0,0,0,1,0,1,0,1,200.0,,,,,,,,,
531,The Starry Night,9,3,4,3,2,6,7,0,1,1,0,1,0,1,1,1,1,1,1,40.0,,,,,,,,,
532,The Starry Night,5,3,4,4,1,3,10,0,0,1,0,0,0,0,1,0,1,0,0,300.0,,,,,,,,,
533,The Starry Night,7,4,2,2,4,3,2,0,0,0,1,0,0,0,0,0,1,0,0,1000.0,,,,,,,,,
534,The Starry Night,9,2,4,4,2,2,2,0,0,0,0,0,0,0,1,0,1,0,0,20.0,,,,,,,,,
535,The Starry Night,9,2,4,5,2,5,2,0,0,1,1,1,1,1,0,1,1,0,0,150.0,,,,,,,,,
536,The Starry Night,10,5,5,1,5,3,2,0,1,1,0,0,1,1,0,0,1,0,0,1000.0,,,,,,,,,
538,The Starry Night,5,3,3,4,2,2,3,0,0,1,0,1,1,1,0,0,1,0,0,400.0,,,,,,,,,
539,The Starry Night,7,4,4,4,2,4,3,0,0,0,0,0,1,0,0,0,0,1,0,200.0,,,,,,,,,
540,The Starry Night,9,2,4,5,2,4,3,0,1,1,1,1,1,0,1,0,1,1,0,600.0,,,,,,,,,
541,The Starry Night,6,2,4,4,1,4,4,0,0,0,0,1,0,0,0,0,1,0,0,10000000.0,,,,,,,,,
542,The Starry Night,4,1,3,4,1,3,3,1,0,0,0,1,0,0,1,0,1,0,1,20.0,,,,,,,,,
543,The Starry Night,7,4,3,2,2,5,10,0,0,1,0,1,1,1,1,0,0,1,1,50.0,,,,,,,,,
545,The Starry Night,6,2,5,4,3,3,3,0,0,1,0,0,0,0,1,0,0,1,1,100.0,,,,,,,,,
546,The Starry Night,6,1,4,4,1,3,3,0,0,1,0,1,1,0,1,0,1,0,0,600.0,,,,,,,,,
547,The Starry Night,4,2,5,5,1,4,5,0,0,0,0,0,0,0,1,0,1,0,0,50.0,,,,,,,,,
548,The Starry Night,6,2,4,4,2,4,4,0,0,1,1,1,1,0,0,1,1,0,0,14.99,,,,,,,,,
549,The Starry Night,5,4,2,2,4,2,3,1,0,0,0,1,0,0,1,1,1,0,0,100.0,,,,,,,,,
550,The Starry Night,7,2,2,4,4,3,2,1,0,0,0,0,0,0,1,0,0,0,1,67.0,,,,,,,,,
551,The Starry Night,5,4,4,5,4,3,4,0,1,1,1,1,1,0,1,0,1,0,0,0.0,,,,,,,,,
554,The Starry Night,2,3,4,5,2,4,5,0,0,0,1,1,0,0,1,0,1,0,1,500.0,,,,,,,,,
555,The Starry Night,7,5,4,5,1,3,3,0,1,1,0,0,0,1,0,0,0,0,1,250.0,,,,,,,,,
556,The Starry Night,4,3,3,3,3,4,4,0,1,0,0,1,1,0,0,0,1,0,0,10.0,,,,,,,,,
557,The Starry Night,6,3,5,5,2,2,3,0,0,1,0,0,0,0,1,0,0,1,0,400.0,,,,,,,,,
558,The Starry Night,2,4,2,2,4,3,2,1,0,0,0,1,1,1,1,0,1,0,0,20.0,,,,,,,,,
559,The Starry Night,7,4,4,4,4,4,13,0,1,1,0,1,0,0,0,1,0,0,0,15.0,,,,,,,,,
561,The Starry Night,5,4,3,4,1,4,1,0,0,1,0,1,1,1,1,0,1,0,0,10.0,,,,,,,,,
223,The Water Lily Pond,0,0,0,0,0,0,0,0,0,0,0,0,0,0,0,0,0,0,0,0.0,,,,,,,,,
226,The Water Lily Pond,0,0,0,0,0,0,0,0,0,0,0,0,0,0,0,0,0,0,0,0.0,,,,,,,,,
227,The Water Lily Pond,0,0,0,0,0,0,0,0,0,0,0,0,0,0,0,0,0,0,0,0.0,,,,,,,,,
228,The Water Lily Pond,6,1,5,5,1,3,1,0,0,1,0,0,0,0,1,0,0,1,1,25.0,,,,,,,,,
231,The Water Lily Pond,7,3,3,5,2,7,4,1,1,1,1,1,1,1,1,0,0,1,0,100.0,,,,,,,,,
232,The Water Lily Pond,4,2,4,4,2,2,2,0,0,0,0,0,1,0,0,0,0,0,1,20.0,,,,,,,,,
233,The Water Lily Pond,8,2,5,5,2,1,1,0,0,1,0,0,1,0,0,0,0,1,0,170.0,,,,,,,,,
234,The Water Lily Pond,8,1,5,5,1,3,5,0,0,1,0,1,1,1,0,0,0,1,1,6000000.0,,,,,,,,,
235,The Water Lily Pond,8,2,4,4,1,0,1,0,0,1,1,1,1,0,0,0,0,1,1,30.0,,,,,,,,,
236,The Water Lily Pond,8,5,5,5,3,2,1,1,0,0,0,1,1,0,1,0,0,1,0,40.0,,,,,,,,,
237,The Water Lily Pond,6,2,4,5,1,3,4,0,0,1,0,0,1,0,0,0,0,0,1,15.0,,,,,,,,,
239,The Water Lily Pond,8,1,5,5,2,1,4,0,0,0,0,1,1,0,1,0,0,1,1,100.0,,,,,,,,,
241,The Water Lily Pond,9,1,5,5,1,3,3,0,1,0,1,1,1,1,1,0,0,0,1,100000.0,,,,,,,,,
245,The Water Lily Pond,6,2,4,5,2,4,3,0,1,1,1,1,1,1,0,0,0,1,1,90.0,,,,,,,,,
246,The Water Lily Pond,8,1,5,5,1,4,3,0,0,1,1,1,0,0,1,0,0,1,1,55.0,,,,,,,,,
247,The Water Lily Pond,4,2,4,4,2,3,1,0,0,1,0,1,1,1,1,0,0,1,0,15.0,,,,,,,,,
250,The Water Lily Pond,7,1,5,5,1,3,3,1,0,0,1,1,1,0,1,0,0,1,0,4000000.0,,,,,,,,,
254,The Water Lily Pond,0,0,0,0,0,0,0,0,0,0,0,0,0,0,0,0,0,0,0,0.0,,,,,,,,,
255,The Water Lily Pond,0,0,0,0,0,0,0,0,0,0,0,0,0,0,0,0,0,0,0,0.0,,,,,,,,,
256,The Water Lily Pond,0,0,0,0,0,0,0,0,0,0,0,0,0,0,0,0,0,0,0,0.0,,,,,,,,,
258,The Water Lily Pond,0,0,0,0,0,0,0,0,0,0,0,0,0,0,0,0,0,0,0,0.0,,,,,,,,,
259,The Water Lily Pond,0,0,0,0,0,0,0,0,0,0,0,0,0,0,0,0,0,0,0,0.0,,,,,,,,,
260,The Water Lily Pond,0,0,0,0,0,0,0,0,0,0,0,0,0,0,0,0,0,0,0,0.0,,,,,,,,,
261,The Water Lily Pond,0,0,0,0,0,0,0,0,0,0,0,0,0,0,0,0,0,0,0,0.0,,,,,,,,,
262,The Water Lily Pond,0,0,0,0,0,0,0,0,0,0,0,0,0,0,0,0,0,0,0,0.0,,,,,,,,,
263,The Water Lily Pond,7,2,4,5,1,3,2,0,1,0,0,1,0,0,0,0,0,1,0,30.0,,,,,,,,,
266,The Water Lily Pond,0,0,0,0,0,0,0,0,0,0,0,0,0,0,0,0,0,0,0,0.0,,,,,,,,,
269,The Water Lily Pond,0,0,0,0,0,0,0,0,0,0,0,0,0,0,0,0,0,0,0,0.0,,,,,,,,,
270,The Water Lily Pond,0,0,0,0,0,0,0,0,0,0,0,0,0,0,0,0,0,0,0,0.0,,,,,,,,,
271,The Water Lily Pond,5,1,5,4,1,3,1,0,0,1,0,1,1,1,1,0,0,1,0,200.0,,,,,,,,,
273,The Water Lily Pond,7,5,5,5,1,2,1,0,0,1,1,1,1,0,1,0,0,1,1,46.0,,,,,,,,,
275,The Water Lily Pond,10,1,5,5,1,1,1,1,1,1,1,1,1,1,1,0,0,0,1,200.0,,,,,,,,,
276,The Water Lily Pond,9,1,5,5,1,1,1,0,0,1,0,1,0,0,0,0,0,1,0,300.0,,,,,,,,,
277,The Water Lily Pond,7,2,5,5,1,2,1,0,1,0,0,1,1,0,0,0,0,1,0,200.0,,,,,,,,,
278,The Water Lily Pond,5,5,2,5,2,5,1,0,0,0,1,0,0,0,1,0,0,1,0,500.0,,,,,,,,,
279,The Water Lily Pond,8,5,5,5,2,7,3,0,0,0,1,0,1,0,0,0,0,1,1,70000000000.0,,,,,,,,,
281,The Water Lily Pond,1,5,1,1,5,10,1,1,0,0,0,0,0,0,1,0,0,1,0,5.0,,,,,,,,,
282,The Water Lily Pond,6,1,5,5,1,2,2,1,1,1,1,1,1,0,1,0,0,1,1,20.0,,,,,,,,,
283,The Water Lily Pond,6,5,3,4,2,2,1,0,1,0,0,0,1,0,0,0,0,1,0,1000.0,,,,,,,,,
285,The Water Lily Pond,3,1,4,4,2,1,2,0,0,1,0,1,1,0,1,0,0,1,1,500.0,,,,,,,,,
286,The Water Lily Pond,8,4,5,5,2,5,5,0,1,1,0,0,1,0,1,0,0,1,1,65.0,,,,,,,,,
287,The Water Lily Pond,9,1,5,3,2,4,2,0,1,1,1,1,1,0,1,0,0,1,1,20.0,,,,,,,,,
288,The Water Lily Pond,8,1,3,5,3,3,2,1,0,0,0,1,0,0,0,0,0,1,0,3.0,,,,,,,,,
289,The Water Lily Pond,10,1,5,5,2,6,8,0,0,1,0,1,0,0,0,0,0,1,0,600000.0,,,,,,,,,
290,The Water Lily Pond,8,2,4,5,1,2,2,1,0,1,0,1,1,1,0,0,0,0,1,10000.0,,,,,,,,,
292,The Water Lily Pond,8,1,5,5,1,2,4,0,0,1,0,1,1,0,0,0,0,1,0,70.0,,,,,,,,,
293,The Water Lily Pond,8,1,5,5,1,3,1,1,0,0,0,1,1,0,0,0,0,1,1,100.0,,,,,,,,,
295,The Water Lily Pond,4,2,4,4,2,2,1,1,0,0,0,1,1,1,1,0,0,1,1,15.0,,,,,,,,,
296,The Water Lily Pond,6,1,4,4,2,5,4,1,1,1,1,1,1,1,1,0,0,1,1,100.0,,,,,,,,,
297,The Water Lily Pond,8,1,4,5,1,1,1,1,0,1,0,1,1,0,1,0,0,1,0,200.0,,,,,,,,,
298,The Water Lily Pond,7,1,4,4,1,3,4,1,1,1,0,1,1,1,1,0,0,0,1,0.0,,,,,,,,,
302,The Water Lily Pond,7,1,4,5,1,2,2,0,0,1,0,0,0,0,1,0,0,1,0,5000000.0,,,,,,,,,
304,The Water Lily Pond,8,1,4,4,2,3,2,0,0,1,0,1,0,0,1,0,0,1,1,800.0,,,,,,,,,
306,The Water Lily Pond,2,4,5,5,1,2,1,0,0,0,0,0,0,0,1,0,0,1,0,100.0,,,,,,,,,
307,The Water Lily Pond,8,5,5,5,5,5,4,0,0,0,0,0,1,0,0,0,0,1,0,55.0,,,,,,,,,
308,The Water Lily Pond,7,2,0,4,1,5,1,0,0,1,0,0,1,0,0,0,0,0,1,20000.0,,,,,,,,,
310,The Water Lily Pond,3,2,2,3,2,2,1,1,0,0,0,0,0,0,1,0,0,1,1,10.0,,,,,,,,,
311,The Water Lily Pond,3,1,5,5,1,1,1,1,0,0,0,1,0,0,0,0,0,1,1,5000.0,,,,,,,,,
312,The Water Lily Pond,3,2,5,4,1,4,1,0,0,1,0,0,0,0,1,0,0,1,1,6000.0,,,,,,,,,
314,The Water Lily Pond,6,1,4,5,1,4,2,1,0,0,0,0,1,0,0,0,0,1,1,500.0,,,,,,,,,
316,The Water Lily Pond,7,4,4,4,2,2,3,1,1,1,1,1,1,1,1,1,0,1,1,1500.0,,,,,,,,,
317,The Water Lily Pond,9,1,5,5,1,8,2,0,0,0,0,0,0,0,0,0,0,1,0,10.0,,,,,,,,,
318,The Water Lily Pond,7,3,5,4,1,3,3,0,0,0,0,1,0,0,0,0,0,1,0,20.0,,,,,,,,,
319,The Water Lily Pond,7,1,4,5,1,2,1,0,0,1,0,0,1,0,0,0,0,1,1,200.0,,,,,,,,,
321,The Water Lily Pond,5,1,5,4,2,4,3,0,0,1,1,1,1,1,0,0,0,1,0,100.0,,,,,,,,,
323,The Water Lily Pond,10,1,5,5,1,3,3,1,0,0,0,0,1,1,0,0,0,1,0,200.0,,,,,,,,,
326,The Water Lily Pond,5,4,4,4,4,4,3,0,0,0,0,1,1,0,1,1,0,0,0,1000.0,,,,,,,,,
327,The Water Lily Pond,2,1,5,5,1,1,3,0,0,1,1,1,1,0,1,0,0,1,1,60.0,,,,,,,,,
328,The Water Lily Pond,8,4,4,4,2,3,1,0,0,0,0,1,1,0,0,0,0,1,0,15.0,,,,,,,,,
329,The Water Lily Pond,5,1,4,4,1,4,1,0,1,0,0,1,0,0,0,0,0,1,0,15000.0,,,,,,,,,
332,The Water Lily Pond,1,2,3,3,2,1,2,0,0,1,0,1,0,0,0,0,0,0,1,10.0,,,,,,,,,
333,The Water Lily Pond,4,1,5,5,1,4,4,1,1,1,0,1,1,1,1,0,0,1,1,100.0,,,,,,,,,
334,The Water Lily Pond,1,1,1,4,1,1,1,1,0,1,1,1,1,0,1,0,0,1,0,30.0,,,,,,,,,
335,The Water Lily Pond,8,1,4,4,1,3,2,1,0,0,0,1,0,0,0,0,0,0,1,0.0,,,,,,,,,
336,The Water Lily Pond,9,5,5,5,1,3,3,0,0,1,1,1,1,1,0,0,0,1,0,300.0,,,,,,,,,
338,The Water Lily Pond,7,1,4,3,2,3,3,0,0,1,1,1,1,0,0,1,0,1,0,50.0,,,,,,,,,
341,The Water Lily Pond,7,1,5,5,1,1,3,0,1,1,1,1,1,0,1,0,0,1,0,30000.0,,,,,,,,,
342,The Water Lily Pond,6,2,5,5,1,4,4,0,0,0,0,0,0,0,1,0,0,1,0,150.0,,,,,,,,,
343,The Water Lily Pond,2,2,4,4,1,2,1,0,0,0,1,0,1,0,0,0,0,1,0,30.0,,,,,,,,,
344,The Water Lily Pond,3,4,4,4,2,1,1,0,1,0,0,0,0,0,1,0,0,0,1,30.0,,,,,,,,,
345,The Water Lily Pond,8,2,4,5,1,1,3,0,0,1,0,0,1,0,0,0,0,1,1,20.0,,,,,,,,,
347,The Water Lily Pond,3,2,4,5,1,2,2,0,0,0,1,0,1,0,0,0,0,1,1,300.0,,,,,,,,,
348,The Water Lily Pond,8,2,5,4,2,2,3,1,1,1,1,1,1,1,1,0,0,1,1,15.0,,,,,,,,,
349,The Water Lily Pond,7,1,4,4,2,2,2,0,0,1,0,0,1,1,0,0,0,1,1,3000000.0,,,,,,,,,
350,The Water Lily Pond,5,4,4,5,1,1,1,0,0,0,1,1,1,0,0,0,0,1,0,5.0,,,,,,,,,
351,The Water Lily Pond,7,4,5,5,1,8,3,0,0,1,0,1,1,1,0,0,0,1,1,10.0,,,,,,,,,
352,The Water Lily Pond,9,2,4,5,1,4,3,0,0,0,0,0,1,0,0,0,0,0,1,50.0,,,,,,,,,
353,The Water Lily Pond,6,1,5,5,1,8,5,0,0,0,0,0,1,0,0,0,0,1,0,900.0,,,,,,,,,
354,The Water Lily Pond,2,1,4,3,2,1,1,0,0,1,0,1,1,1,0,0,0,1,1,30.0,,,,,,,,,
355,The Water Lily Pond,9,3,4,4,3,2,3,1,0,0,0,1,0,1,0,0,0,0,1,70.0,,,,,,,,,
357,The Water Lily Pond,7,5,5,5,1,3,1,1,0,1,1,1,1,1,1,0,0,1,1,150.0,,,,,,,,,
358,The Water Lily Pond,7,1,5,5,1,2,3,0,0,0,0,1,1,0,0,0,0,1,1,70.0,,,,,,,,,
359,The Water Lily Pond,8,1,5,5,1,3,1,1,0,0,0,0,0,0,1,0,0,0,1,5.0,,,,,,,,,
361,The Water Lily Pond,8,2,4,4,2,2,2,0,0,1,1,1,1,1,0,0,0,1,1,50.0,,,,,,,,,
362,The Water Lily Pond,4,2,5,5,1,3,1,0,0,0,1,1,1,0,0,0,0,1,1,300.0,,,,,,,,,
363,The Water Lily Pond,3,1,2,3,1,3,2,1,0,0,0,0,0,0,0,0,0,1,0,40.0,,,,,,,,,
364,The Water Lily Pond,5,4,5,4,1,1,1,1,1,1,1,1,1,0,0,0,0,0,1,800.0,,,,,,,,,
365,The Water Lily Pond,8,2,4,4,3,3,3,0,0,1,0,1,0,0,0,0,0,1,0,1000.0,,,,,,,,,
366,The Water Lily Pond,4,1,5,5,1,2,2,1,1,1,1,1,1,1,1,0,0,1,1,30.0,,,,,,,,,
367,The Water Lily Pond,3,1,5,5,1,3,2,0,0,0,1,1,1,1,1,0,0,1,0,2000000.0,,,,,,,,,
368,The Water Lily Pond,3,1,5,5,1,1,3,1,0,0,1,0,1,0,0,0,0,1,0,40.0,,,,,,,,,
369,The Water Lily Pond,2,4,5,4,1,2,1,0,1,1,1,1,1,0,1,0,0,1,1,100.0,,,,,,,,,
370,The Water Lily Pond,2,1,4,5,1,2,3,1,1,1,1,0,1,1,1,1,0,1,1,150.0,,,,,,,,,
371,The Water Lily Pond,8,3,4,5,2,6,6,0,1,1,1,1,1,1,1,0,0,0,1,1000.0,,,,,,,,,
372,The Water Lily Pond,7,1,5,5,1,3,1,0,1,1,1,1,1,0,1,0,0,1,0,100.0,,,,,,,,,
374,The Water Lily Pond,6,2,4,2,1,3,1,1,0,0,0,0,1,0,0,0,0,0,1,40.0,,,,,,,,,
376,The Water Lily Pond,6,3,4,5,1,12,4,0,0,0,0,0,1,0,0,1,0,1,1,40.0,,,,,,,,,
377,The Water Lily Pond,10,1,5,5,1,5,1,0,0,1,0,1,1,0,0,0,0,1,1,100.0,,,,,,,,,
379,The Water Lily Pond,8,1,5,4,1,6,4,0,0,0,1,1,1,1,1,0,0,0,1,60.0,,,,,,,,,
380,The Water Lily Pond,4,1,4,4,1,2,2,1,0,0,0,0,0,0,0,0,0,1,0,500000.0,,,,,,,,,
381,The Water Lily Pond,10,1,5,5,1,2,3,1,1,1,1,1,1,1,1,0,0,1,1,225.0,,,,,,,,,
382,The Water Lily Pond,5,2,4,4,2,2,2,0,0,1,1,1,1,0,0,0,0,1,1,300.0,,,,,,,,,
383,The Water Lily Pond,7,1,5,5,1,1,2,0,1,1,0,1,1,0,0,0,0,1,1,50.0,,,,,,,,,
384,The Water Lily Pond,5,2,4,5,1,2,2,1,0,0,0,1,1,0,0,0,0,1,0,200.0,,,,,,,,,
385,The Water Lily Pond,10,1,5,5,1,2,2,0,1,1,1,1,1,1,1,0,0,1,1,100000.0,,,,,,,,,
386,The Water Lily Pond,7,1,5,4,2,1,1,0,1,1,0,1,1,0,0,0,0,1,0,500000.0,,,,,,,,,
388,The Water Lily Pond,9,2,4,5,1,2,3,0,0,1,1,0,1,0,1,0,0,0,1,25.0,,,,,,,,,
389,The Water Lily Pond,8,1,5,4,1,2,2,0,0,1,1,1,1,1,1,0,0,1,0,500.0,,,,,,,,,
390,The Water Lily Pond,9,1,4,4,2,2,3,1,1,1,0,1,1,0,1,0,0,0,1,400.0,,,,,,,,,
391,The Water Lily Pond,8,1,5,5,1,3,2,0,1,1,0,0,0,0,1,0,0,1,0,10000.0,,,,,,,,,
392,The Water Lily Pond,3,1,5,5,1,2,2,0,0,1,0,1,1,1,1,0,0,1,1,10000000.0,,,,,,,,,
395,The Water Lily Pond,6,1,4,4,1,3,2,0,0,1,1,1,1,0,1,0,0,1,0,90.0,,,,,,,,,
397,The Water Lily Pond,1,1,5,5,1,2,4,0,0,1,0,0,1,0,1,0,0,1,0,350.0,,,,,,,,,
398,The Water Lily Pond,7,1,3,4,4,2,1,1,0,1,0,1,1,1,0,0,0,1,1,0.0,,,,,,,,,
399,The Water Lily Pond,3,1,2,1,2,2,3,0,1,1,1,1,0,1,0,0,0,1,0,2000.0,,,,,,,,,
400,The Water Lily Pond,7,1,1,4,1,2,1,1,0,0,0,0,0,0,1,0,0,0,1,299.0,,,,,,,,,
401,The Water Lily Pond,7,5,4,5,2,2,2,1,1,1,1,1,1,0,0,0,0,1,1,350.0,,,,,,,,,
402,The Water Lily Pond,7,1,5,2,1,2,1,0,0,1,0,0,1,0,0,0,0,0,1,350.0,,,,,,,,,
403,The Water Lily Pond,7,2,5,5,2,4,3,0,1,1,1,1,1,1,1,0,0,1,0,3000.0,,,,,,,,,
404,The Water Lily Pond,4,2,5,5,1,2,2,1,0,1,1,1,1,1,1,0,0,1,1,0.0,,,,,,,,,
406,The Water Lily Pond,6,1,5,4,1,1,2,0,0,1,1,0,1,0,0,0,0,1,1,10000000.0,,,,,,,,,
407,The Water Lily Pond,4,2,4,5,1,4,4,1,0,1,0,1,1,0,1,0,0,1,0,500.0,,,,,,,,,
408,The Water Lily Pond,10,2,5,5,1,8,3,0,1,1,1,1,1,1,1,0,0,1,1,150.0,,,,,,,,,
409,The Water Lily Pond,3,1,5,5,1,1,1,0,0,1,0,1,1,1,1,0,0,1,0,10000.0,,,,,,,,,
411,The Water Lily Pond,10,2,5,5,1,3,3,0,1,1,1,1,1,1,1,0,0,1,1,100.0,,,,,,,,,
413,The Water Lily Pond,9,1,5,5,1,4,1,0,0,1,0,0,1,0,1,0,0,0,1,50.0,,,,,,,,,
414,The Water Lily Pond,4,1,4,5,1,3,2,0,0,1,0,0,1,0,0,0,0,1,0,20.0,,,,,,,,,
416,The Water Lily Pond,10,1,5,5,1,3,4,0,1,1,1,1,1,1,1,0,0,1,0,100.0,,,,,,,,,
417,The Water Lily Pond,6,1,4,4,1,2,2,0,1,1,0,0,1,0,1,0,0,1,1,25.0,,,,,,,,,
418,The Water Lily Pond,4,1,3,2,1,2,1,0,0,1,0,0,0,0,0,0,0,1,0,5.0,,,,,,,,,
419,The Water Lily Pond,1,3,1,5,1,2,1,0,1,0,0,0,0,0,1,0,0,1,0,5.0,,,,,,,,,
420,The Water Lily Pond,8,1,4,5,1,3,3,0,1,0,0,0,0,0,1,0,0,0,1,200000.0,,,,,,,,,
421,The Water Lily Pond,8,1,5,5,2,1,3,0,0,1,0,1,1,1,1,0,0,1,1,25000.0,,,,,,,,,
425,The Water Lily Pond,3,1,4,5,1,2,1,1,0,0,0,0,0,0,1,0,0,1,0,50.0,,,,,,,,,
428,The Water Lily Pond,9,1,5,5,1,4,2,0,1,1,1,0,0,0,1,0,0,0,1,1000.0,,,,,,,,,
429,The Water Lily Pond,4,4,5,5,1,3,1,0,1,1,0,1,0,0,1,0,0,1,1,10000.0,,,,,,,,,
431,The Water Lily Pond,5,1,5,5,1,4,2,0,0,0,0,0,1,0,0,0,0,1,1,65.0,,,,,,,,,
433,The Water Lily Pond,4,2,4,3,2,3,3,0,0,1,1,1,1,1,1,0,0,0,1,1.0,,,,,,,,,
434,The Water Lily Pond,7,2,5,5,1,3,2,0,0,0,0,1,1,1,1,0,0,1,1,70.0,,,,,,,,,
435,The Water Lily Pond,7,1,4,4,2,2,2,0,0,1,0,1,1,1,0,0,0,1,1,100.0,,,,,,,,,
436,The Water Lily Pond,6,1,4,4,1,3,4,0,0,1,0,0,0,0,1,0,0,1,1,500.0,,,,,,,,,
437,The Water Lily Pond,10,2,5,5,1,5,3,1,0,0,0,0,0,0,1,0,0,0,1,10000000.0,,,,,,,,,
438,The Water Lily Pond,10,1,5,5,2,5,5,1,1,1,1,1,1,1,1,0,0,1,1,20000000.0,,,,,,,,,
439,The Water Lily Pond,4,1,3,5,1,3,2,1,0,0,0,1,1,0,0,0,0,1,1,50000.0,,,,,,,,,
440,The Water Lily Pond,7,1,5,5,1,2,1,1,0,1,1,1,1,0,0,0,0,1,1,1000.0,,,,,,,,,
443,The Water Lily Pond,5,1,5,4,1,3,3,0,0,0,1,0,1,0,0,0,0,1,0,500.0,,,,,,,,,
445,The Water Lily Pond,9,1,4,4,1,3,2,1,0,1,1,0,1,0,0,0,0,1,1,55000.0,,,,,,,,,
446,The Water Lily Pond,4,2,3,4,1,5,2,0,0,1,0,0,0,0,1,0,0,1,0,50.0,,,,,,,,,
447,The Water Lily Pond,8,3,4,4,2,4,4,0,1,0,1,1,1,1,1,0,0,1,1,150.0,,,,,,,,,
448,The Water Lily Pond,5,1,4,5,1,4,4,1,0,0,0,1,1,0,0,0,0,1,1,50000.0,,,,,,,,,
449,The Water Lily Pond,1,2,3,3,1,3,3,1,0,0,0,0,0,0,0,0,0,1,0,1.0,,,,,,,,,
450,The Water Lily Pond,5,1,4,5,1,4,1,1,0,1,0,1,1,1,0,0,0,1,1,300.0,,,,,,,,,
451,The Water Lily Pond,3,4,4,4,2,3,1,1,0,0,0,0,0,0,1,0,0,1,0,750.0,,,,,,,,,
452,The Water Lily Pond,6,4,4,4,1,1,2,0,0,0,0,0,0,0,1,0,0,0,1,100.0,,,,,,,,,
453,The Water Lily Pond,8,1,5,5,1,2,3,0,0,1,0,1,1,0,1,0,0,1,1,50.0,,,,,,,,,
455,The Water Lily Pond,4,2,4,4,2,2,1,0,0,0,1,0,1,0,1,0,0,1,1,50.0,,,,,,,,,
456,The Water Lily Pond,2,1,4,3,2,2,2,1,0,0,0,0,1,0,1,1,0,1,0,20.0,,,,,,,,,
458,The Water Lily Pond,9,1,5,5,2,2,1,0,0,1,0,0,1,0,0,0,0,1,0,10.0,,,,,,,,,
459,The Water Lily Pond,10,4,4,2,4,1,3,1,0,1,0,0,1,1,0,0,0,1,0,5.0,,,,,,,,,
460,The Water Lily Pond,8,1,4,5,1,3,3,0,1,1,1,1,1,1,1,0,0,1,1,500.0,,,,,,,,,
461,The Water Lily Pond,9,2,4,5,1,2,3,0,0,1,0,1,1,0,1,0,0,1,1,200.0,,,,,,,,,
466,The Water Lily Pond,9,1,5,4,3,1,2,0,0,1,0,1,0,0,0,0,0,1,0,30.0,,,,,,,,,
467,The Water Lily Pond,5,1,4,4,1,3,3,0,0,0,0,1,0,0,0,0,0,1,0,75.0,,,,,,,,,
469,The Water Lily Pond,8,1,5,2,1,1,2,0,0,1,0,1,1,0,0,0,0,1,0,400.0,,,,,,,,,
471,The Water Lily Pond,7,1,4,5,3,2,1,1,1,1,1,1,1,1,1,0,0,1,1,30.0,,,,,,,,,
474,The Water Lily Pond,1,1,3,5,1,4,5,1,0,1,1,0,1,0,0,0,0,0,1,50.0,,,,,,,,,
475,The Water Lily Pond,5,3,3,3,3,6,5,0,0,1,1,0,0,0,1,0,0,1,0,0.0,,,,,,,,,
476,The Water Lily Pond,4,5,5,5,1,6,3,0,1,1,1,1,1,0,1,0,0,1,1,100.0,,,,,,,,,
478,The Water Lily Pond,8,1,5,4,1,3,2,0,0,1,0,1,1,0,0,0,0,1,0,450.0,,,,,,,,,
480,The Water Lily Pond,5,2,4,4,2,1,2,0,0,0,1,0,1,0,1,0,0,1,0,0.0,,,,,,,,,
481,The Water Lily Pond,9,1,5,5,1,1,1,0,0,0,0,1,1,0,1,0,0,1,0,2000.0,,,,,,,,,
482,The Water Lily Pond,5,1,4,5,1,2,4,0,1,0,0,1,1,0,0,0,0,1,0,275.0,,,,,,,,,
483,The Water Lily Pond,8,1,5,5,1,1,1,1,1,1,1,1,1,1,1,0,0,1,1,90.0,,,,,,,,,
484,The Water Lily Pond,4,3,4,5,1,2,1,0,1,0,1,0,0,0,1,0,0,1,1,300.0,,,,,,,,,
487,The Water Lily Pond,8,1,5,5,1,5,4,1,0,0,0,1,0,0,0,0,0,1,0,1000.0,,,,,,,,,
488,The Water Lily Pond,9,1,5,5,1,4,3,0,1,1,0,1,1,0,1,0,0,1,1,500.0,,,,,,,,,
491,The Water Lily Pond,5,2,5,5,1,4,4,0,1,1,0,1,1,0,1,0,0,1,1,20.0,,,,,,,,,
492,The Water Lily Pond,9,1,5,5,2,2,1,1,1,0,1,1,1,0,0,0,0,1,1,2000000.0,,,,,,,,,
493,The Water Lily Pond,2,2,3,2,3,1,1,0,1,1,0,1,0,1,1,0,0,1,1,0.0,,,,,,,,,
495,The Water Lily Pond,4,2,4,5,2,2,3,0,0,1,0,0,1,0,0,0,0,1,0,3000.0,,,,,,,,,
496,The Water Lily Pond,7,2,4,4,2,1,1,0,0,0,1,0,1,0,0,0,0,1,0,30.0,,,,,,,,,
497,The Water Lily Pond,9,1,5,5,1,5,4,0,1,1,1,0,1,0,1,0,0,1,0,10000000.0,,,,,,,,,
499,The Water Lily Pond,4,3,4,5,2,15,1,1,1,1,1,1,1,1,1,1,1,1,1,1.0,,,,,,,,,
500,The Water Lily Pond,4,3,2,4,2,3,7,0,1,0,0,0,0,1,0,1,0,0,0,1.0,,,,,,,,,
501,The Water Lily Pond,6,2,5,5,2,1,1,0,0,0,0,0,0,0,1,0,0,0,1,1000000.0,,,,,,,,,
502,The Water Lily Pond,5,4,2,2,4,3,4,0,0,1,0,1,1,1,1,0,0,1,0,70.0,,,,,,,,,
503,The Water Lily Pond,7,3,3,3,4,3,6,0,1,0,0,0,0,0,1,0,0,1,1,20.0,,,,,,,,,
505,The Water Lily Pond,7,1,5,5,1,1,1,0,0,1,1,0,1,0,0,0,0,1,0,100.0,,,,,,,,,
506,The Water Lily Pond,5,2,4,4,2,2,1,1,0,1,0,1,1,1,0,0,0,1,0,100.0,,,,,,,,,
508,The Water Lily Pond,8,1,5,5,1,7,3,1,0,0,1,1,1,0,1,0,0,0,1,400.0,,,,,,,,,
509,The Water Lily Pond,8,5,4,5,1,3,6,1,0,1,1,1,1,0,0,0,0,1,1,50.0,,,,,,,,,
510,The Water Lily Pond,9,1,5,5,1,5,4,0,0,1,1,1,1,1,1,0,0,1,1,150.0,,,,,,,,,
511,The Water Lily Pond,6,2,4,4,2,2,2,0,0,0,0,0,1,0,0,0,0,1,0,350000000.0,,,,,,,,,
512,The Water Lily Pond,6,1,4,5,1,2,2,0,0,1,0,0,0,0,1,0,0,0,1,50.0,,,,,,,,,
513,The Water Lily Pond,4,2,3,4,1,1,2,0,0,0,0,0,0,0,1,0,0,0,1,100.0,,,,,,,,,
516,The Water Lily Pond,8,1,5,5,1,5,10,0,0,1,1,1,1,0,1,0,0,1,0,50.0,,,,,,,,,
518,The Water Lily Pond,7,1,4,5,2,4,6,1,0,0,0,0,0,0,0,0,0,0,1,40.0,,,,,,,,,
519,The Water Lily Pond,5,3,4,4,1,4,1,0,0,0,1,1,1,0,1,0,0,1,1,500.0,,,,,,,,,
521,The Water Lily Pond,9,1,5,5,2,6,3,0,0,1,1,1,1,0,0,0,0,1,0,25.0,,,,,,,,,
523,The Water Lily Pond,4,3,4,4,1,1,2,0,0,0,1,0,0,0,1,0,0,0,1,5.0,,,,,,,,,
524,The Water Lily Pond,5,1,5,5,1,1,1,0,1,1,1,1,1,0,1,0,0,1,1,100.0,,,,,,,,,
525,The Water Lily Pond,10,4,4,5,1,3,1,1,0,1,0,1,1,1,1,0,0,1,1,200.0,,,,,,,,,
527,The Water Lily Pond,7,1,5,2,1,3,1,0,0,1,1,1,1,0,0,0,0,1,1,150.0,,,,,,,,,
528,The Water Lily Pond,8,1,5,4,1,1,1,0,0,1,0,1,0,0,0,0,0,1,0,2000.0,,,,,,,,,
530,The Water Lily Pond,6,1,5,4,1,3,3,0,0,1,1,1,1,0,0,1,0,1,1,400.0,,,,,,,,,
531,The Water Lily Pond,10,1,5,5,1,7,6,1,0,1,1,1,0,1,1,0,0,1,1,100.0,,,,,,,,,
532,The Water Lily Pond,7,1,4,4,2,3,1,0,0,1,0,1,1,0,1,0,0,1,1,500.0,,,,,,,,,
533,The Water Lily Pond,4,1,4,5,1,1,1,1,0,0,0,0,1,0,0,0,0,1,0,200.0,,,,,,,,,
534,The Water Lily Pond,6,1,5,5,1,1,3,0,0,1,0,0,1,0,0,0,0,1,0,5.0,,,,,,,,,
535,The Water Lily Pond,9,1,5,5,1,1,3,1,1,1,1,1,1,1,0,0,0,1,0,200.0,,,,,,,,,
536,The Water Lily Pond,10,5,5,5,1,1,1,0,0,1,0,0,0,0,1,0,0,1,0,30.0,,,,,,,,,
538,The Water Lily Pond,6,2,4,4,2,3,5,0,0,1,1,1,1,1,1,0,0,0,1,200.0,,,,,,,,,
539,The Water Lily Pond,5,4,4,4,2,10,3,0,0,1,1,1,0,1,0,0,0,0,1,350.0,,,,,,,,,
540,The Water Lily Pond,6,1,5,5,2,2,1,1,0,0,0,1,1,1,1,0,0,1,1,400.0,,,,,,,,,
541,The Water Lily Pond,5,1,5,5,1,3,2,0,0,0,0,1,0,0,0,0,0,1,0,50000000.0,,,,,,,,,
542,The Water Lily Pond,6,2,4,4,2,1,3,0,0,1,0,1,1,0,1,0,0,1,1,60.0,,,,,,,,,
543,The Water Lily Pond,8,4,5,4,1,5,4,0,0,1,1,1,1,1,0,0,0,1,1,50.0,,,,,,,,,
545,The Water Lily Pond,5,1,5,5,1,1,3,0,0,1,0,0,0,0,1,0,0,1,1,100.0,,,,,,,,,
546,The Water Lily Pond,8,1,4,5,1,2,2,0,0,1,1,1,1,0,1,0,0,1,0,900.0,,,,,,,,,
547,The Water Lily Pond,2,1,4,5,1,1,2,0,1,0,0,0,0,0,1,0,0,1,0,10.0,,,,,,,,,
548,The Water Lily Pond,6,1,4,4,1,2,2,0,1,1,0,1,1,0,0,0,0,1,1,14.99,,,,,,,,,
549,The Water Lily Pond,7,4,5,4,2,1,1,0,1,1,1,1,1,1,1,0,0,1,1,20.0,,,,,,,,,
550,The Water Lily Pond,2,2,4,4,2,3,2,1,0,0,0,0,0,0,0,0,0,1,0,67.0,,,,,,,,,
551,The Water Lily Pond,9,2,5,5,1,2,1,0,1,1,1,0,0,1,1,0,0,1,0,0.0,,,,,,,,,
554,The Water Lily Pond,5,1,5,5,1,3,2,1,0,1,0,1,1,0,1,0,0,1,1,100.0,,,,,,,,,
555,The Water Lily Pond,5,4,2,5,2,1,1,1,0,0,0,0,0,1,0,0,0,1,0,150.0,,,,,,,,,
556,The Water Lily Pond,6,1,5,4,1,1,1,0,0,1,1,0,1,0,1,0,0,1,1,25.0,,,,,,,,,
557,The Water Lily Pond,7,2,5,5,1,2,1,0,0,1,0,1,0,0,0,0,0,1,0,500.0,,,,,,,,,
558,The Water Lily Pond,5,2,4,4,2,2,1,0,1,1,1,1,1,1,1,0,0,1,0,35.0,,,,,,,,,
559,The Water Lily Pond,9,2,5,5,1,3,3,0,1,1,0,1,0,0,0,0,0,1,1,200.0,,,,,,,,,
561,The Water Lily Pond,5,2,2,4,1,4,1,1,1,0,0,1,1,1,1,0,0,1,0,10.0,,,,,,,,,
